location, category (type/method/field), original, annotated
'file:/Users/you/src/your-project/reference/graalvm-25e1-ea/Contents/Home/lib/svm/builder/svm-enterprise.jar',method,java.util.ArrayList#<init>,com.oracle.svm.enterprise.core.jdk.Target_java_util_ArrayList#<init>
'file:/Users/you/src/your-project/reference/graalvm-25e1-ea/Contents/Home/lib/svm/builder/svm-foreign.jar',type,jdk.internal.foreign.abi.NativeEntryPoint,com.oracle.svm.core.foreign.Target_jdk_internal_foreign_abi_NativeEntryPoint
'file:/Users/you/src/your-project/reference/graalvm-25e1-ea/Contents/Home/lib/svm/builder/svm-foreign.jar',method,jdk.internal.foreign.abi.NativeEntryPoint#make,com.oracle.svm.core.foreign.Target_jdk_internal_foreign_abi_NativeEntryPoint#make
'file:/Users/you/src/your-project/reference/graalvm-25e1-ea/Contents/Home/lib/svm/builder/svm-foreign.jar',method,jdk.internal.foreign.abi.NativeEntryPoint#type,com.oracle.svm.core.foreign.Target_jdk_internal_foreign_abi_NativeEntryPoint#type
'file:/Users/you/src/your-project/reference/graalvm-25e1-ea/Contents/Home/lib/svm/builder/svm-foreign.jar',method,jdk.internal.misc.ScopedMemoryAccess#closeScope0,com.oracle.svm.core.foreign.Target_jdk_internal_misc_ScopedMemoryAccess#closeScope0Unsupported
'file:/Users/you/src/your-project/reference/graalvm-25e1-ea/Contents/Home/lib/svm/builder/svm-foreign.jar',method,jdk.internal.misc.ScopedMemoryAccess#registerNatives,com.oracle.svm.core.foreign.Target_jdk_internal_misc_ScopedMemoryAccess#registerNatives
'file:/Users/you/src/your-project/reference/graalvm-25e1-ea/Contents/Home/lib/svm/builder/svm.jar',type,java.lang.Class,com.oracle.svm.core.hub.DynamicHub
'file:/Users/you/src/your-project/reference/graalvm-25e1-ea/Contents/Home/lib/svm/builder/svm.jar',type,java.lang.ClassValue,com.oracle.svm.core.jdk.Target_java_lang_ClassValue
'file:/Users/you/src/your-project/reference/graalvm-25e1-ea/Contents/Home/lib/svm/builder/svm.jar',type,java.lang.Thread$ThreadIdentifiers,com.oracle.svm.core.thread.Target_java_lang_Thread_ThreadIdentifiers
'file:/Users/you/src/your-project/reference/graalvm-25e1-ea/Contents/Home/lib/svm/builder/svm.jar',type,java.lang.ref.Reference,com.oracle.svm.core.heap.Target_java_lang_ref_Reference
'file:/Users/you/src/your-project/reference/graalvm-25e1-ea/Contents/Home/lib/svm/builder/svm.jar',type,jdk.internal.loader.NativeLibraries,com.oracle.svm.core.jdk.Target_jdk_internal_loader_NativeLibraries
'file:/Users/you/src/your-project/reference/graalvm-25e1-ea/Contents/Home/lib/svm/builder/svm.jar',type,jdk.internal.reflect.ConstantPool,com.oracle.svm.core.reflect.target.Target_jdk_internal_reflect_ConstantPool
'file:/Users/you/src/your-project/reference/graalvm-25e1-ea/Contents/Home/lib/svm/builder/svm.jar',type,jdk.internal.util.StaticProperty,com.oracle.svm.core.jdk.Target_jdk_internal_util_StaticProperty
'file:/Users/you/src/your-project/reference/graalvm-25e1-ea/Contents/Home/lib/svm/builder/svm.jar',method,com.oracle.svm.core.hub.registry.SymbolsSupport#currentLayer,com.oracle.svm.core.hub.registry.Target_com_oracle_svm_core_hub_registry_SymbolsSupport#currentLayer
'file:/Users/you/src/your-project/reference/graalvm-25e1-ea/Contents/Home/lib/svm/builder/svm.jar',method,com.oracle.svm.espresso.classfile.descriptors.SymbolsImpl#getOrCreate,com.oracle.svm.core.hub.registry.Target_com_oracle_svm_espresso_classfile_descriptors_SymbolsImpl#getOrCreate
'file:/Users/you/src/your-project/reference/graalvm-25e1-ea/Contents/Home/lib/svm/builder/svm.jar',method,com.oracle.svm.espresso.classfile.descriptors.SymbolsImpl#lookup,com.oracle.svm.core.hub.registry.Target_com_oracle_svm_espresso_classfile_descriptors_SymbolsImpl#lookup
'file:/Users/you/src/your-project/reference/graalvm-25e1-ea/Contents/Home/lib/svm/builder/svm.jar',method,java.io.ObjectStreamClass#hasStaticInitializer,com.oracle.svm.core.jdk.Target_java_io_ObjectStreamClass#hasStaticInitializer
'file:/Users/you/src/your-project/reference/graalvm-25e1-ea/Contents/Home/lib/svm/builder/svm.jar',method,java.io.ObjectStreamClass#lookup,com.oracle.svm.core.jdk.Target_java_io_ObjectStreamClass#lookup
'file:/Users/you/src/your-project/reference/graalvm-25e1-ea/Contents/Home/lib/svm/builder/svm.jar',method,java.lang.Class#arrayType,com.oracle.svm.core.hub.DynamicHub#arrayType
'file:/Users/you/src/your-project/reference/graalvm-25e1-ea/Contents/Home/lib/svm/builder/svm.jar',method,java.lang.Class#cast,com.oracle.svm.core.hub.DynamicHub#cast
'file:/Users/you/src/your-project/reference/graalvm-25e1-ea/Contents/Home/lib/svm/builder/svm.jar',method,java.lang.Class#componentType,com.oracle.svm.core.hub.DynamicHub#componentType
'file:/Users/you/src/your-project/reference/graalvm-25e1-ea/Contents/Home/lib/svm/builder/svm.jar',method,java.lang.Class#copyConstructors,com.oracle.svm.core.hub.DynamicHub#copyConstructors
'file:/Users/you/src/your-project/reference/graalvm-25e1-ea/Contents/Home/lib/svm/builder/svm.jar',method,java.lang.Class#copyFields,com.oracle.svm.core.hub.DynamicHub#copyFields
'file:/Users/you/src/your-project/reference/graalvm-25e1-ea/Contents/Home/lib/svm/builder/svm.jar',method,java.lang.Class#copyMethods,com.oracle.svm.core.hub.DynamicHub#copyMethods
'file:/Users/you/src/your-project/reference/graalvm-25e1-ea/Contents/Home/lib/svm/builder/svm.jar',method,java.lang.Class#desiredAssertionStatus,com.oracle.svm.core.hub.DynamicHub#desiredAssertionStatus
'file:/Users/you/src/your-project/reference/graalvm-25e1-ea/Contents/Home/lib/svm/builder/svm.jar',method,java.lang.Class#forName0,com.oracle.svm.core.hub.DynamicHub#forName0
'file:/Users/you/src/your-project/reference/graalvm-25e1-ea/Contents/Home/lib/svm/builder/svm.jar',method,java.lang.Class#getAnnotationsByType,com.oracle.svm.core.hub.DynamicHub#getAnnotationsByType
'file:/Users/you/src/your-project/reference/graalvm-25e1-ea/Contents/Home/lib/svm/builder/svm.jar',method,java.lang.Class#getClassData,com.oracle.svm.core.hub.DynamicHub#getClassData
'file:/Users/you/src/your-project/reference/graalvm-25e1-ea/Contents/Home/lib/svm/builder/svm.jar',method,java.lang.Class#getClassLoader,com.oracle.svm.core.hub.DynamicHub#getClassLoader
'file:/Users/you/src/your-project/reference/graalvm-25e1-ea/Contents/Home/lib/svm/builder/svm.jar',method,java.lang.Class#getClasses,com.oracle.svm.core.hub.DynamicHub#getClasses
'file:/Users/you/src/your-project/reference/graalvm-25e1-ea/Contents/Home/lib/svm/builder/svm.jar',method,java.lang.Class#getComponentType,com.oracle.svm.core.hub.DynamicHub#getComponentType
'file:/Users/you/src/your-project/reference/graalvm-25e1-ea/Contents/Home/lib/svm/builder/svm.jar',method,java.lang.Class#getConstantPool,com.oracle.svm.core.hub.DynamicHub#getConstantPool
'file:/Users/you/src/your-project/reference/graalvm-25e1-ea/Contents/Home/lib/svm/builder/svm.jar',method,java.lang.Class#getConstructor0,com.oracle.svm.core.hub.DynamicHub#getConstructor0
'file:/Users/you/src/your-project/reference/graalvm-25e1-ea/Contents/Home/lib/svm/builder/svm.jar',method,java.lang.Class#getConstructors,com.oracle.svm.core.hub.DynamicHub#getConstructors
'file:/Users/you/src/your-project/reference/graalvm-25e1-ea/Contents/Home/lib/svm/builder/svm.jar',method,java.lang.Class#getDeclaredClasses,com.oracle.svm.core.hub.DynamicHub#getDeclaredClasses
'file:/Users/you/src/your-project/reference/graalvm-25e1-ea/Contents/Home/lib/svm/builder/svm.jar',method,java.lang.Class#getDeclaredClasses0,com.oracle.svm.core.hub.DynamicHub#getDeclaredClasses0
'file:/Users/you/src/your-project/reference/graalvm-25e1-ea/Contents/Home/lib/svm/builder/svm.jar',method,java.lang.Class#getDeclaredConstructors,com.oracle.svm.core.hub.DynamicHub#getDeclaredConstructors
'file:/Users/you/src/your-project/reference/graalvm-25e1-ea/Contents/Home/lib/svm/builder/svm.jar',method,java.lang.Class#getDeclaredConstructors0,com.oracle.svm.core.hub.DynamicHub#getDeclaredConstructors0
'file:/Users/you/src/your-project/reference/graalvm-25e1-ea/Contents/Home/lib/svm/builder/svm.jar',method,java.lang.Class#getDeclaredField,com.oracle.svm.core.hub.DynamicHub#getDeclaredField
'file:/Users/you/src/your-project/reference/graalvm-25e1-ea/Contents/Home/lib/svm/builder/svm.jar',method,java.lang.Class#getDeclaredFields,com.oracle.svm.core.hub.DynamicHub#getDeclaredFields
'file:/Users/you/src/your-project/reference/graalvm-25e1-ea/Contents/Home/lib/svm/builder/svm.jar',method,java.lang.Class#getDeclaredFields0,com.oracle.svm.core.hub.DynamicHub#getDeclaredFields0
'file:/Users/you/src/your-project/reference/graalvm-25e1-ea/Contents/Home/lib/svm/builder/svm.jar',method,java.lang.Class#getDeclaredMethod,com.oracle.svm.core.hub.DynamicHub#getDeclaredMethod
'file:/Users/you/src/your-project/reference/graalvm-25e1-ea/Contents/Home/lib/svm/builder/svm.jar',method,java.lang.Class#getDeclaredMethods,com.oracle.svm.core.hub.DynamicHub#getDeclaredMethods
'file:/Users/you/src/your-project/reference/graalvm-25e1-ea/Contents/Home/lib/svm/builder/svm.jar',method,java.lang.Class#getDeclaredMethods0,com.oracle.svm.core.hub.DynamicHub#getDeclaredMethods0
'file:/Users/you/src/your-project/reference/graalvm-25e1-ea/Contents/Home/lib/svm/builder/svm.jar',method,java.lang.Class#getDeclaredPublicMethods,com.oracle.svm.core.hub.DynamicHub#getDeclaredPublicMethods
'file:/Users/you/src/your-project/reference/graalvm-25e1-ea/Contents/Home/lib/svm/builder/svm.jar',method,java.lang.Class#getDeclaringClass0,com.oracle.svm.core.hub.DynamicHub#getDeclaringClass0
'file:/Users/you/src/your-project/reference/graalvm-25e1-ea/Contents/Home/lib/svm/builder/svm.jar',method,java.lang.Class#getEnclosingMethod0,com.oracle.svm.core.hub.DynamicHub#getEnclosingMethod0
'file:/Users/you/src/your-project/reference/graalvm-25e1-ea/Contents/Home/lib/svm/builder/svm.jar',method,java.lang.Class#getEnumConstantsShared,com.oracle.svm.core.hub.DynamicHub#getEnumConstantsShared
'file:/Users/you/src/your-project/reference/graalvm-25e1-ea/Contents/Home/lib/svm/builder/svm.jar',method,java.lang.Class#getField,com.oracle.svm.core.hub.DynamicHub#getField
'file:/Users/you/src/your-project/reference/graalvm-25e1-ea/Contents/Home/lib/svm/builder/svm.jar',method,java.lang.Class#getFields,com.oracle.svm.core.hub.DynamicHub#getFields
'file:/Users/you/src/your-project/reference/graalvm-25e1-ea/Contents/Home/lib/svm/builder/svm.jar',method,java.lang.Class#getGenericInfo,com.oracle.svm.core.hub.DynamicHub#getGenericInfo
'file:/Users/you/src/your-project/reference/graalvm-25e1-ea/Contents/Home/lib/svm/builder/svm.jar',method,java.lang.Class#getGenericSignature0,com.oracle.svm.core.hub.DynamicHub#getGenericSignature0
'file:/Users/you/src/your-project/reference/graalvm-25e1-ea/Contents/Home/lib/svm/builder/svm.jar',method,java.lang.Class#getInterfaces0,com.oracle.svm.core.hub.DynamicHub#getInterfaces0
'file:/Users/you/src/your-project/reference/graalvm-25e1-ea/Contents/Home/lib/svm/builder/svm.jar',method,java.lang.Class#getMethod,com.oracle.svm.core.hub.DynamicHub#getMethod
'file:/Users/you/src/your-project/reference/graalvm-25e1-ea/Contents/Home/lib/svm/builder/svm.jar',method,java.lang.Class#getMethods,com.oracle.svm.core.hub.DynamicHub#getMethods
'file:/Users/you/src/your-project/reference/graalvm-25e1-ea/Contents/Home/lib/svm/builder/svm.jar',method,java.lang.Class#getModifiers,com.oracle.svm.core.hub.DynamicHub#getModifiers
'file:/Users/you/src/your-project/reference/graalvm-25e1-ea/Contents/Home/lib/svm/builder/svm.jar',method,java.lang.Class#getModule,com.oracle.svm.core.hub.DynamicHub#getModule
'file:/Users/you/src/your-project/reference/graalvm-25e1-ea/Contents/Home/lib/svm/builder/svm.jar',method,java.lang.Class#getName,com.oracle.svm.core.hub.DynamicHub#getName
'file:/Users/you/src/your-project/reference/graalvm-25e1-ea/Contents/Home/lib/svm/builder/svm.jar',method,java.lang.Class#getNestHost,com.oracle.svm.core.hub.DynamicHub#getNestHost
'file:/Users/you/src/your-project/reference/graalvm-25e1-ea/Contents/Home/lib/svm/builder/svm.jar',method,java.lang.Class#getNestMembers0,com.oracle.svm.core.hub.DynamicHub#getNestMembers0
'file:/Users/you/src/your-project/reference/graalvm-25e1-ea/Contents/Home/lib/svm/builder/svm.jar',method,java.lang.Class#getPackageName,com.oracle.svm.core.hub.DynamicHub#getPackageName
'file:/Users/you/src/your-project/reference/graalvm-25e1-ea/Contents/Home/lib/svm/builder/svm.jar',method,java.lang.Class#getPermittedSubclasses0,com.oracle.svm.core.hub.DynamicHub#getPermittedSubclasses0
'file:/Users/you/src/your-project/reference/graalvm-25e1-ea/Contents/Home/lib/svm/builder/svm.jar',method,java.lang.Class#getProtectionDomain,com.oracle.svm.core.hub.DynamicHub#getProtectionDomain
'file:/Users/you/src/your-project/reference/graalvm-25e1-ea/Contents/Home/lib/svm/builder/svm.jar',method,java.lang.Class#getRawAnnotations,com.oracle.svm.core.hub.DynamicHub#getRawAnnotations
'file:/Users/you/src/your-project/reference/graalvm-25e1-ea/Contents/Home/lib/svm/builder/svm.jar',method,java.lang.Class#getRawTypeAnnotations,com.oracle.svm.core.hub.DynamicHub#getRawTypeAnnotations
'file:/Users/you/src/your-project/reference/graalvm-25e1-ea/Contents/Home/lib/svm/builder/svm.jar',method,java.lang.Class#getRecordComponents0,com.oracle.svm.core.hub.DynamicHub#getRecordComponents0
'file:/Users/you/src/your-project/reference/graalvm-25e1-ea/Contents/Home/lib/svm/builder/svm.jar',method,java.lang.Class#getReflectionFactory,com.oracle.svm.core.hub.DynamicHub#getReflectionFactory
'file:/Users/you/src/your-project/reference/graalvm-25e1-ea/Contents/Home/lib/svm/builder/svm.jar',method,java.lang.Class#getResourceAsStream,com.oracle.svm.core.hub.DynamicHub#getResourceAsStream
'file:/Users/you/src/your-project/reference/graalvm-25e1-ea/Contents/Home/lib/svm/builder/svm.jar',method,java.lang.Class#getSigners,com.oracle.svm.core.hub.DynamicHub#getSigners
'file:/Users/you/src/your-project/reference/graalvm-25e1-ea/Contents/Home/lib/svm/builder/svm.jar',method,java.lang.Class#getSimpleBinaryName0,com.oracle.svm.core.hub.DynamicHub#getSimpleBinaryName0
'file:/Users/you/src/your-project/reference/graalvm-25e1-ea/Contents/Home/lib/svm/builder/svm.jar',method,java.lang.Class#getSuperclass,com.oracle.svm.core.hub.DynamicHub#getSuperclass
'file:/Users/you/src/your-project/reference/graalvm-25e1-ea/Contents/Home/lib/svm/builder/svm.jar',method,java.lang.Class#isAnnotation,com.oracle.svm.core.hub.DynamicHub#isAnnotation
'file:/Users/you/src/your-project/reference/graalvm-25e1-ea/Contents/Home/lib/svm/builder/svm.jar',method,java.lang.Class#isAnnotationPresent,com.oracle.svm.core.hub.DynamicHub#isAnnotationPresent
'file:/Users/you/src/your-project/reference/graalvm-25e1-ea/Contents/Home/lib/svm/builder/svm.jar',method,java.lang.Class#isArray,com.oracle.svm.core.hub.DynamicHub#isArray
'file:/Users/you/src/your-project/reference/graalvm-25e1-ea/Contents/Home/lib/svm/builder/svm.jar',method,java.lang.Class#isAssignableFrom,com.oracle.svm.core.hub.DynamicHub#isAssignableFrom
'file:/Users/you/src/your-project/reference/graalvm-25e1-ea/Contents/Home/lib/svm/builder/svm.jar',method,java.lang.Class#isEnum,com.oracle.svm.core.hub.DynamicHub#isEnum
'file:/Users/you/src/your-project/reference/graalvm-25e1-ea/Contents/Home/lib/svm/builder/svm.jar',method,java.lang.Class#isHidden,com.oracle.svm.core.hub.DynamicHub#isHidden
'file:/Users/you/src/your-project/reference/graalvm-25e1-ea/Contents/Home/lib/svm/builder/svm.jar',method,java.lang.Class#isInstance,com.oracle.svm.core.hub.DynamicHub#isInstance
'file:/Users/you/src/your-project/reference/graalvm-25e1-ea/Contents/Home/lib/svm/builder/svm.jar',method,java.lang.Class#isInterface,com.oracle.svm.core.hub.DynamicHub#isInterface
'file:/Users/you/src/your-project/reference/graalvm-25e1-ea/Contents/Home/lib/svm/builder/svm.jar',method,java.lang.Class#isNestmateOf,com.oracle.svm.core.hub.DynamicHub#isNestmateOf
'file:/Users/you/src/your-project/reference/graalvm-25e1-ea/Contents/Home/lib/svm/builder/svm.jar',method,java.lang.Class#isPrimitive,com.oracle.svm.core.hub.DynamicHub#isPrimitive
'file:/Users/you/src/your-project/reference/graalvm-25e1-ea/Contents/Home/lib/svm/builder/svm.jar',method,java.lang.Class#isRecord,com.oracle.svm.core.hub.DynamicHub#isRecord
'file:/Users/you/src/your-project/reference/graalvm-25e1-ea/Contents/Home/lib/svm/builder/svm.jar',method,java.lang.Class#isSealed,com.oracle.svm.core.hub.DynamicHub#isSealed
'file:/Users/you/src/your-project/reference/graalvm-25e1-ea/Contents/Home/lib/svm/builder/svm.jar',method,java.lang.Class#methodToString,com.oracle.svm.core.hub.DynamicHub#methodToString
'file:/Users/you/src/your-project/reference/graalvm-25e1-ea/Contents/Home/lib/svm/builder/svm.jar',method,java.lang.Class#setSigners,com.oracle.svm.core.hub.DynamicHub#setSigners
'file:/Users/you/src/your-project/reference/graalvm-25e1-ea/Contents/Home/lib/svm/builder/svm.jar',method,java.lang.Class#toString,com.oracle.svm.core.hub.DynamicHub#toString
'file:/Users/you/src/your-project/reference/graalvm-25e1-ea/Contents/Home/lib/svm/builder/svm.jar',method,java.lang.Class$Atomic#casAnnotationData,com.oracle.svm.core.hub.Target_java_lang_Class_Atomic#casAnnotationData
'file:/Users/you/src/your-project/reference/graalvm-25e1-ea/Contents/Home/lib/svm/builder/svm.jar',method,java.lang.Class$Atomic#casAnnotationType,com.oracle.svm.core.hub.Target_java_lang_Class_Atomic#casAnnotationType
'file:/Users/you/src/your-project/reference/graalvm-25e1-ea/Contents/Home/lib/svm/builder/svm.jar',method,java.lang.Class$Atomic#casReflectionData,com.oracle.svm.core.hub.Target_java_lang_Class_Atomic#casReflectionData
'file:/Users/you/src/your-project/reference/graalvm-25e1-ea/Contents/Home/lib/svm/builder/svm.jar',method,java.lang.ClassLoader#clearAssertionStatus,com.oracle.svm.core.jdk.Target_java_lang_ClassLoader#clearAssertionStatus
'file:/Users/you/src/your-project/reference/graalvm-25e1-ea/Contents/Home/lib/svm/builder/svm.jar',method,java.lang.ClassLoader#createOrGetClassLoaderValueMap,com.oracle.svm.core.jdk.Target_java_lang_ClassLoader#createOrGetClassLoaderValueMap
'file:/Users/you/src/your-project/reference/graalvm-25e1-ea/Contents/Home/lib/svm/builder/svm.jar',method,java.lang.ClassLoader#defineClass,com.oracle.svm.core.jdk.Target_java_lang_ClassLoader#defineClass
'file:/Users/you/src/your-project/reference/graalvm-25e1-ea/Contents/Home/lib/svm/builder/svm.jar',method,java.lang.ClassLoader#defineClass0,com.oracle.svm.core.jdk.Target_java_lang_ClassLoader#defineClass0
'file:/Users/you/src/your-project/reference/graalvm-25e1-ea/Contents/Home/lib/svm/builder/svm.jar',method,java.lang.ClassLoader#findBootstrapClass,com.oracle.svm.core.jdk.Target_java_lang_ClassLoader#findBootstrapClass
'file:/Users/you/src/your-project/reference/graalvm-25e1-ea/Contents/Home/lib/svm/builder/svm.jar',method,java.lang.ClassLoader#findLoadedClass0,com.oracle.svm.core.jdk.Target_java_lang_ClassLoader#findLoadedClass0
'file:/Users/you/src/your-project/reference/graalvm-25e1-ea/Contents/Home/lib/svm/builder/svm.jar',method,java.lang.ClassLoader#getResources,com.oracle.svm.core.jdk.Target_java_lang_ClassLoader#getResources
'file:/Users/you/src/your-project/reference/graalvm-25e1-ea/Contents/Home/lib/svm/builder/svm.jar',method,java.lang.ClassLoader#getSystemClassLoader,com.oracle.svm.core.jdk.Target_java_lang_ClassLoader#getSystemClassLoader
'file:/Users/you/src/your-project/reference/graalvm-25e1-ea/Contents/Home/lib/svm/builder/svm.jar',method,java.lang.ClassLoader#loadClass,com.oracle.svm.core.jdk.Target_java_lang_ClassLoader#loadClass
'file:/Users/you/src/your-project/reference/graalvm-25e1-ea/Contents/Home/lib/svm/builder/svm.jar',method,java.lang.ClassLoader#loadLibrary,com.oracle.svm.core.jdk.Target_java_lang_ClassLoader#loadLibrary
'file:/Users/you/src/your-project/reference/graalvm-25e1-ea/Contents/Home/lib/svm/builder/svm.jar',method,java.lang.ClassLoader#setClassAssertionStatus,com.oracle.svm.core.jdk.Target_java_lang_ClassLoader#setClassAssertionStatus
'file:/Users/you/src/your-project/reference/graalvm-25e1-ea/Contents/Home/lib/svm/builder/svm.jar',method,java.lang.ClassLoader#setDefaultAssertionStatus,com.oracle.svm.core.jdk.Target_java_lang_ClassLoader#setDefaultAssertionStatus
'file:/Users/you/src/your-project/reference/graalvm-25e1-ea/Contents/Home/lib/svm/builder/svm.jar',method,java.lang.ClassLoader#setPackageAssertionStatus,com.oracle.svm.core.jdk.Target_java_lang_ClassLoader#setPackageAssertionStatus
'file:/Users/you/src/your-project/reference/graalvm-25e1-ea/Contents/Home/lib/svm/builder/svm.jar',method,java.lang.ClassValue#get,com.oracle.svm.core.jdk.Target_java_lang_ClassValue#get
'file:/Users/you/src/your-project/reference/graalvm-25e1-ea/Contents/Home/lib/svm/builder/svm.jar',method,java.lang.ClassValue#remove,com.oracle.svm.core.jdk.Target_java_lang_ClassValue#remove
'file:/Users/you/src/your-project/reference/graalvm-25e1-ea/Contents/Home/lib/svm/builder/svm.jar',method,java.lang.Enum#valueOf,com.oracle.svm.core.jdk.Target_java_lang_Enum#valueOf
'file:/Users/you/src/your-project/reference/graalvm-25e1-ea/Contents/Home/lib/svm/builder/svm.jar',method,java.lang.Math#cos,com.oracle.svm.core.jdk.Target_java_lang_Math#cos
'file:/Users/you/src/your-project/reference/graalvm-25e1-ea/Contents/Home/lib/svm/builder/svm.jar',method,java.lang.Math#exp,com.oracle.svm.core.jdk.Target_java_lang_Math#exp
'file:/Users/you/src/your-project/reference/graalvm-25e1-ea/Contents/Home/lib/svm/builder/svm.jar',method,java.lang.Math#log,com.oracle.svm.core.jdk.Target_java_lang_Math#log
'file:/Users/you/src/your-project/reference/graalvm-25e1-ea/Contents/Home/lib/svm/builder/svm.jar',method,java.lang.Math#log10,com.oracle.svm.core.jdk.Target_java_lang_Math#log10
'file:/Users/you/src/your-project/reference/graalvm-25e1-ea/Contents/Home/lib/svm/builder/svm.jar',method,java.lang.Math#pow,com.oracle.svm.core.jdk.Target_java_lang_Math#pow
'file:/Users/you/src/your-project/reference/graalvm-25e1-ea/Contents/Home/lib/svm/builder/svm.jar',method,java.lang.Math#sin,com.oracle.svm.core.jdk.Target_java_lang_Math#sin
'file:/Users/you/src/your-project/reference/graalvm-25e1-ea/Contents/Home/lib/svm/builder/svm.jar',method,java.lang.Math#tan,com.oracle.svm.core.jdk.Target_java_lang_Math#tan
'file:/Users/you/src/your-project/reference/graalvm-25e1-ea/Contents/Home/lib/svm/builder/svm.jar',method,java.lang.Module#addExports0,com.oracle.svm.core.jdk.Target_java_lang_Module#addExports0
'file:/Users/you/src/your-project/reference/graalvm-25e1-ea/Contents/Home/lib/svm/builder/svm.jar',method,java.lang.Module#addExportsToAll0,com.oracle.svm.core.jdk.Target_java_lang_Module#addExportsToAll0
'file:/Users/you/src/your-project/reference/graalvm-25e1-ea/Contents/Home/lib/svm/builder/svm.jar',method,java.lang.Module#addExportsToAllUnnamed0,com.oracle.svm.core.jdk.Target_java_lang_Module#addExportsToAllUnnamed0
'file:/Users/you/src/your-project/reference/graalvm-25e1-ea/Contents/Home/lib/svm/builder/svm.jar',method,java.lang.Module#addReads0,com.oracle.svm.core.jdk.Target_java_lang_Module#addReads0
'file:/Users/you/src/your-project/reference/graalvm-25e1-ea/Contents/Home/lib/svm/builder/svm.jar',method,java.lang.Module#allows,com.oracle.svm.core.jdk.Target_java_lang_Module#allows
'file:/Users/you/src/your-project/reference/graalvm-25e1-ea/Contents/Home/lib/svm/builder/svm.jar',method,java.lang.Module#defineModule0,com.oracle.svm.core.jdk.Target_java_lang_Module#defineModule0
'file:/Users/you/src/your-project/reference/graalvm-25e1-ea/Contents/Home/lib/svm/builder/svm.jar',method,java.lang.ModuleLayer#boot,com.oracle.svm.core.jdk.Target_java_lang_ModuleLayer#boot
'file:/Users/you/src/your-project/reference/graalvm-25e1-ea/Contents/Home/lib/svm/builder/svm.jar',method,java.lang.NullPointerException#getExtendedNPEMessage,com.oracle.svm.core.jdk.Target_java_lang_NullPointerException#getExtendedNPEMessage
'file:/Users/you/src/your-project/reference/graalvm-25e1-ea/Contents/Home/lib/svm/builder/svm.jar',method,java.lang.Object#getClass,com.oracle.svm.core.jdk.Target_java_lang_Object#getClassSubst
'file:/Users/you/src/your-project/reference/graalvm-25e1-ea/Contents/Home/lib/svm/builder/svm.jar',method,java.lang.Object#hashCode,com.oracle.svm.core.jdk.Target_java_lang_Object#hashCodeSubst
'file:/Users/you/src/your-project/reference/graalvm-25e1-ea/Contents/Home/lib/svm/builder/svm.jar',method,java.lang.Object#notify,com.oracle.svm.core.jdk.Target_java_lang_Object#notifySubst
'file:/Users/you/src/your-project/reference/graalvm-25e1-ea/Contents/Home/lib/svm/builder/svm.jar',method,java.lang.Object#notifyAll,com.oracle.svm.core.jdk.Target_java_lang_Object#notifyAllSubst
'file:/Users/you/src/your-project/reference/graalvm-25e1-ea/Contents/Home/lib/svm/builder/svm.jar',method,java.lang.Object#wait,com.oracle.svm.core.jdk.Target_java_lang_Object#waitSubst
'file:/Users/you/src/your-project/reference/graalvm-25e1-ea/Contents/Home/lib/svm/builder/svm.jar',method,java.lang.Runtime#runFinalization,com.oracle.svm.core.jdk.Target_java_lang_Runtime#runFinalization
'file:/Users/you/src/your-project/reference/graalvm-25e1-ea/Contents/Home/lib/svm/builder/svm.jar',method,java.lang.Shutdown#beforeHalt,com.oracle.svm.core.jdk.Target_java_lang_Shutdown#beforeHalt
'file:/Users/you/src/your-project/reference/graalvm-25e1-ea/Contents/Home/lib/svm/builder/svm.jar',method,java.lang.Shutdown#exit,com.oracle.svm.core.jdk.Target_java_lang_Shutdown#exit
'file:/Users/you/src/your-project/reference/graalvm-25e1-ea/Contents/Home/lib/svm/builder/svm.jar',method,java.lang.Shutdown#logRuntimeExit,com.oracle.svm.core.jdk.Target_java_lang_Shutdown#logRuntimeExit
'file:/Users/you/src/your-project/reference/graalvm-25e1-ea/Contents/Home/lib/svm/builder/svm.jar',method,java.lang.String#intern,com.oracle.svm.core.jdk.Target_java_lang_String#intern
'file:/Users/you/src/your-project/reference/graalvm-25e1-ea/Contents/Home/lib/svm/builder/svm.jar',method,java.lang.System#clearProperty,com.oracle.svm.core.jdk.Target_java_lang_System#clearProperty
'file:/Users/you/src/your-project/reference/graalvm-25e1-ea/Contents/Home/lib/svm/builder/svm.jar',method,java.lang.System#getProperties,com.oracle.svm.core.jdk.Target_java_lang_System#getProperties
'file:/Users/you/src/your-project/reference/graalvm-25e1-ea/Contents/Home/lib/svm/builder/svm.jar',method,java.lang.System#getProperty,com.oracle.svm.core.jdk.Target_java_lang_System#getProperty
'file:/Users/you/src/your-project/reference/graalvm-25e1-ea/Contents/Home/lib/svm/builder/svm.jar',method,java.lang.System#identityHashCode,com.oracle.svm.core.jdk.Target_java_lang_System#identityHashCode
'file:/Users/you/src/your-project/reference/graalvm-25e1-ea/Contents/Home/lib/svm/builder/svm.jar',method,java.lang.System#registerNatives,com.oracle.svm.core.jdk.Target_java_lang_System#registerNatives
'file:/Users/you/src/your-project/reference/graalvm-25e1-ea/Contents/Home/lib/svm/builder/svm.jar',method,java.lang.System#setErr0,com.oracle.svm.core.jdk.Target_java_lang_System#setErr0
'file:/Users/you/src/your-project/reference/graalvm-25e1-ea/Contents/Home/lib/svm/builder/svm.jar',method,java.lang.System#setIn0,com.oracle.svm.core.jdk.Target_java_lang_System#setIn0
'file:/Users/you/src/your-project/reference/graalvm-25e1-ea/Contents/Home/lib/svm/builder/svm.jar',method,java.lang.System#setOut0,com.oracle.svm.core.jdk.Target_java_lang_System#setOut0
'file:/Users/you/src/your-project/reference/graalvm-25e1-ea/Contents/Home/lib/svm/builder/svm.jar',method,java.lang.System#setProperties,com.oracle.svm.core.jdk.Target_java_lang_System#setProperties
'file:/Users/you/src/your-project/reference/graalvm-25e1-ea/Contents/Home/lib/svm/builder/svm.jar',method,java.lang.System#setProperty,com.oracle.svm.core.jdk.Target_java_lang_System#setProperty
'file:/Users/you/src/your-project/reference/graalvm-25e1-ea/Contents/Home/lib/svm/builder/svm.jar',method,java.lang.Thread#<init>,com.oracle.svm.core.thread.Target_java_lang_Thread#<init>
'file:/Users/you/src/your-project/reference/graalvm-25e1-ea/Contents/Home/lib/svm/builder/svm.jar',method,java.lang.Thread#alive,com.oracle.svm.core.thread.Target_java_lang_Thread#alive
'file:/Users/you/src/your-project/reference/graalvm-25e1-ea/Contents/Home/lib/svm/builder/svm.jar',method,java.lang.Thread#clearInterruptEvent,com.oracle.svm.core.thread.Target_java_lang_Thread#clearInterruptEvent
'file:/Users/you/src/your-project/reference/graalvm-25e1-ea/Contents/Home/lib/svm/builder/svm.jar',method,java.lang.Thread#currentCarrierThread,com.oracle.svm.core.thread.Target_java_lang_Thread#currentCarrierThread
'file:/Users/you/src/your-project/reference/graalvm-25e1-ea/Contents/Home/lib/svm/builder/svm.jar',method,java.lang.Thread#currentThread,com.oracle.svm.core.thread.Target_java_lang_Thread#currentThread
'file:/Users/you/src/your-project/reference/graalvm-25e1-ea/Contents/Home/lib/svm/builder/svm.jar',method,java.lang.Thread#genThreadName,com.oracle.svm.core.thread.Target_java_lang_Thread#genThreadName
'file:/Users/you/src/your-project/reference/graalvm-25e1-ea/Contents/Home/lib/svm/builder/svm.jar',method,java.lang.Thread#getAllThreads,com.oracle.svm.core.thread.Target_java_lang_Thread#getAllThreads
'file:/Users/you/src/your-project/reference/graalvm-25e1-ea/Contents/Home/lib/svm/builder/svm.jar',method,java.lang.Thread#isTerminated,com.oracle.svm.core.thread.Target_java_lang_Thread#isTerminated
'file:/Users/you/src/your-project/reference/graalvm-25e1-ea/Contents/Home/lib/svm/builder/svm.jar',method,java.lang.Thread#scopedValueCache,com.oracle.svm.core.thread.Target_java_lang_Thread#scopedValueCache
'file:/Users/you/src/your-project/reference/graalvm-25e1-ea/Contents/Home/lib/svm/builder/svm.jar',method,java.lang.Thread#setCurrentThread,com.oracle.svm.core.thread.Target_java_lang_Thread#setCurrentThread
'file:/Users/you/src/your-project/reference/graalvm-25e1-ea/Contents/Home/lib/svm/builder/svm.jar',method,java.lang.Thread#setNativeName,com.oracle.svm.core.thread.Target_java_lang_Thread#setNativeName
'file:/Users/you/src/your-project/reference/graalvm-25e1-ea/Contents/Home/lib/svm/builder/svm.jar',method,java.lang.Thread#setPriority0,com.oracle.svm.core.thread.Target_java_lang_Thread#setPriority0
'file:/Users/you/src/your-project/reference/graalvm-25e1-ea/Contents/Home/lib/svm/builder/svm.jar',method,java.lang.Thread#setScopedValueBindings,com.oracle.svm.core.thread.Target_java_lang_Thread#setScopedValueBindings
'file:/Users/you/src/your-project/reference/graalvm-25e1-ea/Contents/Home/lib/svm/builder/svm.jar',method,java.lang.Thread#setScopedValueCache,com.oracle.svm.core.thread.Target_java_lang_Thread#setScopedValueCache
'file:/Users/you/src/your-project/reference/graalvm-25e1-ea/Contents/Home/lib/svm/builder/svm.jar',method,java.lang.Thread#yield0,com.oracle.svm.core.thread.Target_java_lang_Thread#yield0
'file:/Users/you/src/your-project/reference/graalvm-25e1-ea/Contents/Home/lib/svm/builder/svm.jar',method,java.lang.Thread$ThreadIdentifiers#next,com.oracle.svm.core.thread.Target_java_lang_Thread_ThreadIdentifiers#next
'file:/Users/you/src/your-project/reference/graalvm-25e1-ea/Contents/Home/lib/svm/builder/svm.jar',method,java.lang.VirtualThread#mount,com.oracle.svm.core.thread.Target_java_lang_VirtualThread#mount
'file:/Users/you/src/your-project/reference/graalvm-25e1-ea/Contents/Home/lib/svm/builder/svm.jar',method,java.lang.VirtualThread#notifyJvmtiDisableSuspend,com.oracle.svm.core.thread.Target_java_lang_VirtualThread#notifyJvmtiDisableSuspend
'file:/Users/you/src/your-project/reference/graalvm-25e1-ea/Contents/Home/lib/svm/builder/svm.jar',method,java.lang.VirtualThread#notifyJvmtiEnd,com.oracle.svm.core.thread.Target_java_lang_VirtualThread#notifyJvmtiEnd
'file:/Users/you/src/your-project/reference/graalvm-25e1-ea/Contents/Home/lib/svm/builder/svm.jar',method,java.lang.VirtualThread#notifyJvmtiMount,com.oracle.svm.core.thread.Target_java_lang_VirtualThread#notifyJvmtiMount
'file:/Users/you/src/your-project/reference/graalvm-25e1-ea/Contents/Home/lib/svm/builder/svm.jar',method,java.lang.VirtualThread#notifyJvmtiStart,com.oracle.svm.core.thread.Target_java_lang_VirtualThread#notifyJvmtiStart
'file:/Users/you/src/your-project/reference/graalvm-25e1-ea/Contents/Home/lib/svm/builder/svm.jar',method,java.lang.VirtualThread#notifyJvmtiUnmount,com.oracle.svm.core.thread.Target_java_lang_VirtualThread#notifyJvmtiUnmount
'file:/Users/you/src/your-project/reference/graalvm-25e1-ea/Contents/Home/lib/svm/builder/svm.jar',method,java.lang.VirtualThread#postPinnedEvent,com.oracle.svm.core.thread.Target_java_lang_VirtualThread#postPinnedEvent
'file:/Users/you/src/your-project/reference/graalvm-25e1-ea/Contents/Home/lib/svm/builder/svm.jar',method,java.lang.VirtualThread#registerNatives,com.oracle.svm.core.thread.Target_java_lang_VirtualThread#registerNatives
'file:/Users/you/src/your-project/reference/graalvm-25e1-ea/Contents/Home/lib/svm/builder/svm.jar',method,java.lang.VirtualThread#setState,com.oracle.svm.core.thread.Target_java_lang_VirtualThread#setState
'file:/Users/you/src/your-project/reference/graalvm-25e1-ea/Contents/Home/lib/svm/builder/svm.jar',method,java.lang.VirtualThread#threadState,com.oracle.svm.core.thread.Target_java_lang_VirtualThread#threadState
'file:/Users/you/src/your-project/reference/graalvm-25e1-ea/Contents/Home/lib/svm/builder/svm.jar',method,java.lang.VirtualThread#waitTimeoutExpired,com.oracle.svm.core.thread.Target_java_lang_VirtualThread#waitTimeoutExpired
'file:/Users/you/src/your-project/reference/graalvm-25e1-ea/Contents/Home/lib/svm/builder/svm.jar',method,java.lang.invoke.BoundMethodHandle$Species_L#make,com.oracle.svm.core.methodhandles.Target_java_lang_invoke_BoundMethodHandle_Species_L#make
'file:/Users/you/src/your-project/reference/graalvm-25e1-ea/Contents/Home/lib/svm/builder/svm.jar',method,java.lang.invoke.ClassSpecializer$Factory#loadSpecies,com.oracle.svm.core.methodhandles.Target_java_lang_invoke_ClassSpecializer_Factory#loadSpecies
'file:/Users/you/src/your-project/reference/graalvm-25e1-ea/Contents/Home/lib/svm/builder/svm.jar',method,java.lang.invoke.DirectMethodHandle#ensureInitialized,com.oracle.svm.core.methodhandles.Target_java_lang_invoke_DirectMethodHandle#ensureInitialized
'file:/Users/you/src/your-project/reference/graalvm-25e1-ea/Contents/Home/lib/svm/builder/svm.jar',method,java.lang.invoke.InvokerBytecodeGenerator#generateLambdaFormInterpreterEntryPoint,com.oracle.svm.core.methodhandles.Target_java_lang_invoke_InvokerBytecodeGenerator#generateLambdaFormInterpreterEntryPoint
'file:/Users/you/src/your-project/reference/graalvm-25e1-ea/Contents/Home/lib/svm/builder/svm.jar',method,java.lang.invoke.Invokers#maybeCustomize,com.oracle.svm.core.methodhandles.Target_java_lang_invoke_Invokers#maybeCustomize
'file:/Users/you/src/your-project/reference/graalvm-25e1-ea/Contents/Home/lib/svm/builder/svm.jar',method,java.lang.invoke.LambdaForm#compileToBytecode,com.oracle.svm.core.methodhandles.Target_java_lang_invoke_LambdaForm#compileToBytecode
'file:/Users/you/src/your-project/reference/graalvm-25e1-ea/Contents/Home/lib/svm/builder/svm.jar',method,java.lang.invoke.LambdaForm#forceInterpretation,com.oracle.svm.core.methodhandles.Target_java_lang_invoke_LambdaForm#forceInterpretation
'file:/Users/you/src/your-project/reference/graalvm-25e1-ea/Contents/Home/lib/svm/builder/svm.jar',method,java.lang.invoke.LambdaForm$NamedFunction#invokeWithArguments,com.oracle.svm.core.methodhandles.Target_java_lang_invoke_LambdaForm_NamedFunction#invokeWithArguments
'file:/Users/you/src/your-project/reference/graalvm-25e1-ea/Contents/Home/lib/svm/builder/svm.jar',method,java.lang.invoke.LazyInitializingVarHandle#ensureInitialized,com.oracle.svm.core.jdk.Target_java_lang_invoke_LazyInitializingVarHandle#ensureInitialized
'file:/Users/you/src/your-project/reference/graalvm-25e1-ea/Contents/Home/lib/svm/builder/svm.jar',method,java.lang.invoke.MemberName#vminfoIsConsistent,com.oracle.svm.core.invoke.Target_java_lang_invoke_MemberName#vminfoIsConsistent
'file:/Users/you/src/your-project/reference/graalvm-25e1-ea/Contents/Home/lib/svm/builder/svm.jar',method,java.lang.invoke.MemberName$Factory#resolve,com.oracle.svm.core.invoke.Target_java_lang_invoke_MemberName_Factory#resolve
'file:/Users/you/src/your-project/reference/graalvm-25e1-ea/Contents/Home/lib/svm/builder/svm.jar',method,java.lang.invoke.MethodHandle#invoke,com.oracle.svm.core.methodhandles.Target_java_lang_invoke_MethodHandle#invoke
'file:/Users/you/src/your-project/reference/graalvm-25e1-ea/Contents/Home/lib/svm/builder/svm.jar',method,java.lang.invoke.MethodHandle#invokeBasic,com.oracle.svm.core.methodhandles.Target_java_lang_invoke_MethodHandle#invokeBasic
'file:/Users/you/src/your-project/reference/graalvm-25e1-ea/Contents/Home/lib/svm/builder/svm.jar',method,java.lang.invoke.MethodHandle#invokeExact,com.oracle.svm.core.methodhandles.Target_java_lang_invoke_MethodHandle#invokeExact
'file:/Users/you/src/your-project/reference/graalvm-25e1-ea/Contents/Home/lib/svm/builder/svm.jar',method,java.lang.invoke.MethodHandle#linkToInterface,com.oracle.svm.core.methodhandles.Target_java_lang_invoke_MethodHandle#linkToInterface
'file:/Users/you/src/your-project/reference/graalvm-25e1-ea/Contents/Home/lib/svm/builder/svm.jar',method,java.lang.invoke.MethodHandle#linkToNative,com.oracle.svm.core.methodhandles.Target_java_lang_invoke_MethodHandle#linkToNative
'file:/Users/you/src/your-project/reference/graalvm-25e1-ea/Contents/Home/lib/svm/builder/svm.jar',method,java.lang.invoke.MethodHandle#linkToSpecial,com.oracle.svm.core.methodhandles.Target_java_lang_invoke_MethodHandle#linkToSpecial
'file:/Users/you/src/your-project/reference/graalvm-25e1-ea/Contents/Home/lib/svm/builder/svm.jar',method,java.lang.invoke.MethodHandle#linkToStatic,com.oracle.svm.core.methodhandles.Target_java_lang_invoke_MethodHandle#linkToStatic
'file:/Users/you/src/your-project/reference/graalvm-25e1-ea/Contents/Home/lib/svm/builder/svm.jar',method,java.lang.invoke.MethodHandle#linkToVirtual,com.oracle.svm.core.methodhandles.Target_java_lang_invoke_MethodHandle#linkToVirtual
'file:/Users/you/src/your-project/reference/graalvm-25e1-ea/Contents/Home/lib/svm/builder/svm.jar',method,java.lang.invoke.MethodHandle#maybeCustomize,com.oracle.svm.core.methodhandles.Target_java_lang_invoke_MethodHandle#maybeCustomize
'file:/Users/you/src/your-project/reference/graalvm-25e1-ea/Contents/Home/lib/svm/builder/svm.jar',method,java.lang.invoke.MethodHandleNatives#expand,com.oracle.svm.core.methodhandles.Target_java_lang_invoke_MethodHandleNatives#expand
'file:/Users/you/src/your-project/reference/graalvm-25e1-ea/Contents/Home/lib/svm/builder/svm.jar',method,java.lang.invoke.MethodHandleNatives#getMemberVMInfo,com.oracle.svm.core.methodhandles.Target_java_lang_invoke_MethodHandleNatives#getMemberVMInfo
'file:/Users/you/src/your-project/reference/graalvm-25e1-ea/Contents/Home/lib/svm/builder/svm.jar',method,java.lang.invoke.MethodHandleNatives#init,com.oracle.svm.core.methodhandles.Target_java_lang_invoke_MethodHandleNatives#init
'file:/Users/you/src/your-project/reference/graalvm-25e1-ea/Contents/Home/lib/svm/builder/svm.jar',method,java.lang.invoke.MethodHandleNatives#objectFieldOffset,com.oracle.svm.core.methodhandles.Target_java_lang_invoke_MethodHandleNatives#objectFieldOffset
'file:/Users/you/src/your-project/reference/graalvm-25e1-ea/Contents/Home/lib/svm/builder/svm.jar',method,java.lang.invoke.MethodHandleNatives#resolve,com.oracle.svm.core.methodhandles.Target_java_lang_invoke_MethodHandleNatives#resolve
'file:/Users/you/src/your-project/reference/graalvm-25e1-ea/Contents/Home/lib/svm/builder/svm.jar',method,java.lang.invoke.MethodHandleNatives#staticFieldBase,com.oracle.svm.core.methodhandles.Target_java_lang_invoke_MethodHandleNatives#staticFieldBase
'file:/Users/you/src/your-project/reference/graalvm-25e1-ea/Contents/Home/lib/svm/builder/svm.jar',method,java.lang.invoke.MethodHandleNatives#staticFieldOffset,com.oracle.svm.core.methodhandles.Target_java_lang_invoke_MethodHandleNatives#staticFieldOffset
'file:/Users/you/src/your-project/reference/graalvm-25e1-ea/Contents/Home/lib/svm/builder/svm.jar',method,java.lang.invoke.MethodHandles$Lookup#makeAccessException,com.oracle.svm.core.methodhandles.Target_java_lang_invoke_MethodHandles_Lookup#makeAccessException
'file:/Users/you/src/your-project/reference/graalvm-25e1-ea/Contents/Home/lib/svm/builder/svm.jar',method,java.lang.invoke.MethodHandles$Lookup#maybeBindCaller,com.oracle.svm.core.methodhandles.Target_java_lang_invoke_MethodHandles_Lookup#maybeBindCaller
'file:/Users/you/src/your-project/reference/graalvm-25e1-ea/Contents/Home/lib/svm/builder/svm.jar',method,java.lang.invoke.SimpleMethodHandle#<init>,com.oracle.svm.core.methodhandles.Target_java_lang_invoke_SimpleMethodHandle#<init>
'file:/Users/you/src/your-project/reference/graalvm-25e1-ea/Contents/Home/lib/svm/builder/svm.jar',method,java.lang.invoke.SimpleMethodHandle#copyWith,com.oracle.svm.core.methodhandles.Target_java_lang_invoke_SimpleMethodHandle#copyWith
'file:/Users/you/src/your-project/reference/graalvm-25e1-ea/Contents/Home/lib/svm/builder/svm.jar',method,java.lang.invoke.SimpleMethodHandle#copyWithExtendD,com.oracle.svm.core.methodhandles.Target_java_lang_invoke_SimpleMethodHandle#copyWithExtendD
'file:/Users/you/src/your-project/reference/graalvm-25e1-ea/Contents/Home/lib/svm/builder/svm.jar',method,java.lang.invoke.SimpleMethodHandle#copyWithExtendF,com.oracle.svm.core.methodhandles.Target_java_lang_invoke_SimpleMethodHandle#copyWithExtendF
'file:/Users/you/src/your-project/reference/graalvm-25e1-ea/Contents/Home/lib/svm/builder/svm.jar',method,java.lang.invoke.SimpleMethodHandle#copyWithExtendI,com.oracle.svm.core.methodhandles.Target_java_lang_invoke_SimpleMethodHandle#copyWithExtendI
'file:/Users/you/src/your-project/reference/graalvm-25e1-ea/Contents/Home/lib/svm/builder/svm.jar',method,java.lang.invoke.SimpleMethodHandle#copyWithExtendJ,com.oracle.svm.core.methodhandles.Target_java_lang_invoke_SimpleMethodHandle#copyWithExtendJ
'file:/Users/you/src/your-project/reference/graalvm-25e1-ea/Contents/Home/lib/svm/builder/svm.jar',method,java.lang.invoke.SimpleMethodHandle#copyWithExtendL,com.oracle.svm.core.methodhandles.Target_java_lang_invoke_SimpleMethodHandle#copyWithExtendL
'file:/Users/you/src/your-project/reference/graalvm-25e1-ea/Contents/Home/lib/svm/builder/svm.jar',method,java.lang.invoke.SimpleMethodHandle#speciesData,com.oracle.svm.core.methodhandles.Target_java_lang_invoke_SimpleMethodHandle#speciesData
'file:/Users/you/src/your-project/reference/graalvm-25e1-ea/Contents/Home/lib/svm/builder/svm.jar',method,java.lang.invoke.VarHandle#toString,com.oracle.svm.core.methodhandles.Target_java_lang_invoke_VarHandle#toString
'file:/Users/you/src/your-project/reference/graalvm-25e1-ea/Contents/Home/lib/svm/builder/svm.jar',method,java.lang.module.ModuleDescriptor#toString,com.oracle.svm.core.jdk.Target_java_lang_module_ModuleDescriptor#toString
'file:/Users/you/src/your-project/reference/graalvm-25e1-ea/Contents/Home/lib/svm/builder/svm.jar',method,java.lang.ref.PhantomReference#clear0,com.oracle.svm.core.heap.Target_java_lang_ref_PhantomReference#clear0
'file:/Users/you/src/your-project/reference/graalvm-25e1-ea/Contents/Home/lib/svm/builder/svm.jar',method,java.lang.ref.PhantomReference#refersTo0,com.oracle.svm.core.heap.Target_java_lang_ref_PhantomReference#refersTo0
'file:/Users/you/src/your-project/reference/graalvm-25e1-ea/Contents/Home/lib/svm/builder/svm.jar',method,java.lang.ref.Reference#<init>,com.oracle.svm.core.heap.Target_java_lang_ref_Reference#<init>
'file:/Users/you/src/your-project/reference/graalvm-25e1-ea/Contents/Home/lib/svm/builder/svm.jar',method,java.lang.ref.Reference#clear0,com.oracle.svm.core.heap.Target_java_lang_ref_Reference#clear0
'file:/Users/you/src/your-project/reference/graalvm-25e1-ea/Contents/Home/lib/svm/builder/svm.jar',method,java.lang.ref.Reference#clearInactiveFinalReference,com.oracle.svm.core.heap.Target_java_lang_ref_Reference#clearInactiveFinalReference
'file:/Users/you/src/your-project/reference/graalvm-25e1-ea/Contents/Home/lib/svm/builder/svm.jar',method,java.lang.ref.Reference#reachabilityFence,com.oracle.svm.core.heap.Target_java_lang_ref_Reference#reachabilityFence
'file:/Users/you/src/your-project/reference/graalvm-25e1-ea/Contents/Home/lib/svm/builder/svm.jar',method,java.lang.ref.Reference#refersTo0,com.oracle.svm.core.heap.Target_java_lang_ref_Reference#refersTo0
'file:/Users/you/src/your-project/reference/graalvm-25e1-ea/Contents/Home/lib/svm/builder/svm.jar',method,java.lang.ref.Reference#waitForReferenceProcessing,com.oracle.svm.core.heap.Target_java_lang_ref_Reference#waitForReferenceProcessing
'file:/Users/you/src/your-project/reference/graalvm-25e1-ea/Contents/Home/lib/svm/builder/svm.jar',method,java.lang.reflect.Array#get,com.oracle.svm.core.jdk.Target_java_lang_reflect_Array#get
'file:/Users/you/src/your-project/reference/graalvm-25e1-ea/Contents/Home/lib/svm/builder/svm.jar',method,java.lang.reflect.Array#getBoolean,com.oracle.svm.core.jdk.Target_java_lang_reflect_Array#getBoolean
'file:/Users/you/src/your-project/reference/graalvm-25e1-ea/Contents/Home/lib/svm/builder/svm.jar',method,java.lang.reflect.Array#getByte,com.oracle.svm.core.jdk.Target_java_lang_reflect_Array#getByte
'file:/Users/you/src/your-project/reference/graalvm-25e1-ea/Contents/Home/lib/svm/builder/svm.jar',method,java.lang.reflect.Array#getChar,com.oracle.svm.core.jdk.Target_java_lang_reflect_Array#getChar
'file:/Users/you/src/your-project/reference/graalvm-25e1-ea/Contents/Home/lib/svm/builder/svm.jar',method,java.lang.reflect.Array#getDouble,com.oracle.svm.core.jdk.Target_java_lang_reflect_Array#getDouble
'file:/Users/you/src/your-project/reference/graalvm-25e1-ea/Contents/Home/lib/svm/builder/svm.jar',method,java.lang.reflect.Array#getFloat,com.oracle.svm.core.jdk.Target_java_lang_reflect_Array#getFloat
'file:/Users/you/src/your-project/reference/graalvm-25e1-ea/Contents/Home/lib/svm/builder/svm.jar',method,java.lang.reflect.Array#getInt,com.oracle.svm.core.jdk.Target_java_lang_reflect_Array#getInt
'file:/Users/you/src/your-project/reference/graalvm-25e1-ea/Contents/Home/lib/svm/builder/svm.jar',method,java.lang.reflect.Array#getLong,com.oracle.svm.core.jdk.Target_java_lang_reflect_Array#getLong
'file:/Users/you/src/your-project/reference/graalvm-25e1-ea/Contents/Home/lib/svm/builder/svm.jar',method,java.lang.reflect.Array#getShort,com.oracle.svm.core.jdk.Target_java_lang_reflect_Array#getShort
'file:/Users/you/src/your-project/reference/graalvm-25e1-ea/Contents/Home/lib/svm/builder/svm.jar',method,java.lang.reflect.Array#multiNewArray,com.oracle.svm.core.jdk.Target_java_lang_reflect_Array#multiNewArray
'file:/Users/you/src/your-project/reference/graalvm-25e1-ea/Contents/Home/lib/svm/builder/svm.jar',method,java.lang.reflect.Array#newArray,com.oracle.svm.core.jdk.Target_java_lang_reflect_Array#newArray
'file:/Users/you/src/your-project/reference/graalvm-25e1-ea/Contents/Home/lib/svm/builder/svm.jar',method,java.lang.reflect.Array#set,com.oracle.svm.core.jdk.Target_java_lang_reflect_Array#set
'file:/Users/you/src/your-project/reference/graalvm-25e1-ea/Contents/Home/lib/svm/builder/svm.jar',method,java.lang.reflect.Array#setBoolean,com.oracle.svm.core.jdk.Target_java_lang_reflect_Array#setBoolean
'file:/Users/you/src/your-project/reference/graalvm-25e1-ea/Contents/Home/lib/svm/builder/svm.jar',method,java.lang.reflect.Array#setByte,com.oracle.svm.core.jdk.Target_java_lang_reflect_Array#setByte
'file:/Users/you/src/your-project/reference/graalvm-25e1-ea/Contents/Home/lib/svm/builder/svm.jar',method,java.lang.reflect.Array#setChar,com.oracle.svm.core.jdk.Target_java_lang_reflect_Array#setChar
'file:/Users/you/src/your-project/reference/graalvm-25e1-ea/Contents/Home/lib/svm/builder/svm.jar',method,java.lang.reflect.Array#setDouble,com.oracle.svm.core.jdk.Target_java_lang_reflect_Array#setDouble
'file:/Users/you/src/your-project/reference/graalvm-25e1-ea/Contents/Home/lib/svm/builder/svm.jar',method,java.lang.reflect.Array#setFloat,com.oracle.svm.core.jdk.Target_java_lang_reflect_Array#setFloat
'file:/Users/you/src/your-project/reference/graalvm-25e1-ea/Contents/Home/lib/svm/builder/svm.jar',method,java.lang.reflect.Array#setInt,com.oracle.svm.core.jdk.Target_java_lang_reflect_Array#setInt
'file:/Users/you/src/your-project/reference/graalvm-25e1-ea/Contents/Home/lib/svm/builder/svm.jar',method,java.lang.reflect.Array#setLong,com.oracle.svm.core.jdk.Target_java_lang_reflect_Array#setLong
'file:/Users/you/src/your-project/reference/graalvm-25e1-ea/Contents/Home/lib/svm/builder/svm.jar',method,java.lang.reflect.Array#setShort,com.oracle.svm.core.jdk.Target_java_lang_reflect_Array#setShort
'file:/Users/you/src/your-project/reference/graalvm-25e1-ea/Contents/Home/lib/svm/builder/svm.jar',method,java.lang.reflect.Constructor#acquireConstructorAccessor,com.oracle.svm.core.reflect.target.Target_java_lang_reflect_Constructor#acquireConstructorAccessor
'file:/Users/you/src/your-project/reference/graalvm-25e1-ea/Contents/Home/lib/svm/builder/svm.jar',method,java.lang.reflect.Constructor#getModifiers,com.oracle.svm.core.reflect.target.Target_java_lang_reflect_Constructor#getModifiers
'file:/Users/you/src/your-project/reference/graalvm-25e1-ea/Contents/Home/lib/svm/builder/svm.jar',method,java.lang.reflect.Executable#getParameters0,com.oracle.svm.core.reflect.target.Target_java_lang_reflect_Executable#getParameters0
'file:/Users/you/src/your-project/reference/graalvm-25e1-ea/Contents/Home/lib/svm/builder/svm.jar',method,java.lang.reflect.Executable#getTypeAnnotationBytes0,com.oracle.svm.core.reflect.target.Target_java_lang_reflect_Executable#getTypeAnnotationBytes0
'file:/Users/you/src/your-project/reference/graalvm-25e1-ea/Contents/Home/lib/svm/builder/svm.jar',method,java.lang.reflect.Field#getFieldAccessor,com.oracle.svm.core.reflect.target.Target_java_lang_reflect_Field#getFieldAccessor
'file:/Users/you/src/your-project/reference/graalvm-25e1-ea/Contents/Home/lib/svm/builder/svm.jar',method,java.lang.reflect.Field#getModifiers,com.oracle.svm.core.reflect.target.Target_java_lang_reflect_Field#getModifiers
'file:/Users/you/src/your-project/reference/graalvm-25e1-ea/Contents/Home/lib/svm/builder/svm.jar',method,java.lang.reflect.Field#getOverrideFieldAccessor,com.oracle.svm.core.reflect.target.Target_java_lang_reflect_Field#getOverrideFieldAccessor
'file:/Users/you/src/your-project/reference/graalvm-25e1-ea/Contents/Home/lib/svm/builder/svm.jar',method,java.lang.reflect.Field#getTypeAnnotationBytes0,com.oracle.svm.core.reflect.target.Target_java_lang_reflect_Field#getTypeAnnotationBytes0
'file:/Users/you/src/your-project/reference/graalvm-25e1-ea/Contents/Home/lib/svm/builder/svm.jar',method,java.lang.reflect.Method#acquireMethodAccessor,com.oracle.svm.core.reflect.target.Target_java_lang_reflect_Method#acquireMethodAccessor
'file:/Users/you/src/your-project/reference/graalvm-25e1-ea/Contents/Home/lib/svm/builder/svm.jar',method,java.lang.reflect.Method#copy,com.oracle.svm.core.reflect.target.Target_java_lang_reflect_Method#copy
'file:/Users/you/src/your-project/reference/graalvm-25e1-ea/Contents/Home/lib/svm/builder/svm.jar',method,java.lang.reflect.Method#getDefaultValue,com.oracle.svm.core.reflect.target.Target_java_lang_reflect_Method#getDefaultValue
'file:/Users/you/src/your-project/reference/graalvm-25e1-ea/Contents/Home/lib/svm/builder/svm.jar',method,java.lang.reflect.Method#getModifiers,com.oracle.svm.core.reflect.target.Target_java_lang_reflect_Method#getModifiers
'file:/Users/you/src/your-project/reference/graalvm-25e1-ea/Contents/Home/lib/svm/builder/svm.jar',method,java.lang.reflect.Proxy#getProxyConstructor,com.oracle.svm.core.jdk.proxy.Target_java_lang_reflect_Proxy#getProxyConstructor
'file:/Users/you/src/your-project/reference/graalvm-25e1-ea/Contents/Home/lib/svm/builder/svm.jar',method,java.lang.reflect.Proxy#isProxyClass,com.oracle.svm.core.jdk.proxy.Target_java_lang_reflect_Proxy#isProxyClass
'file:/Users/you/src/your-project/reference/graalvm-25e1-ea/Contents/Home/lib/svm/builder/svm.jar',method,java.lang.reflect.ReflectAccess#copyConstructor,com.oracle.svm.core.reflect.target.Target_java_lang_reflect_ReflectAccess#copyConstructor
'file:/Users/you/src/your-project/reference/graalvm-25e1-ea/Contents/Home/lib/svm/builder/svm.jar',method,java.lang.reflect.ReflectAccess#copyField,com.oracle.svm.core.reflect.target.Target_java_lang_reflect_ReflectAccess#copyField
'file:/Users/you/src/your-project/reference/graalvm-25e1-ea/Contents/Home/lib/svm/builder/svm.jar',method,java.lang.reflect.ReflectAccess#copyMethod,com.oracle.svm.core.reflect.target.Target_java_lang_reflect_ReflectAccess#copyMethod
'file:/Users/you/src/your-project/reference/graalvm-25e1-ea/Contents/Home/lib/svm/builder/svm.jar',method,java.net.URL#getURLStreamHandler,com.oracle.svm.core.jdk.Target_java_net_URL#getURLStreamHandler
'file:/Users/you/src/your-project/reference/graalvm-25e1-ea/Contents/Home/lib/svm/builder/svm.jar',method,java.net.URL#setURLStreamHandlerFactory,com.oracle.svm.core.jdk.Target_java_net_URL#setURLStreamHandlerFactory
'file:/Users/you/src/your-project/reference/graalvm-25e1-ea/Contents/Home/lib/svm/builder/svm.jar',method,java.nio.channels.spi.SelectorProvider$Holder#provider,com.oracle.svm.core.jdk.Target_java_nio_channels_spi_SelectorProvider_Holder#provider
'file:/Users/you/src/your-project/reference/graalvm-25e1-ea/Contents/Home/lib/svm/builder/svm.jar',method,java.nio.charset.Charset#availableCharsets,com.oracle.svm.core.jdk.localization.substitutions.Target_java_nio_charset_Charset#availableCharsets
'file:/Users/you/src/your-project/reference/graalvm-25e1-ea/Contents/Home/lib/svm/builder/svm.jar',method,java.nio.charset.Charset#defaultCharset,com.oracle.svm.core.jdk.localization.substitutions.Target_java_nio_charset_Charset#defaultCharset
'file:/Users/you/src/your-project/reference/graalvm-25e1-ea/Contents/Home/lib/svm/builder/svm.jar',method,java.nio.charset.Charset#lookup2,com.oracle.svm.core.jdk.localization.substitutions.Target_java_nio_charset_Charset#lookup2
'file:/Users/you/src/your-project/reference/graalvm-25e1-ea/Contents/Home/lib/svm/builder/svm.jar',method,java.nio.file.spi.FileSystemProvider#installedProviders,com.oracle.svm.core.jdk.buildtimeinit.Target_java_nio_file_spi_FileSystemProvider_BuildTime#installedProviders
'file:/Users/you/src/your-project/reference/graalvm-25e1-ea/Contents/Home/lib/svm/builder/svm.jar',method,java.text.BreakIterator#getCharacterInstance,com.oracle.svm.core.jdk.localization.substitutions.Target_java_text_BreakIterator#getCharacterInstance
'file:/Users/you/src/your-project/reference/graalvm-25e1-ea/Contents/Home/lib/svm/builder/svm.jar',method,java.text.BreakIterator#getLineInstance,com.oracle.svm.core.jdk.localization.substitutions.Target_java_text_BreakIterator#getLineInstance
'file:/Users/you/src/your-project/reference/graalvm-25e1-ea/Contents/Home/lib/svm/builder/svm.jar',method,java.text.BreakIterator#getSentenceInstance,com.oracle.svm.core.jdk.localization.substitutions.Target_java_text_BreakIterator#getSentenceInstance
'file:/Users/you/src/your-project/reference/graalvm-25e1-ea/Contents/Home/lib/svm/builder/svm.jar',method,java.text.BreakIterator#getWordInstance,com.oracle.svm.core.jdk.localization.substitutions.Target_java_text_BreakIterator#getWordInstance
'file:/Users/you/src/your-project/reference/graalvm-25e1-ea/Contents/Home/lib/svm/builder/svm.jar',method,java.util.ListResourceBundle#loadLookup,com.oracle.svm.core.jdk.localization.substitutions.Target_java_util_ListResourceBundle_SubstituteLoadLookup#loadLookup
'file:/Users/you/src/your-project/reference/graalvm-25e1-ea/Contents/Home/lib/svm/builder/svm.jar',method,java.util.Optional#toString,com.oracle.svm.core.jdk.Target_java_util_Optional#toString
'file:/Users/you/src/your-project/reference/graalvm-25e1-ea/Contents/Home/lib/svm/builder/svm.jar',method,java.util.ResourceBundle#getBundleFromModule,com.oracle.svm.core.jdk.localization.substitutions.Target_java_util_ResourceBundle#getBundleFromModule
'file:/Users/you/src/your-project/reference/graalvm-25e1-ea/Contents/Home/lib/svm/builder/svm.jar',method,java.util.ResourceBundle#getBundleImpl,com.oracle.svm.core.jdk.localization.substitutions.Target_java_util_ResourceBundle#getBundleImpl
'file:/Users/you/src/your-project/reference/graalvm-25e1-ea/Contents/Home/lib/svm/builder/svm.jar',method,java.util.ResourceBundle$1#getBundle,com.oracle.svm.core.jdk.localization.substitutions.Target_java_util_ResourceBundle_1#getBundle
'file:/Users/you/src/your-project/reference/graalvm-25e1-ea/Contents/Home/lib/svm/builder/svm.jar',method,java.util.ResourceBundle$Control#needsReload,com.oracle.svm.core.jdk.localization.substitutions.Target_java_util_ResourceBundle_Control#needsReload
'file:/Users/you/src/your-project/reference/graalvm-25e1-ea/Contents/Home/lib/svm/builder/svm.jar',method,java.util.ResourceBundle$Control#newBundle,com.oracle.svm.core.jdk.localization.substitutions.Target_java_util_ResourceBundle_Control#newBundle
'file:/Users/you/src/your-project/reference/graalvm-25e1-ea/Contents/Home/lib/svm/builder/svm.jar',method,java.util.concurrent.ForkJoinPool#getCommonPoolParallelism,com.oracle.svm.core.jdk.Target_java_util_concurrent_ForkJoinPool#getCommonPoolParallelism
'file:/Users/you/src/your-project/reference/graalvm-25e1-ea/Contents/Home/lib/svm/builder/svm.jar',method,java.util.concurrent.ForkJoinTask#getException,com.oracle.svm.core.jdk.Target_java_util_concurrent_ForkJoinTask#getException
'file:/Users/you/src/your-project/reference/graalvm-25e1-ea/Contents/Home/lib/svm/builder/svm.jar',method,java.util.concurrent.atomic.AtomicReferenceFieldUpdater$AtomicReferenceFieldUpdaterImpl#<init>,com.oracle.svm.core.jdk.Target_java_util_concurrent_atomic_AtomicReferenceFieldUpdater_AtomicReferenceFieldUpdaterImpl#<init>
'file:/Users/you/src/your-project/reference/graalvm-25e1-ea/Contents/Home/lib/svm/builder/svm.jar',method,javax.crypto.JceSecurity#getVerificationResult,com.oracle.svm.core.jdk.Target_javax_crypto_JceSecurity#getVerificationResult
'file:/Users/you/src/your-project/reference/graalvm-25e1-ea/Contents/Home/lib/svm/builder/svm.jar',method,javax.crypto.JceSecurityManager#getCryptoPermission,com.oracle.svm.core.jdk.Target_javax_crypto_JceSecurityManager#getCryptoPermission
'file:/Users/you/src/your-project/reference/graalvm-25e1-ea/Contents/Home/lib/svm/builder/svm.jar',method,jdk.internal.access.SharedSecrets#getJavaAWTAccess,com.oracle.svm.core.jdk.Target_jdk_internal_access_SharedSecrets#getJavaAWTAccess
'file:/Users/you/src/your-project/reference/graalvm-25e1-ea/Contents/Home/lib/svm/builder/svm.jar',method,jdk.internal.loader.BootLoader#findResource,com.oracle.svm.core.jdk.Target_jdk_internal_loader_BootLoader#findResource
'file:/Users/you/src/your-project/reference/graalvm-25e1-ea/Contents/Home/lib/svm/builder/svm.jar',method,jdk.internal.loader.BootLoader#findResources,com.oracle.svm.core.jdk.Target_jdk_internal_loader_BootLoader#findResources
'file:/Users/you/src/your-project/reference/graalvm-25e1-ea/Contents/Home/lib/svm/builder/svm.jar',method,jdk.internal.loader.BootLoader#getDefinedPackage,com.oracle.svm.core.jdk.Target_jdk_internal_loader_BootLoader#getDefinedPackage
'file:/Users/you/src/your-project/reference/graalvm-25e1-ea/Contents/Home/lib/svm/builder/svm.jar',method,jdk.internal.loader.BootLoader#hasClassPath,com.oracle.svm.core.jdk.Target_jdk_internal_loader_BootLoader#hasClassPath
'file:/Users/you/src/your-project/reference/graalvm-25e1-ea/Contents/Home/lib/svm/builder/svm.jar',method,jdk.internal.loader.BootLoader#loadLibrary,com.oracle.svm.core.jdk.Target_jdk_internal_loader_BootLoader#loadLibrary
'file:/Users/you/src/your-project/reference/graalvm-25e1-ea/Contents/Home/lib/svm/builder/svm.jar',method,jdk.internal.loader.BootLoader#packages,com.oracle.svm.core.jdk.Target_jdk_internal_loader_BootLoader#packages
'file:/Users/you/src/your-project/reference/graalvm-25e1-ea/Contents/Home/lib/svm/builder/svm.jar',method,jdk.internal.loader.BuiltinClassLoader#defineClass,com.oracle.svm.core.jdk.Target_jdk_internal_loader_BuiltinClassLoader#defineClass
'file:/Users/you/src/your-project/reference/graalvm-25e1-ea/Contents/Home/lib/svm/builder/svm.jar',method,jdk.internal.loader.BuiltinClassLoader#findClass,com.oracle.svm.core.jdk.Target_jdk_internal_loader_BuiltinClassLoader#findClass
'file:/Users/you/src/your-project/reference/graalvm-25e1-ea/Contents/Home/lib/svm/builder/svm.jar',method,jdk.internal.loader.BuiltinClassLoader#findMiscResource,com.oracle.svm.core.jdk.Target_jdk_internal_loader_BuiltinClassLoader#findMiscResource
'file:/Users/you/src/your-project/reference/graalvm-25e1-ea/Contents/Home/lib/svm/builder/svm.jar',method,jdk.internal.loader.BuiltinClassLoader#findResource,com.oracle.svm.core.jdk.Target_jdk_internal_loader_BuiltinClassLoader#findResource
'file:/Users/you/src/your-project/reference/graalvm-25e1-ea/Contents/Home/lib/svm/builder/svm.jar',method,jdk.internal.loader.BuiltinClassLoader#findResourceAsStream,com.oracle.svm.core.jdk.Target_jdk_internal_loader_BuiltinClassLoader#findResourceAsStream
'file:/Users/you/src/your-project/reference/graalvm-25e1-ea/Contents/Home/lib/svm/builder/svm.jar',method,jdk.internal.loader.BuiltinClassLoader#findResources,com.oracle.svm.core.jdk.Target_jdk_internal_loader_BuiltinClassLoader#findResources
'file:/Users/you/src/your-project/reference/graalvm-25e1-ea/Contents/Home/lib/svm/builder/svm.jar',method,jdk.internal.loader.BuiltinClassLoader#loadClass,com.oracle.svm.core.jdk.Target_jdk_internal_loader_BuiltinClassLoader#loadClass
'file:/Users/you/src/your-project/reference/graalvm-25e1-ea/Contents/Home/lib/svm/builder/svm.jar',method,jdk.internal.loader.NativeLibraries#find,com.oracle.svm.core.jdk.Target_jdk_internal_loader_NativeLibraries#find
'file:/Users/you/src/your-project/reference/graalvm-25e1-ea/Contents/Home/lib/svm/builder/svm.jar',method,jdk.internal.loader.NativeLibraries#newInstance,com.oracle.svm.core.jdk.Target_jdk_internal_loader_NativeLibraries#newInstance
'file:/Users/you/src/your-project/reference/graalvm-25e1-ea/Contents/Home/lib/svm/builder/svm.jar',method,jdk.internal.misc.Unsafe#addressSize,com.oracle.svm.core.jdk.Target_jdk_internal_misc_Unsafe_Core#addressSize
'file:/Users/you/src/your-project/reference/graalvm-25e1-ea/Contents/Home/lib/svm/builder/svm.jar',method,jdk.internal.misc.Unsafe#allocateMemory0,com.oracle.svm.core.jdk.Target_jdk_internal_misc_Unsafe_Core#allocateMemory0
'file:/Users/you/src/your-project/reference/graalvm-25e1-ea/Contents/Home/lib/svm/builder/svm.jar',method,jdk.internal.misc.Unsafe#arrayBaseOffset,com.oracle.svm.core.jdk.Target_jdk_internal_misc_Unsafe_Core#arrayBaseOffset
'file:/Users/you/src/your-project/reference/graalvm-25e1-ea/Contents/Home/lib/svm/builder/svm.jar',method,jdk.internal.misc.Unsafe#arrayIndexScale,com.oracle.svm.core.jdk.Target_jdk_internal_misc_Unsafe_Core#arrayIndexScale
'file:/Users/you/src/your-project/reference/graalvm-25e1-ea/Contents/Home/lib/svm/builder/svm.jar',method,jdk.internal.misc.Unsafe#copyMemory0,com.oracle.svm.core.jdk.Target_jdk_internal_misc_Unsafe_Core#copyMemory0
'file:/Users/you/src/your-project/reference/graalvm-25e1-ea/Contents/Home/lib/svm/builder/svm.jar',method,jdk.internal.misc.Unsafe#copySwapMemory0,com.oracle.svm.core.jdk.Target_jdk_internal_misc_Unsafe_Core#copySwapMemory0
'file:/Users/you/src/your-project/reference/graalvm-25e1-ea/Contents/Home/lib/svm/builder/svm.jar',method,jdk.internal.misc.Unsafe#defineClass0,com.oracle.svm.core.jdk.Target_jdk_internal_misc_Unsafe_Core#defineClass0
'file:/Users/you/src/your-project/reference/graalvm-25e1-ea/Contents/Home/lib/svm/builder/svm.jar',method,jdk.internal.misc.Unsafe#ensureClassInitialized,com.oracle.svm.core.jdk.Target_jdk_internal_misc_Unsafe_Core#ensureClassInitialized
'file:/Users/you/src/your-project/reference/graalvm-25e1-ea/Contents/Home/lib/svm/builder/svm.jar',method,jdk.internal.misc.Unsafe#freeMemory0,com.oracle.svm.core.jdk.Target_jdk_internal_misc_Unsafe_Core#freeMemory0
'file:/Users/you/src/your-project/reference/graalvm-25e1-ea/Contents/Home/lib/svm/builder/svm.jar',method,jdk.internal.misc.Unsafe#fullFence,com.oracle.svm.core.jdk.Target_jdk_internal_misc_Unsafe_Core#fullFence
'file:/Users/you/src/your-project/reference/graalvm-25e1-ea/Contents/Home/lib/svm/builder/svm.jar',method,jdk.internal.misc.Unsafe#getLoadAverage0,com.oracle.svm.core.jdk.Target_jdk_internal_misc_Unsafe_Core#getLoadAverage0
'file:/Users/you/src/your-project/reference/graalvm-25e1-ea/Contents/Home/lib/svm/builder/svm.jar',method,jdk.internal.misc.Unsafe#getUncompressedObject,com.oracle.svm.core.jdk.Target_jdk_internal_misc_Unsafe_Core#getUncompressedObject
'file:/Users/you/src/your-project/reference/graalvm-25e1-ea/Contents/Home/lib/svm/builder/svm.jar',method,jdk.internal.misc.Unsafe#loadFence,com.oracle.svm.core.jdk.Target_jdk_internal_misc_Unsafe_Core#loadFence
'file:/Users/you/src/your-project/reference/graalvm-25e1-ea/Contents/Home/lib/svm/builder/svm.jar',method,jdk.internal.misc.Unsafe#objectFieldOffset,com.oracle.svm.core.reflect.target.Target_jdk_internal_misc_Unsafe_Reflection#objectFieldOffset
'file:/Users/you/src/your-project/reference/graalvm-25e1-ea/Contents/Home/lib/svm/builder/svm.jar',method,jdk.internal.misc.Unsafe#pageSize,com.oracle.svm.core.jdk.Target_jdk_internal_misc_Unsafe_Core#pageSize
'file:/Users/you/src/your-project/reference/graalvm-25e1-ea/Contents/Home/lib/svm/builder/svm.jar',method,jdk.internal.misc.Unsafe#reallocateMemory0,com.oracle.svm.core.jdk.Target_jdk_internal_misc_Unsafe_Core#reallocateMemory0
'file:/Users/you/src/your-project/reference/graalvm-25e1-ea/Contents/Home/lib/svm/builder/svm.jar',method,jdk.internal.misc.Unsafe#setMemory0,com.oracle.svm.core.jdk.Target_jdk_internal_misc_Unsafe_Core#setMemory0
'file:/Users/you/src/your-project/reference/graalvm-25e1-ea/Contents/Home/lib/svm/builder/svm.jar',method,jdk.internal.misc.Unsafe#shouldBeInitialized,com.oracle.svm.core.jdk.Target_jdk_internal_misc_Unsafe_Core#shouldBeInitialized
'file:/Users/you/src/your-project/reference/graalvm-25e1-ea/Contents/Home/lib/svm/builder/svm.jar',method,jdk.internal.misc.Unsafe#staticFieldBase,com.oracle.svm.core.reflect.target.Target_jdk_internal_misc_Unsafe_Reflection#staticFieldBase
'file:/Users/you/src/your-project/reference/graalvm-25e1-ea/Contents/Home/lib/svm/builder/svm.jar',method,jdk.internal.misc.Unsafe#staticFieldOffset,com.oracle.svm.core.reflect.target.Target_jdk_internal_misc_Unsafe_Reflection#staticFieldOffset
'file:/Users/you/src/your-project/reference/graalvm-25e1-ea/Contents/Home/lib/svm/builder/svm.jar',method,jdk.internal.misc.Unsafe#storeFence,com.oracle.svm.core.jdk.Target_jdk_internal_misc_Unsafe_Core#storeFence
'file:/Users/you/src/your-project/reference/graalvm-25e1-ea/Contents/Home/lib/svm/builder/svm.jar',method,jdk.internal.misc.Unsafe#throwException,com.oracle.svm.core.jdk.Target_jdk_internal_misc_Unsafe_Core#throwException
'file:/Users/you/src/your-project/reference/graalvm-25e1-ea/Contents/Home/lib/svm/builder/svm.jar',method,jdk.internal.misc.VM#getRuntimeArguments,com.oracle.svm.core.jdk.Target_jdk_internal_misc_VM#getRuntimeArguments
'file:/Users/you/src/your-project/reference/graalvm-25e1-ea/Contents/Home/lib/svm/builder/svm.jar',method,jdk.internal.misc.VM#getSavedProperty,com.oracle.svm.core.jdk.Target_jdk_internal_misc_VM#getSavedProperty
'file:/Users/you/src/your-project/reference/graalvm-25e1-ea/Contents/Home/lib/svm/builder/svm.jar',method,jdk.internal.misc.VM#latestUserDefinedLoader0,com.oracle.svm.core.jdk.Target_jdk_internal_misc_VM#latestUserDefinedLoader0
'file:/Users/you/src/your-project/reference/graalvm-25e1-ea/Contents/Home/lib/svm/builder/svm.jar',method,jdk.internal.module.ServicesCatalog#putServicesCatalog,com.oracle.svm.core.jdk.Target_jdk_internal_module_ServicesCatalog#putServicesCatalog
'file:/Users/you/src/your-project/reference/graalvm-25e1-ea/Contents/Home/lib/svm/builder/svm.jar',method,jdk.internal.perf.PerfCounter#add,com.oracle.svm.core.jvmstat.Target_jdk_internal_perf_PerfCounter#add
'file:/Users/you/src/your-project/reference/graalvm-25e1-ea/Contents/Home/lib/svm/builder/svm.jar',method,jdk.internal.perf.PerfCounter#get,com.oracle.svm.core.jvmstat.Target_jdk_internal_perf_PerfCounter#get
'file:/Users/you/src/your-project/reference/graalvm-25e1-ea/Contents/Home/lib/svm/builder/svm.jar',method,jdk.internal.perf.PerfCounter#newConstantPerfCounter,com.oracle.svm.core.jvmstat.Target_jdk_internal_perf_PerfCounter#newConstantPerfCounter
'file:/Users/you/src/your-project/reference/graalvm-25e1-ea/Contents/Home/lib/svm/builder/svm.jar',method,jdk.internal.perf.PerfCounter#newPerfCounter,com.oracle.svm.core.jvmstat.Target_jdk_internal_perf_PerfCounter#newPerfCounter
'file:/Users/you/src/your-project/reference/graalvm-25e1-ea/Contents/Home/lib/svm/builder/svm.jar',method,jdk.internal.perf.PerfCounter#set,com.oracle.svm.core.jvmstat.Target_jdk_internal_perf_PerfCounter#set
'file:/Users/you/src/your-project/reference/graalvm-25e1-ea/Contents/Home/lib/svm/builder/svm.jar',method,jdk.internal.ref.CleanerImpl#run,com.oracle.svm.core.heap.Target_jdk_internal_ref_CleanerImpl#run
'file:/Users/you/src/your-project/reference/graalvm-25e1-ea/Contents/Home/lib/svm/builder/svm.jar',method,jdk.internal.reflect.Reflection#areNestMates,com.oracle.svm.core.jdk.Target_jdk_internal_reflect_Reflection#areNestMates
'file:/Users/you/src/your-project/reference/graalvm-25e1-ea/Contents/Home/lib/svm/builder/svm.jar',method,jdk.internal.reflect.Reflection#getClassAccessFlags,com.oracle.svm.core.jdk.Target_jdk_internal_reflect_Reflection#getClassAccessFlags
'file:/Users/you/src/your-project/reference/graalvm-25e1-ea/Contents/Home/lib/svm/builder/svm.jar',method,jdk.internal.reflect.ReflectionFactory#classFileFormatVersion,com.oracle.svm.core.hub.Target_jdk_internal_reflect_ReflectionFactory#classFileFormatVersion
'file:/Users/you/src/your-project/reference/graalvm-25e1-ea/Contents/Home/lib/svm/builder/svm.jar',method,jdk.internal.reflect.ReflectionFactory#generateConstructor,com.oracle.svm.core.hub.Target_jdk_internal_reflect_ReflectionFactory#generateConstructor
'file:/Users/you/src/your-project/reference/graalvm-25e1-ea/Contents/Home/lib/svm/builder/svm.jar',method,jdk.internal.reflect.ReflectionFactory#getReflectionFactory,com.oracle.svm.core.hub.Target_jdk_internal_reflect_ReflectionFactory#getReflectionFactory
'file:/Users/you/src/your-project/reference/graalvm-25e1-ea/Contents/Home/lib/svm/builder/svm.jar',method,jdk.internal.reflect.ReflectionFactory#newFieldAccessor,com.oracle.svm.core.hub.Target_jdk_internal_reflect_ReflectionFactory#newFieldAccessor
'file:/Users/you/src/your-project/reference/graalvm-25e1-ea/Contents/Home/lib/svm/builder/svm.jar',method,jdk.internal.util.Exceptions#setup,com.oracle.svm.core.jdk.Target_jdk_internal_util_Exceptions#setup
'file:/Users/you/src/your-project/reference/graalvm-25e1-ea/Contents/Home/lib/svm/builder/svm.jar',method,jdk.internal.util.StaticProperty#fileEncoding,com.oracle.svm.core.jdk.Target_jdk_internal_util_StaticProperty#fileEncoding
'file:/Users/you/src/your-project/reference/graalvm-25e1-ea/Contents/Home/lib/svm/builder/svm.jar',method,jdk.internal.util.StaticProperty#javaHome,com.oracle.svm.core.jdk.Target_jdk_internal_util_StaticProperty#javaHome
'file:/Users/you/src/your-project/reference/graalvm-25e1-ea/Contents/Home/lib/svm/builder/svm.jar',method,jdk.internal.util.StaticProperty#javaIoTmpDir,com.oracle.svm.core.jdk.Target_jdk_internal_util_StaticProperty#javaIoTmpDir
'file:/Users/you/src/your-project/reference/graalvm-25e1-ea/Contents/Home/lib/svm/builder/svm.jar',method,jdk.internal.util.StaticProperty#javaLibraryPath,com.oracle.svm.core.jdk.Target_jdk_internal_util_StaticProperty#javaLibraryPath
'file:/Users/you/src/your-project/reference/graalvm-25e1-ea/Contents/Home/lib/svm/builder/svm.jar',method,jdk.internal.util.StaticProperty#javaLocaleUseOldISOCodes,com.oracle.svm.core.jdk.Target_jdk_internal_util_StaticProperty#javaLocaleUseOldISOCodes
'file:/Users/you/src/your-project/reference/graalvm-25e1-ea/Contents/Home/lib/svm/builder/svm.jar',method,jdk.internal.util.StaticProperty#javaPropertiesDate,com.oracle.svm.core.jdk.Target_jdk_internal_util_StaticProperty#javaPropertiesDate
'file:/Users/you/src/your-project/reference/graalvm-25e1-ea/Contents/Home/lib/svm/builder/svm.jar',method,jdk.internal.util.StaticProperty#jdkSerialFilter,com.oracle.svm.core.jdk.Target_jdk_internal_util_StaticProperty#jdkSerialFilter
'file:/Users/you/src/your-project/reference/graalvm-25e1-ea/Contents/Home/lib/svm/builder/svm.jar',method,jdk.internal.util.StaticProperty#jdkSerialFilterFactory,com.oracle.svm.core.jdk.Target_jdk_internal_util_StaticProperty#jdkSerialFilterFactory
'file:/Users/you/src/your-project/reference/graalvm-25e1-ea/Contents/Home/lib/svm/builder/svm.jar',method,jdk.internal.util.StaticProperty#jnuEncoding,com.oracle.svm.core.jdk.Target_jdk_internal_util_StaticProperty#jnuEncoding
'file:/Users/you/src/your-project/reference/graalvm-25e1-ea/Contents/Home/lib/svm/builder/svm.jar',method,jdk.internal.util.StaticProperty#nativeEncoding,com.oracle.svm.core.jdk.Target_jdk_internal_util_StaticProperty#nativeEncoding
'file:/Users/you/src/your-project/reference/graalvm-25e1-ea/Contents/Home/lib/svm/builder/svm.jar',method,jdk.internal.util.StaticProperty#osArch,com.oracle.svm.core.jdk.Target_jdk_internal_util_StaticProperty#osArch
'file:/Users/you/src/your-project/reference/graalvm-25e1-ea/Contents/Home/lib/svm/builder/svm.jar',method,jdk.internal.util.StaticProperty#osName,com.oracle.svm.core.jdk.Target_jdk_internal_util_StaticProperty#osName
'file:/Users/you/src/your-project/reference/graalvm-25e1-ea/Contents/Home/lib/svm/builder/svm.jar',method,jdk.internal.util.StaticProperty#osVersion,com.oracle.svm.core.jdk.Target_jdk_internal_util_StaticProperty#osVersion
'file:/Users/you/src/your-project/reference/graalvm-25e1-ea/Contents/Home/lib/svm/builder/svm.jar',method,jdk.internal.util.StaticProperty#sunBootLibraryPath,com.oracle.svm.core.jdk.Target_jdk_internal_util_StaticProperty#sunBootLibraryPath
'file:/Users/you/src/your-project/reference/graalvm-25e1-ea/Contents/Home/lib/svm/builder/svm.jar',method,jdk.internal.util.StaticProperty#userDir,com.oracle.svm.core.jdk.Target_jdk_internal_util_StaticProperty#userDir
'file:/Users/you/src/your-project/reference/graalvm-25e1-ea/Contents/Home/lib/svm/builder/svm.jar',method,jdk.internal.util.StaticProperty#userHome,com.oracle.svm.core.jdk.Target_jdk_internal_util_StaticProperty#userHome
'file:/Users/you/src/your-project/reference/graalvm-25e1-ea/Contents/Home/lib/svm/builder/svm.jar',method,jdk.internal.util.StaticProperty#userName,com.oracle.svm.core.jdk.Target_jdk_internal_util_StaticProperty#userName
'file:/Users/you/src/your-project/reference/graalvm-25e1-ea/Contents/Home/lib/svm/builder/svm.jar',method,jdk.internal.vm.Continuation#doYield,com.oracle.svm.core.thread.Target_jdk_internal_vm_Continuation#doYield
'file:/Users/you/src/your-project/reference/graalvm-25e1-ea/Contents/Home/lib/svm/builder/svm.jar',method,jdk.internal.vm.Continuation#enter,com.oracle.svm.core.thread.Target_jdk_internal_vm_Continuation#enter
'file:/Users/you/src/your-project/reference/graalvm-25e1-ea/Contents/Home/lib/svm/builder/svm.jar',method,jdk.internal.vm.Continuation#enter0,com.oracle.svm.core.thread.Target_jdk_internal_vm_Continuation#enter0
'file:/Users/you/src/your-project/reference/graalvm-25e1-ea/Contents/Home/lib/svm/builder/svm.jar',method,jdk.internal.vm.Continuation#enterSpecial,com.oracle.svm.core.thread.Target_jdk_internal_vm_Continuation#enterSpecial
'file:/Users/you/src/your-project/reference/graalvm-25e1-ea/Contents/Home/lib/svm/builder/svm.jar',method,jdk.internal.vm.Continuation#isEmpty,com.oracle.svm.core.thread.Target_jdk_internal_vm_Continuation#isEmpty
'file:/Users/you/src/your-project/reference/graalvm-25e1-ea/Contents/Home/lib/svm/builder/svm.jar',method,jdk.internal.vm.Continuation#isPinned0,com.oracle.svm.core.thread.Target_jdk_internal_vm_Continuation#isPinned0
'file:/Users/you/src/your-project/reference/graalvm-25e1-ea/Contents/Home/lib/svm/builder/svm.jar',method,jdk.internal.vm.Continuation#isStarted,com.oracle.svm.core.thread.Target_jdk_internal_vm_Continuation#isStarted
'file:/Users/you/src/your-project/reference/graalvm-25e1-ea/Contents/Home/lib/svm/builder/svm.jar',method,jdk.internal.vm.Continuation#pin,com.oracle.svm.core.thread.Target_jdk_internal_vm_Continuation#pin
'file:/Users/you/src/your-project/reference/graalvm-25e1-ea/Contents/Home/lib/svm/builder/svm.jar',method,jdk.internal.vm.Continuation#postYieldCleanup,com.oracle.svm.core.thread.Target_jdk_internal_vm_Continuation#postYieldCleanup
'file:/Users/you/src/your-project/reference/graalvm-25e1-ea/Contents/Home/lib/svm/builder/svm.jar',method,jdk.internal.vm.Continuation#registerNatives,com.oracle.svm.core.thread.Target_jdk_internal_vm_Continuation#registerNatives
'file:/Users/you/src/your-project/reference/graalvm-25e1-ea/Contents/Home/lib/svm/builder/svm.jar',method,jdk.internal.vm.Continuation#unpin,com.oracle.svm.core.thread.Target_jdk_internal_vm_Continuation#unpin
'file:/Users/you/src/your-project/reference/graalvm-25e1-ea/Contents/Home/lib/svm/builder/svm.jar',method,jdk.internal.vm.ContinuationSupport#isSupported,com.oracle.svm.core.thread.Target_jdk_internal_vm_ContinuationSupport#isSupported
'file:/Users/you/src/your-project/reference/graalvm-25e1-ea/Contents/Home/lib/svm/builder/svm.jar',method,jdk.internal.vm.ThreadContainers#children,com.oracle.svm.core.thread.Target_jdk_internal_vm_ThreadContainers#children
'file:/Users/you/src/your-project/reference/graalvm-25e1-ea/Contents/Home/lib/svm/builder/svm.jar',method,jdk.internal.vm.ThreadContainers#deregisterContainer,com.oracle.svm.core.thread.Target_jdk_internal_vm_ThreadContainers#deregisterContainer
'file:/Users/you/src/your-project/reference/graalvm-25e1-ea/Contents/Home/lib/svm/builder/svm.jar',method,jdk.internal.vm.ThreadContainers#registerContainer,com.oracle.svm.core.thread.Target_jdk_internal_vm_ThreadContainers#registerContainer
'file:/Users/you/src/your-project/reference/graalvm-25e1-ea/Contents/Home/lib/svm/builder/svm.jar',method,sun.nio.ch.Net#discardOOB,com.oracle.svm.core.jdk.Target_sun_nio_ch_Net#discardOOB
'file:/Users/you/src/your-project/reference/graalvm-25e1-ea/Contents/Home/lib/svm/builder/svm.jar',method,sun.nio.ch.Util#newMappedByteBuffer,com.oracle.svm.core.jdk.Target_sun_nio_ch_Util#newMappedByteBuffer
'file:/Users/you/src/your-project/reference/graalvm-25e1-ea/Contents/Home/lib/svm/builder/svm.jar',method,sun.nio.ch.Util#newMappedByteBufferR,com.oracle.svm.core.jdk.Target_sun_nio_ch_Util#newMappedByteBufferR
'file:/Users/you/src/your-project/reference/graalvm-25e1-ea/Contents/Home/lib/svm/builder/svm.jar',method,sun.reflect.annotation.AnnotationInvocationHandler#memberValueToString,com.oracle.svm.core.reflect.target.Target_sun_reflect_annotation_AnnotationInvocationHandler#memberValueToString
'file:/Users/you/src/your-project/reference/graalvm-25e1-ea/Contents/Home/lib/svm/builder/svm.jar',method,sun.reflect.annotation.AnnotationParser#parseAnnotation2,com.oracle.svm.core.reflect.target.Target_sun_reflect_annotation_AnnotationParser#parseAnnotation2
'file:/Users/you/src/your-project/reference/graalvm-25e1-ea/Contents/Home/lib/svm/builder/svm.jar',method,sun.reflect.annotation.AnnotationParser#parseArray,com.oracle.svm.core.reflect.target.Target_sun_reflect_annotation_AnnotationParser#parseArray
'file:/Users/you/src/your-project/reference/graalvm-25e1-ea/Contents/Home/lib/svm/builder/svm.jar',method,sun.reflect.annotation.AnnotationParser#parseClassValue,com.oracle.svm.core.reflect.target.Target_sun_reflect_annotation_AnnotationParser#parseClassValue
'file:/Users/you/src/your-project/reference/graalvm-25e1-ea/Contents/Home/lib/svm/builder/svm.jar',method,sun.reflect.annotation.AnnotationParser#parseConst,com.oracle.svm.core.reflect.target.Target_sun_reflect_annotation_AnnotationParser#parseConst
'file:/Users/you/src/your-project/reference/graalvm-25e1-ea/Contents/Home/lib/svm/builder/svm.jar',method,sun.reflect.annotation.AnnotationParser#parseEnumValue,com.oracle.svm.core.reflect.target.Target_sun_reflect_annotation_AnnotationParser#parseEnumValue
'file:/Users/you/src/your-project/reference/graalvm-25e1-ea/Contents/Home/lib/svm/builder/svm.jar',method,sun.rmi.transport.GC#maxObjectInspectionAge,com.oracle.svm.core.jdk.Target_sun_rmi_transport_GC#maxObjectInspectionAge
'file:/Users/you/src/your-project/reference/graalvm-25e1-ea/Contents/Home/lib/svm/builder/svm.jar',method,sun.security.jca.ProviderConfig#doLoadProvider,com.oracle.svm.core.jdk.Target_sun_security_jca_ProviderConfig#doLoadProvider
'file:/Users/you/src/your-project/reference/graalvm-25e1-ea/Contents/Home/lib/svm/builder/svm.jar',method,sun.security.ssl.TrustStoreManager#getTrustedCerts,com.oracle.svm.core.jdk.Target_sun_security_ssl_TrustStoreManager#getTrustedCerts
'file:/Users/you/src/your-project/reference/graalvm-25e1-ea/Contents/Home/lib/svm/builder/svm.jar',method,sun.security.ssl.TrustStoreManager#getTrustedKeyStore,com.oracle.svm.core.jdk.Target_sun_security_ssl_TrustStoreManager#getTrustedKeyStore
'file:/Users/you/src/your-project/reference/graalvm-25e1-ea/Contents/Home/lib/svm/builder/svm.jar',method,sun.util.locale.InternalLocaleBuilder#setExtensions,com.oracle.svm.core.jdk.localization.substitutions.Target_sun_util_locale_InternalLocaleBuilder#setExtensions
'file:/Users/you/src/your-project/reference/graalvm-25e1-ea/Contents/Home/lib/svm/builder/svm.jar',method,sun.util.locale.provider.JRELocaleProviderAdapter#createLanguageTagSet,com.oracle.svm.core.jdk.localization.substitutions.Target_sun_util_locale_provider_JRELocaleProviderAdapter#createLanguageTagSet
'file:/Users/you/src/your-project/reference/graalvm-25e1-ea/Contents/Home/lib/svm/builder/svm.jar',method,sun.util.locale.provider.LocaleServiceProviderPool#getAllAvailableLocales,com.oracle.svm.core.jdk.localization.substitutions.Target_sun_util_locale_provider_LocaleServiceProviderPool#getAllAvailableLocales
'file:/Users/you/src/your-project/reference/graalvm-25e1-ea/Contents/Home/lib/svm/builder/svm.jar',method,sun.util.locale.provider.LocaleServiceProviderPool#getAvailableLocales,com.oracle.svm.core.jdk.localization.substitutions.Target_sun_util_locale_provider_LocaleServiceProviderPool#getAvailableLocales
'file:/Users/you/src/your-project/reference/graalvm-25e1-ea/Contents/Home/lib/svm/builder/svm.jar',method,sun.util.resources.OpenListResourceBundle#loadLookup,com.oracle.svm.core.jdk.localization.substitutions.Target_sun_util_resources_OpenListResourceBundle_SubstituteLoadLookup#loadLookup
'file:/Users/you/src/your-project/reference/graalvm-25e1-ea/Contents/Home/lib/svm/builder/svm.jar',method,sun.util.resources.ParallelListResourceBundle#areParallelContentsComplete,com.oracle.svm.core.jdk.localization.substitutions.Target_sun_util_resources_ParallelListResourceBundle_SubstituteLoadLookup#areParallelContentsComplete
'file:/Users/you/src/your-project/reference/graalvm-25e1-ea/Contents/Home/lib/svm/builder/svm.jar',method,sun.util.resources.ParallelListResourceBundle#loadLookupTablesIfNecessary,com.oracle.svm.core.jdk.localization.substitutions.Target_sun_util_resources_ParallelListResourceBundle_SubstituteLoadLookup#loadLookupTablesIfNecessary
'file:/Users/you/src/your-project/reference/graalvm-25e1-ea/Contents/Home/lib/svm/builder/svm.jar',method,sun.util.resources.ParallelListResourceBundle#setParallelContents,com.oracle.svm.core.jdk.localization.substitutions.Target_sun_util_resources_ParallelListResourceBundle_SubstituteLoadLookup#setParallelContents
'file:/Users/you/src/your-project/reference/graalvm-25e1-ea/Contents/Home/lib/svm/tools/svm-wasm/builder/svm-wasm.jar',method,com.oracle.svm.core.InvalidMethodPointerHandler#invalidCodeAddressHandler,com.oracle.svm.webimage.substitute.WebImageInvalidMethodPointerHandler#invalidCodeAddressHandler
'file:/Users/you/src/your-project/reference/graalvm-25e1-ea/Contents/Home/lib/svm/tools/svm-wasm/builder/svm-wasm.jar',method,com.oracle.svm.core.InvalidMethodPointerHandler#invalidVTableEntryHandler,com.oracle.svm.webimage.substitute.WebImageInvalidMethodPointerHandler#invalidVTableEntryHandler
'file:/Users/you/src/your-project/reference/graalvm-25e1-ea/Contents/Home/lib/svm/tools/svm-wasm/builder/svm-wasm.jar',method,com.oracle.svm.core.InvalidMethodPointerHandler#methodPointerNotCompiledHandler,com.oracle.svm.webimage.substitute.WebImageInvalidMethodPointerHandler#methodPointerNotCompiledHandler
'file:/Users/you/src/your-project/reference/graalvm-25e1-ea/Contents/Home/lib/svm/tools/svm-wasm/builder/svm-wasm.jar',method,com.oracle.svm.core.deopt.Deoptimizer#checkEagerDeoptimized,com.oracle.svm.webimage.substitute.Target_com_oracle_svm_core_deopt_Deoptimizer#checkEagerDeoptimized
'file:/Users/you/src/your-project/reference/graalvm-25e1-ea/Contents/Home/lib/svm/tools/svm-wasm/builder/svm-wasm.jar',method,com.oracle.svm.core.deopt.Deoptimizer#checkLazyDeoptimized,com.oracle.svm.webimage.substitute.Target_com_oracle_svm_core_deopt_Deoptimizer#checkLazyDeoptimized
'file:/Users/you/src/your-project/reference/graalvm-25e1-ea/Contents/Home/lib/svm/tools/svm-wasm/builder/svm-wasm.jar',method,com.oracle.svm.core.deopt.Deoptimizer#deoptSourceFrameEagerly,com.oracle.svm.webimage.substitute.Target_com_oracle_svm_core_deopt_Deoptimizer#deoptSourceFrameEagerly
'file:/Users/you/src/your-project/reference/graalvm-25e1-ea/Contents/Home/lib/svm/tools/svm-wasm/builder/svm-wasm.jar',method,com.oracle.svm.core.deopt.Deoptimizer#deoptSourceFrameLazily,com.oracle.svm.webimage.substitute.Target_com_oracle_svm_core_deopt_Deoptimizer#deoptSourceFrameLazily
'file:/Users/you/src/your-project/reference/graalvm-25e1-ea/Contents/Home/lib/svm/tools/svm-wasm/builder/svm-wasm.jar',method,com.oracle.svm.core.deopt.Deoptimizer#deoptimizeFrame,com.oracle.svm.webimage.substitute.Target_com_oracle_svm_core_deopt_Deoptimizer#deoptimizeFrame
'file:/Users/you/src/your-project/reference/graalvm-25e1-ea/Contents/Home/lib/svm/tools/svm-wasm/builder/svm-wasm.jar',method,com.oracle.svm.core.deopt.Deoptimizer#deoptimizeFrameEagerly,com.oracle.svm.webimage.substitute.Target_com_oracle_svm_core_deopt_Deoptimizer#deoptimizeFrameEagerly
'file:/Users/you/src/your-project/reference/graalvm-25e1-ea/Contents/Home/lib/svm/tools/svm-wasm/builder/svm-wasm.jar',method,com.oracle.svm.core.deopt.Deoptimizer#invalidateMethodOfFrame,com.oracle.svm.webimage.substitute.Target_com_oracle_svm_core_deopt_Deoptimizer#invalidateMethodOfFrame
'file:/Users/you/src/your-project/reference/graalvm-25e1-ea/Contents/Home/lib/svm/tools/svm-wasm/builder/svm-wasm.jar',method,com.oracle.svm.core.threadlocal.FastThreadLocalInt#compareAndSet,com.oracle.svm.webimage.substitute.Target_FastThreadLocalInt_Web#compareAndSet
'file:/Users/you/src/your-project/reference/graalvm-25e1-ea/Contents/Home/lib/svm/tools/svm-wasm/builder/svm-wasm.jar',method,com.oracle.svm.core.threadlocal.FastThreadLocalInt#get,com.oracle.svm.webimage.substitute.Target_FastThreadLocalInt_Web#get
'file:/Users/you/src/your-project/reference/graalvm-25e1-ea/Contents/Home/lib/svm/tools/svm-wasm/builder/svm-wasm.jar',method,com.oracle.svm.core.threadlocal.FastThreadLocalInt#getVolatile,com.oracle.svm.webimage.substitute.Target_FastThreadLocalInt_Web#getVolatile
'file:/Users/you/src/your-project/reference/graalvm-25e1-ea/Contents/Home/lib/svm/tools/svm-wasm/builder/svm-wasm.jar',method,com.oracle.svm.core.threadlocal.FastThreadLocalInt#set,com.oracle.svm.webimage.substitute.Target_FastThreadLocalInt_Web#set
'file:/Users/you/src/your-project/reference/graalvm-25e1-ea/Contents/Home/lib/svm/tools/svm-wasm/builder/svm-wasm.jar',method,com.oracle.svm.core.threadlocal.FastThreadLocalInt#setVolatile,com.oracle.svm.webimage.substitute.Target_FastThreadLocalInt_Web#setVolatile
'file:/Users/you/src/your-project/reference/graalvm-25e1-ea/Contents/Home/lib/svm/tools/svm-wasm/builder/svm-wasm.jar',method,com.oracle.svm.core.threadlocal.FastThreadLocalLong#compareAndSet,com.oracle.svm.webimage.substitute.Target_FastThreadLocalLong_Web#compareAndSet
'file:/Users/you/src/your-project/reference/graalvm-25e1-ea/Contents/Home/lib/svm/tools/svm-wasm/builder/svm-wasm.jar',method,com.oracle.svm.core.threadlocal.FastThreadLocalLong#get,com.oracle.svm.webimage.substitute.Target_FastThreadLocalLong_Web#get
'file:/Users/you/src/your-project/reference/graalvm-25e1-ea/Contents/Home/lib/svm/tools/svm-wasm/builder/svm-wasm.jar',method,com.oracle.svm.core.threadlocal.FastThreadLocalLong#getVolatile,com.oracle.svm.webimage.substitute.Target_FastThreadLocalLong_Web#getVolatile
'file:/Users/you/src/your-project/reference/graalvm-25e1-ea/Contents/Home/lib/svm/tools/svm-wasm/builder/svm-wasm.jar',method,com.oracle.svm.core.threadlocal.FastThreadLocalLong#set,com.oracle.svm.webimage.substitute.Target_FastThreadLocalLong_Web#set
'file:/Users/you/src/your-project/reference/graalvm-25e1-ea/Contents/Home/lib/svm/tools/svm-wasm/builder/svm-wasm.jar',method,com.oracle.svm.core.threadlocal.FastThreadLocalLong#setVolatile,com.oracle.svm.webimage.substitute.Target_FastThreadLocalLong_Web#setVolatile
'file:/Users/you/src/your-project/reference/graalvm-25e1-ea/Contents/Home/lib/svm/tools/svm-wasm/builder/svm-wasm.jar',method,com.oracle.svm.core.threadlocal.FastThreadLocalObject#compareAndSet,com.oracle.svm.webimage.substitute.Target_FastThreadLocalObject_Web#compareAndSet
'file:/Users/you/src/your-project/reference/graalvm-25e1-ea/Contents/Home/lib/svm/tools/svm-wasm/builder/svm-wasm.jar',method,com.oracle.svm.core.threadlocal.FastThreadLocalObject#get,com.oracle.svm.webimage.substitute.Target_FastThreadLocalObject_Web#get
'file:/Users/you/src/your-project/reference/graalvm-25e1-ea/Contents/Home/lib/svm/tools/svm-wasm/builder/svm-wasm.jar',method,com.oracle.svm.core.threadlocal.FastThreadLocalObject#getVolatile,com.oracle.svm.webimage.substitute.Target_FastThreadLocalObject_Web#getVolatile
'file:/Users/you/src/your-project/reference/graalvm-25e1-ea/Contents/Home/lib/svm/tools/svm-wasm/builder/svm-wasm.jar',method,com.oracle.svm.core.threadlocal.FastThreadLocalObject#set,com.oracle.svm.webimage.substitute.Target_FastThreadLocalObject_Web#set
'file:/Users/you/src/your-project/reference/graalvm-25e1-ea/Contents/Home/lib/svm/tools/svm-wasm/builder/svm-wasm.jar',method,com.oracle.svm.core.threadlocal.FastThreadLocalObject#setVolatile,com.oracle.svm.webimage.substitute.Target_FastThreadLocalObject_Web#setVolatile
'file:/Users/you/src/your-project/reference/graalvm-25e1-ea/Contents/Home/lib/svm/tools/svm-wasm/builder/svm-wasm.jar',method,com.oracle.svm.core.threadlocal.FastThreadLocalWord#compareAndSet,com.oracle.svm.webimage.substitute.Target_FastThreadLocalWord_Web#compareAndSet
'file:/Users/you/src/your-project/reference/graalvm-25e1-ea/Contents/Home/lib/svm/tools/svm-wasm/builder/svm-wasm.jar',method,com.oracle.svm.core.threadlocal.FastThreadLocalWord#get,com.oracle.svm.webimage.substitute.Target_FastThreadLocalWord_Web#get
'file:/Users/you/src/your-project/reference/graalvm-25e1-ea/Contents/Home/lib/svm/tools/svm-wasm/builder/svm-wasm.jar',method,com.oracle.svm.core.threadlocal.FastThreadLocalWord#getAddress,com.oracle.svm.webimage.substitute.Target_FastThreadLocalWord_Web#getAddress
'file:/Users/you/src/your-project/reference/graalvm-25e1-ea/Contents/Home/lib/svm/tools/svm-wasm/builder/svm-wasm.jar',method,com.oracle.svm.core.threadlocal.FastThreadLocalWord#getVolatile,com.oracle.svm.webimage.substitute.Target_FastThreadLocalWord_Web#getVolatile
'file:/Users/you/src/your-project/reference/graalvm-25e1-ea/Contents/Home/lib/svm/tools/svm-wasm/builder/svm-wasm.jar',method,com.oracle.svm.core.threadlocal.FastThreadLocalWord#set,com.oracle.svm.webimage.substitute.Target_FastThreadLocalWord_Web#set
'file:/Users/you/src/your-project/reference/graalvm-25e1-ea/Contents/Home/lib/svm/tools/svm-wasm/builder/svm-wasm.jar',method,com.oracle.svm.core.threadlocal.FastThreadLocalWord#setVolatile,com.oracle.svm.webimage.substitute.Target_FastThreadLocalWord_Web#setVolatile
'file:/Users/you/src/your-project/reference/graalvm-25e1-ea/Contents/Home/lib/svm/tools/svm-wasm/builder/svm-wasm.jar',method,com.oracle.svm.shared.util.VMError#intentionallyUnimplemented,com.oracle.svm.hosted.webimage.wasmgc.substitute.Target_com_oracle_svm_shared_util_VMError_Web#intentionallyUnimplemented
'file:/Users/you/src/your-project/reference/graalvm-25e1-ea/Contents/Home/lib/svm/tools/svm-wasm/builder/svm-wasm.jar',method,com.oracle.svm.shared.util.VMError#shouldNotReachHere,com.oracle.svm.hosted.webimage.wasmgc.substitute.Target_com_oracle_svm_shared_util_VMError_Web#shouldNotReachHere
'file:/Users/you/src/your-project/reference/graalvm-25e1-ea/Contents/Home/lib/svm/tools/svm-wasm/builder/svm-wasm.jar',method,com.oracle.svm.shared.util.VMError#shouldNotReachHereAtRuntime,com.oracle.svm.hosted.webimage.wasmgc.substitute.Target_com_oracle_svm_shared_util_VMError_Web#shouldNotReachHereAtRuntime
'file:/Users/you/src/your-project/reference/graalvm-25e1-ea/Contents/Home/lib/svm/tools/svm-wasm/builder/svm-wasm.jar',method,com.oracle.svm.shared.util.VMError#shouldNotReachHereOverrideInChild,com.oracle.svm.hosted.webimage.wasmgc.substitute.Target_com_oracle_svm_shared_util_VMError_Web#shouldNotReachHereOverrideInChild
'file:/Users/you/src/your-project/reference/graalvm-25e1-ea/Contents/Home/lib/svm/tools/svm-wasm/builder/svm-wasm.jar',method,com.oracle.svm.shared.util.VMError#shouldNotReachHereSubstitution,com.oracle.svm.hosted.webimage.wasmgc.substitute.Target_com_oracle_svm_shared_util_VMError_Web#shouldNotReachHereSubstitution
'file:/Users/you/src/your-project/reference/graalvm-25e1-ea/Contents/Home/lib/svm/tools/svm-wasm/builder/svm-wasm.jar',method,com.oracle.svm.shared.util.VMError#shouldNotReachHereUnexpectedInput,com.oracle.svm.hosted.webimage.wasmgc.substitute.Target_com_oracle_svm_shared_util_VMError_Web#shouldNotReachHereUnexpectedInput
'file:/Users/you/src/your-project/reference/graalvm-25e1-ea/Contents/Home/lib/svm/tools/svm-wasm/builder/svm-wasm.jar',method,com.oracle.svm.shared.util.VMError#unsupportedFeature,com.oracle.svm.hosted.webimage.wasmgc.substitute.Target_com_oracle_svm_shared_util_VMError_Web#unsupportedFeature
'file:/Users/you/src/your-project/reference/graalvm-25e1-ea/Contents/Home/lib/svm/tools/svm-wasm/builder/svm-wasm.jar',method,com.oracle.svm.shared.util.VMError#unsupportedPlatform,com.oracle.svm.hosted.webimage.wasmgc.substitute.Target_com_oracle_svm_shared_util_VMError_Web#unsupportedPlatform
'file:/Users/you/src/your-project/reference/graalvm-25e1-ea/Contents/Home/lib/svm/tools/svm-wasm/builder/svm-wasm.jar',method,java.io.FileDescriptor#close0,com.oracle.svm.webimage.substitute.system.Target_java_io_FileDescriptor_Web#close0
'file:/Users/you/src/your-project/reference/graalvm-25e1-ea/Contents/Home/lib/svm/tools/svm-wasm/builder/svm-wasm.jar',method,java.io.FileInputStream#available,com.oracle.svm.webimage.substitute.system.Target_java_io_FileInputStream_Web#available
'file:/Users/you/src/your-project/reference/graalvm-25e1-ea/Contents/Home/lib/svm/tools/svm-wasm/builder/svm-wasm.jar',method,java.io.FileInputStream#close,com.oracle.svm.webimage.substitute.system.Target_java_io_FileInputStream_Web#close
'file:/Users/you/src/your-project/reference/graalvm-25e1-ea/Contents/Home/lib/svm/tools/svm-wasm/builder/svm-wasm.jar',method,java.io.FileInputStream#getChannel,com.oracle.svm.webimage.substitute.system.Target_java_io_FileInputStream_Web#getChannel
'file:/Users/you/src/your-project/reference/graalvm-25e1-ea/Contents/Home/lib/svm/tools/svm-wasm/builder/svm-wasm.jar',method,java.io.FileInputStream#initIDs,com.oracle.svm.webimage.substitute.system.Target_java_io_FileInputStream_Web#initIDs
'file:/Users/you/src/your-project/reference/graalvm-25e1-ea/Contents/Home/lib/svm/tools/svm-wasm/builder/svm-wasm.jar',method,java.io.FileInputStream#isRegularFile,com.oracle.svm.webimage.substitute.system.Target_java_io_FileInputStream_Web#isRegularFile
'file:/Users/you/src/your-project/reference/graalvm-25e1-ea/Contents/Home/lib/svm/tools/svm-wasm/builder/svm-wasm.jar',method,java.io.FileInputStream#length0,com.oracle.svm.webimage.substitute.system.Target_java_io_FileInputStream_Web#length0
'file:/Users/you/src/your-project/reference/graalvm-25e1-ea/Contents/Home/lib/svm/tools/svm-wasm/builder/svm-wasm.jar',method,java.io.FileInputStream#open0,com.oracle.svm.webimage.substitute.system.Target_java_io_FileInputStream_Web#open0
'file:/Users/you/src/your-project/reference/graalvm-25e1-ea/Contents/Home/lib/svm/tools/svm-wasm/builder/svm-wasm.jar',method,java.io.FileInputStream#position0,com.oracle.svm.webimage.substitute.system.Target_java_io_FileInputStream_Web#position0
'file:/Users/you/src/your-project/reference/graalvm-25e1-ea/Contents/Home/lib/svm/tools/svm-wasm/builder/svm-wasm.jar',method,java.io.FileInputStream#read,com.oracle.svm.webimage.substitute.system.Target_java_io_FileInputStream_Web#read
'file:/Users/you/src/your-project/reference/graalvm-25e1-ea/Contents/Home/lib/svm/tools/svm-wasm/builder/svm-wasm.jar',method,java.io.FileInputStream#readBytes,com.oracle.svm.webimage.substitute.system.Target_java_io_FileInputStream_Web#readBytes
'file:/Users/you/src/your-project/reference/graalvm-25e1-ea/Contents/Home/lib/svm/tools/svm-wasm/builder/svm-wasm.jar',method,java.io.FileInputStream#skip,com.oracle.svm.webimage.substitute.system.Target_java_io_FileInputStream_Web#skip
'file:/Users/you/src/your-project/reference/graalvm-25e1-ea/Contents/Home/lib/svm/tools/svm-wasm/builder/svm-wasm.jar',method,java.io.FileOutputStream#initIDs,com.oracle.svm.webimage.substitute.system.Target_java_io_FileOutputStream_Web#initIDs
'file:/Users/you/src/your-project/reference/graalvm-25e1-ea/Contents/Home/lib/svm/tools/svm-wasm/builder/svm-wasm.jar',method,java.io.FileOutputStream#open0,com.oracle.svm.webimage.substitute.system.Target_java_io_FileOutputStream_Web#open0
'file:/Users/you/src/your-project/reference/graalvm-25e1-ea/Contents/Home/lib/svm/tools/svm-wasm/builder/svm-wasm.jar',method,java.io.FileOutputStream#write,com.oracle.svm.webimage.substitute.system.Target_java_io_FileOutputStream_Web#write
'file:/Users/you/src/your-project/reference/graalvm-25e1-ea/Contents/Home/lib/svm/tools/svm-wasm/builder/svm-wasm.jar',method,java.io.FileOutputStream#writeBytes,com.oracle.svm.webimage.substitute.system.Target_java_io_FileOutputStream_Web#writeBytes
'file:/Users/you/src/your-project/reference/graalvm-25e1-ea/Contents/Home/lib/svm/tools/svm-wasm/builder/svm-wasm.jar',method,java.io.RandomAccessFile#getFilePointer,com.oracle.svm.webimage.substitute.system.Target_java_io_RandomAccessFile_Web#getFilePointer
'file:/Users/you/src/your-project/reference/graalvm-25e1-ea/Contents/Home/lib/svm/tools/svm-wasm/builder/svm-wasm.jar',method,java.io.RandomAccessFile#initIDs,com.oracle.svm.webimage.substitute.system.Target_java_io_RandomAccessFile_Web#initIDs
'file:/Users/you/src/your-project/reference/graalvm-25e1-ea/Contents/Home/lib/svm/tools/svm-wasm/builder/svm-wasm.jar',method,java.io.RandomAccessFile#length,com.oracle.svm.webimage.substitute.system.Target_java_io_RandomAccessFile_Web#length
'file:/Users/you/src/your-project/reference/graalvm-25e1-ea/Contents/Home/lib/svm/tools/svm-wasm/builder/svm-wasm.jar',method,java.io.RandomAccessFile#open0,com.oracle.svm.webimage.substitute.system.Target_java_io_RandomAccessFile_Web#open0
'file:/Users/you/src/your-project/reference/graalvm-25e1-ea/Contents/Home/lib/svm/tools/svm-wasm/builder/svm-wasm.jar',method,java.io.RandomAccessFile#read0,com.oracle.svm.webimage.substitute.system.Target_java_io_RandomAccessFile_Web#read0
'file:/Users/you/src/your-project/reference/graalvm-25e1-ea/Contents/Home/lib/svm/tools/svm-wasm/builder/svm-wasm.jar',method,java.io.RandomAccessFile#readBytes0,com.oracle.svm.webimage.substitute.system.Target_java_io_RandomAccessFile_Web#readBytes0
'file:/Users/you/src/your-project/reference/graalvm-25e1-ea/Contents/Home/lib/svm/tools/svm-wasm/builder/svm-wasm.jar',method,java.io.RandomAccessFile#seek0,com.oracle.svm.webimage.substitute.system.Target_java_io_RandomAccessFile_Web#seek0
'file:/Users/you/src/your-project/reference/graalvm-25e1-ea/Contents/Home/lib/svm/tools/svm-wasm/builder/svm-wasm.jar',method,java.io.RandomAccessFile#setLength,com.oracle.svm.webimage.substitute.system.Target_java_io_RandomAccessFile_Web#setLength
'file:/Users/you/src/your-project/reference/graalvm-25e1-ea/Contents/Home/lib/svm/tools/svm-wasm/builder/svm-wasm.jar',method,java.io.RandomAccessFile#write0,com.oracle.svm.webimage.substitute.system.Target_java_io_RandomAccessFile_Web#write0
'file:/Users/you/src/your-project/reference/graalvm-25e1-ea/Contents/Home/lib/svm/tools/svm-wasm/builder/svm-wasm.jar',method,java.io.RandomAccessFile#writeBytes,com.oracle.svm.webimage.substitute.system.Target_java_io_RandomAccessFile_Web#writeBytes
'file:/Users/you/src/your-project/reference/graalvm-25e1-ea/Contents/Home/lib/svm/tools/svm-wasm/builder/svm-wasm.jar',method,java.io.UnixFileSystem#canonicalize,com.oracle.svm.webimage.substitute.system.Target_java_io_UnixFileSystem_Web#canonicalize
'file:/Users/you/src/your-project/reference/graalvm-25e1-ea/Contents/Home/lib/svm/tools/svm-wasm/builder/svm-wasm.jar',method,java.io.UnixFileSystem#checkAccess,com.oracle.svm.webimage.substitute.system.Target_java_io_UnixFileSystem_Web#checkAccess
'file:/Users/you/src/your-project/reference/graalvm-25e1-ea/Contents/Home/lib/svm/tools/svm-wasm/builder/svm-wasm.jar',method,java.io.UnixFileSystem#compare,com.oracle.svm.webimage.substitute.system.Target_java_io_UnixFileSystem_Web#compare
'file:/Users/you/src/your-project/reference/graalvm-25e1-ea/Contents/Home/lib/svm/tools/svm-wasm/builder/svm-wasm.jar',method,java.io.UnixFileSystem#createDirectory,com.oracle.svm.webimage.substitute.system.Target_java_io_UnixFileSystem_Web#createDirectory
'file:/Users/you/src/your-project/reference/graalvm-25e1-ea/Contents/Home/lib/svm/tools/svm-wasm/builder/svm-wasm.jar',method,java.io.UnixFileSystem#createFileExclusively,com.oracle.svm.webimage.substitute.system.Target_java_io_UnixFileSystem_Web#createFileExclusively
'file:/Users/you/src/your-project/reference/graalvm-25e1-ea/Contents/Home/lib/svm/tools/svm-wasm/builder/svm-wasm.jar',method,java.io.UnixFileSystem#delete,com.oracle.svm.webimage.substitute.system.Target_java_io_UnixFileSystem_Web#delete
'file:/Users/you/src/your-project/reference/graalvm-25e1-ea/Contents/Home/lib/svm/tools/svm-wasm/builder/svm-wasm.jar',method,java.io.UnixFileSystem#fromURIPath,com.oracle.svm.webimage.substitute.system.Target_java_io_UnixFileSystem_Web#fromURIPath
'file:/Users/you/src/your-project/reference/graalvm-25e1-ea/Contents/Home/lib/svm/tools/svm-wasm/builder/svm-wasm.jar',method,java.io.UnixFileSystem#getBooleanAttributes,com.oracle.svm.webimage.substitute.system.Target_java_io_UnixFileSystem_Web#getBooleanAttributes
'file:/Users/you/src/your-project/reference/graalvm-25e1-ea/Contents/Home/lib/svm/tools/svm-wasm/builder/svm-wasm.jar',method,java.io.UnixFileSystem#getDefaultParent,com.oracle.svm.webimage.substitute.system.Target_java_io_UnixFileSystem_Web#getDefaultParent
'file:/Users/you/src/your-project/reference/graalvm-25e1-ea/Contents/Home/lib/svm/tools/svm-wasm/builder/svm-wasm.jar',method,java.io.UnixFileSystem#getLastModifiedTime,com.oracle.svm.webimage.substitute.system.Target_java_io_UnixFileSystem_Web#getLastModifiedTime
'file:/Users/you/src/your-project/reference/graalvm-25e1-ea/Contents/Home/lib/svm/tools/svm-wasm/builder/svm-wasm.jar',method,java.io.UnixFileSystem#getLength,com.oracle.svm.webimage.substitute.system.Target_java_io_UnixFileSystem_Web#getLength
'file:/Users/you/src/your-project/reference/graalvm-25e1-ea/Contents/Home/lib/svm/tools/svm-wasm/builder/svm-wasm.jar',method,java.io.UnixFileSystem#getNameMax,com.oracle.svm.webimage.substitute.system.Target_java_io_UnixFileSystem_Web#getNameMax
'file:/Users/you/src/your-project/reference/graalvm-25e1-ea/Contents/Home/lib/svm/tools/svm-wasm/builder/svm-wasm.jar',method,java.io.UnixFileSystem#getPathSeparator,com.oracle.svm.webimage.substitute.system.Target_java_io_UnixFileSystem_Web#getPathSeparator
'file:/Users/you/src/your-project/reference/graalvm-25e1-ea/Contents/Home/lib/svm/tools/svm-wasm/builder/svm-wasm.jar',method,java.io.UnixFileSystem#getSeparator,com.oracle.svm.webimage.substitute.system.Target_java_io_UnixFileSystem_Web#getSeparator
'file:/Users/you/src/your-project/reference/graalvm-25e1-ea/Contents/Home/lib/svm/tools/svm-wasm/builder/svm-wasm.jar',method,java.io.UnixFileSystem#getSpace,com.oracle.svm.webimage.substitute.system.Target_java_io_UnixFileSystem_Web#getSpace
'file:/Users/you/src/your-project/reference/graalvm-25e1-ea/Contents/Home/lib/svm/tools/svm-wasm/builder/svm-wasm.jar',method,java.io.UnixFileSystem#hasBooleanAttributes,com.oracle.svm.webimage.substitute.system.Target_java_io_UnixFileSystem_Web#hasBooleanAttributes
'file:/Users/you/src/your-project/reference/graalvm-25e1-ea/Contents/Home/lib/svm/tools/svm-wasm/builder/svm-wasm.jar',method,java.io.UnixFileSystem#hashCode,com.oracle.svm.webimage.substitute.system.Target_java_io_UnixFileSystem_Web#hashCode
'file:/Users/you/src/your-project/reference/graalvm-25e1-ea/Contents/Home/lib/svm/tools/svm-wasm/builder/svm-wasm.jar',method,java.io.UnixFileSystem#isAbsolute,com.oracle.svm.webimage.substitute.system.Target_java_io_UnixFileSystem_Web#isAbsolute
'file:/Users/you/src/your-project/reference/graalvm-25e1-ea/Contents/Home/lib/svm/tools/svm-wasm/builder/svm-wasm.jar',method,java.io.UnixFileSystem#isInvalid,com.oracle.svm.webimage.substitute.system.Target_java_io_UnixFileSystem_Web#isInvalid
'file:/Users/you/src/your-project/reference/graalvm-25e1-ea/Contents/Home/lib/svm/tools/svm-wasm/builder/svm-wasm.jar',method,java.io.UnixFileSystem#list,com.oracle.svm.webimage.substitute.system.Target_java_io_UnixFileSystem_Web#list
'file:/Users/you/src/your-project/reference/graalvm-25e1-ea/Contents/Home/lib/svm/tools/svm-wasm/builder/svm-wasm.jar',method,java.io.UnixFileSystem#listRoots,com.oracle.svm.webimage.substitute.system.Target_java_io_UnixFileSystem_Web#listRoots
'file:/Users/you/src/your-project/reference/graalvm-25e1-ea/Contents/Home/lib/svm/tools/svm-wasm/builder/svm-wasm.jar',method,java.io.UnixFileSystem#normalize,com.oracle.svm.webimage.substitute.system.Target_java_io_UnixFileSystem_Web#normalize
'file:/Users/you/src/your-project/reference/graalvm-25e1-ea/Contents/Home/lib/svm/tools/svm-wasm/builder/svm-wasm.jar',method,java.io.UnixFileSystem#prefixLength,com.oracle.svm.webimage.substitute.system.Target_java_io_UnixFileSystem_Web#prefixLength
'file:/Users/you/src/your-project/reference/graalvm-25e1-ea/Contents/Home/lib/svm/tools/svm-wasm/builder/svm-wasm.jar',method,java.io.UnixFileSystem#rename,com.oracle.svm.webimage.substitute.system.Target_java_io_UnixFileSystem_Web#rename
'file:/Users/you/src/your-project/reference/graalvm-25e1-ea/Contents/Home/lib/svm/tools/svm-wasm/builder/svm-wasm.jar',method,java.io.UnixFileSystem#resolve,com.oracle.svm.webimage.substitute.system.Target_java_io_UnixFileSystem_Web#resolve
'file:/Users/you/src/your-project/reference/graalvm-25e1-ea/Contents/Home/lib/svm/tools/svm-wasm/builder/svm-wasm.jar',method,java.io.UnixFileSystem#setLastModifiedTime,com.oracle.svm.webimage.substitute.system.Target_java_io_UnixFileSystem_Web#setLastModifiedTime
'file:/Users/you/src/your-project/reference/graalvm-25e1-ea/Contents/Home/lib/svm/tools/svm-wasm/builder/svm-wasm.jar',method,java.io.UnixFileSystem#setPermission,com.oracle.svm.webimage.substitute.system.Target_java_io_UnixFileSystem_Web#setPermission
'file:/Users/you/src/your-project/reference/graalvm-25e1-ea/Contents/Home/lib/svm/tools/svm-wasm/builder/svm-wasm.jar',method,java.io.UnixFileSystem#setReadOnly,com.oracle.svm.webimage.substitute.system.Target_java_io_UnixFileSystem_Web#setReadOnly
'file:/Users/you/src/your-project/reference/graalvm-25e1-ea/Contents/Home/lib/svm/tools/svm-wasm/builder/svm-wasm.jar',method,java.lang.Math#IEEEremainder,com.oracle.svm.webimage.substitute.system.Target_java_lang_Math_Web#IEEEremainder
'file:/Users/you/src/your-project/reference/graalvm-25e1-ea/Contents/Home/lib/svm/tools/svm-wasm/builder/svm-wasm.jar',method,java.lang.Math#acos,com.oracle.svm.webimage.substitute.system.Target_java_lang_Math_Web#acos
'file:/Users/you/src/your-project/reference/graalvm-25e1-ea/Contents/Home/lib/svm/tools/svm-wasm/builder/svm-wasm.jar',method,java.lang.Math#asin,com.oracle.svm.webimage.substitute.system.Target_java_lang_Math_Web#asin
'file:/Users/you/src/your-project/reference/graalvm-25e1-ea/Contents/Home/lib/svm/tools/svm-wasm/builder/svm-wasm.jar',method,java.lang.Math#atan,com.oracle.svm.webimage.substitute.system.Target_java_lang_Math_Web#atan
'file:/Users/you/src/your-project/reference/graalvm-25e1-ea/Contents/Home/lib/svm/tools/svm-wasm/builder/svm-wasm.jar',method,java.lang.Math#atan2,com.oracle.svm.webimage.substitute.system.Target_java_lang_Math_Web#atan2
'file:/Users/you/src/your-project/reference/graalvm-25e1-ea/Contents/Home/lib/svm/tools/svm-wasm/builder/svm-wasm.jar',method,java.lang.Math#cbrt,com.oracle.svm.webimage.substitute.system.Target_java_lang_Math_Web#cbrt
'file:/Users/you/src/your-project/reference/graalvm-25e1-ea/Contents/Home/lib/svm/tools/svm-wasm/builder/svm-wasm.jar',method,java.lang.Math#cosh,com.oracle.svm.webimage.substitute.system.Target_java_lang_Math_Web#cosh
'file:/Users/you/src/your-project/reference/graalvm-25e1-ea/Contents/Home/lib/svm/tools/svm-wasm/builder/svm-wasm.jar',method,java.lang.Math#expm1,com.oracle.svm.webimage.substitute.system.Target_java_lang_Math_Web#expm1
'file:/Users/you/src/your-project/reference/graalvm-25e1-ea/Contents/Home/lib/svm/tools/svm-wasm/builder/svm-wasm.jar',method,java.lang.Math#hypot,com.oracle.svm.webimage.substitute.system.Target_java_lang_Math_Web#hypot
'file:/Users/you/src/your-project/reference/graalvm-25e1-ea/Contents/Home/lib/svm/tools/svm-wasm/builder/svm-wasm.jar',method,java.lang.Math#log1p,com.oracle.svm.webimage.substitute.system.Target_java_lang_Math_Web#log1p
'file:/Users/you/src/your-project/reference/graalvm-25e1-ea/Contents/Home/lib/svm/tools/svm-wasm/builder/svm-wasm.jar',method,java.lang.Math#sinh,com.oracle.svm.webimage.substitute.system.Target_java_lang_Math_Web#sinh
'file:/Users/you/src/your-project/reference/graalvm-25e1-ea/Contents/Home/lib/svm/tools/svm-wasm/builder/svm-wasm.jar',method,java.lang.Math#sqrt,com.oracle.svm.webimage.substitute.system.Target_java_lang_Math_Web#sqrt
'file:/Users/you/src/your-project/reference/graalvm-25e1-ea/Contents/Home/lib/svm/tools/svm-wasm/builder/svm-wasm.jar',method,java.lang.Math#tanh,com.oracle.svm.webimage.substitute.system.Target_java_lang_Math_Web#tanh
'file:/Users/you/src/your-project/reference/graalvm-25e1-ea/Contents/Home/lib/svm/tools/svm-wasm/builder/svm-wasm.jar',method,java.lang.Module#getResourceAsStream,com.oracle.svm.webimage.substitute.system.Target_java_lang_Module_Web#getResourceAsStream
'file:/Users/you/src/your-project/reference/graalvm-25e1-ea/Contents/Home/lib/svm/tools/svm-wasm/builder/svm-wasm.jar',method,java.lang.ProcessBuilder#start,com.oracle.svm.webimage.substitute.system.Target_java_lang_ProcessBuilder_Web#start
'file:/Users/you/src/your-project/reference/graalvm-25e1-ea/Contents/Home/lib/svm/tools/svm-wasm/builder/svm-wasm.jar',method,java.lang.ProcessEnvironment#environ,com.oracle.svm.webimage.substitute.system.Target_java_lang_ProcessEnvironment_Web#environ
'file:/Users/you/src/your-project/reference/graalvm-25e1-ea/Contents/Home/lib/svm/tools/svm-wasm/builder/svm-wasm.jar',method,java.lang.ProcessImpl#init,com.oracle.svm.webimage.substitute.system.Target_java_lang_ProcessImpl_Web#init
'file:/Users/you/src/your-project/reference/graalvm-25e1-ea/Contents/Home/lib/svm/tools/svm-wasm/builder/svm-wasm.jar',method,java.lang.Runtime#availableProcessors,com.oracle.svm.webimage.substitute.system.Target_java_lang_Runtime_Web#availableProcessors
'file:/Users/you/src/your-project/reference/graalvm-25e1-ea/Contents/Home/lib/svm/tools/svm-wasm/builder/svm-wasm.jar',method,java.lang.Runtime#freeMemory,com.oracle.svm.webimage.substitute.system.Target_java_lang_Runtime_Web#freeMemory
'file:/Users/you/src/your-project/reference/graalvm-25e1-ea/Contents/Home/lib/svm/tools/svm-wasm/builder/svm-wasm.jar',method,java.lang.Runtime#gc,com.oracle.svm.webimage.substitute.system.Target_java_lang_Runtime_Web#gc
'file:/Users/you/src/your-project/reference/graalvm-25e1-ea/Contents/Home/lib/svm/tools/svm-wasm/builder/svm-wasm.jar',method,java.lang.Runtime#maxMemory,com.oracle.svm.webimage.substitute.system.Target_java_lang_Runtime_Web#maxMemory
'file:/Users/you/src/your-project/reference/graalvm-25e1-ea/Contents/Home/lib/svm/tools/svm-wasm/builder/svm-wasm.jar',method,java.lang.Runtime#totalMemory,com.oracle.svm.webimage.substitute.system.Target_java_lang_Runtime_Web#totalMemory
'file:/Users/you/src/your-project/reference/graalvm-25e1-ea/Contents/Home/lib/svm/tools/svm-wasm/builder/svm-wasm.jar',method,java.lang.SecurityManager#getClassContext,com.oracle.svm.webimage.substitute.system.Target_java_lang_SecurityManager_Web#getClassContext
'file:/Users/you/src/your-project/reference/graalvm-25e1-ea/Contents/Home/lib/svm/tools/svm-wasm/builder/svm-wasm.jar',method,java.lang.StackTraceElement#of,com.oracle.svm.webimage.substitute.system.Target_java_lang_StackTraceElement_Web#of
'file:/Users/you/src/your-project/reference/graalvm-25e1-ea/Contents/Home/lib/svm/tools/svm-wasm/builder/svm-wasm.jar',method,java.lang.StackWalker#forEach,com.oracle.svm.webimage.substitute.system.Target_java_lang_StackWalker_Web#forEach
'file:/Users/you/src/your-project/reference/graalvm-25e1-ea/Contents/Home/lib/svm/tools/svm-wasm/builder/svm-wasm.jar',method,java.lang.StackWalker#getCallerClass,com.oracle.svm.webimage.substitute.system.Target_java_lang_StackWalker_Web#getCallerClass
'file:/Users/you/src/your-project/reference/graalvm-25e1-ea/Contents/Home/lib/svm/tools/svm-wasm/builder/svm-wasm.jar',method,java.lang.StackWalker#walk,com.oracle.svm.webimage.substitute.system.Target_java_lang_StackWalker_Web#walk
'file:/Users/you/src/your-project/reference/graalvm-25e1-ea/Contents/Home/lib/svm/tools/svm-wasm/builder/svm-wasm.jar',method,java.lang.StrictMath#IEEEremainder,com.oracle.svm.webimage.substitute.system.Target_java_lang_StrictMath_Web#IEEEremainder
'file:/Users/you/src/your-project/reference/graalvm-25e1-ea/Contents/Home/lib/svm/tools/svm-wasm/builder/svm-wasm.jar',method,java.lang.StrictMath#acos,com.oracle.svm.webimage.substitute.system.Target_java_lang_StrictMath_Web#acos
'file:/Users/you/src/your-project/reference/graalvm-25e1-ea/Contents/Home/lib/svm/tools/svm-wasm/builder/svm-wasm.jar',method,java.lang.StrictMath#asin,com.oracle.svm.webimage.substitute.system.Target_java_lang_StrictMath_Web#asin
'file:/Users/you/src/your-project/reference/graalvm-25e1-ea/Contents/Home/lib/svm/tools/svm-wasm/builder/svm-wasm.jar',method,java.lang.StrictMath#atan,com.oracle.svm.webimage.substitute.system.Target_java_lang_StrictMath_Web#atan
'file:/Users/you/src/your-project/reference/graalvm-25e1-ea/Contents/Home/lib/svm/tools/svm-wasm/builder/svm-wasm.jar',method,java.lang.StrictMath#atan2,com.oracle.svm.webimage.substitute.system.Target_java_lang_StrictMath_Web#atan2
'file:/Users/you/src/your-project/reference/graalvm-25e1-ea/Contents/Home/lib/svm/tools/svm-wasm/builder/svm-wasm.jar',method,java.lang.StrictMath#cbrt,com.oracle.svm.webimage.substitute.system.Target_java_lang_StrictMath_Web#cbrt
'file:/Users/you/src/your-project/reference/graalvm-25e1-ea/Contents/Home/lib/svm/tools/svm-wasm/builder/svm-wasm.jar',method,java.lang.StrictMath#cos,com.oracle.svm.webimage.substitute.system.Target_java_lang_StrictMath_Web#cos
'file:/Users/you/src/your-project/reference/graalvm-25e1-ea/Contents/Home/lib/svm/tools/svm-wasm/builder/svm-wasm.jar',method,java.lang.StrictMath#cosh,com.oracle.svm.webimage.substitute.system.Target_java_lang_StrictMath_Web#cosh
'file:/Users/you/src/your-project/reference/graalvm-25e1-ea/Contents/Home/lib/svm/tools/svm-wasm/builder/svm-wasm.jar',method,java.lang.StrictMath#exp,com.oracle.svm.webimage.substitute.system.Target_java_lang_StrictMath_Web#exp
'file:/Users/you/src/your-project/reference/graalvm-25e1-ea/Contents/Home/lib/svm/tools/svm-wasm/builder/svm-wasm.jar',method,java.lang.StrictMath#expm1,com.oracle.svm.webimage.substitute.system.Target_java_lang_StrictMath_Web#expm1
'file:/Users/you/src/your-project/reference/graalvm-25e1-ea/Contents/Home/lib/svm/tools/svm-wasm/builder/svm-wasm.jar',method,java.lang.StrictMath#hypot,com.oracle.svm.webimage.substitute.system.Target_java_lang_StrictMath_Web#hypot
'file:/Users/you/src/your-project/reference/graalvm-25e1-ea/Contents/Home/lib/svm/tools/svm-wasm/builder/svm-wasm.jar',method,java.lang.StrictMath#log,com.oracle.svm.webimage.substitute.system.Target_java_lang_StrictMath_Web#log
'file:/Users/you/src/your-project/reference/graalvm-25e1-ea/Contents/Home/lib/svm/tools/svm-wasm/builder/svm-wasm.jar',method,java.lang.StrictMath#log10,com.oracle.svm.webimage.substitute.system.Target_java_lang_StrictMath_Web#log10
'file:/Users/you/src/your-project/reference/graalvm-25e1-ea/Contents/Home/lib/svm/tools/svm-wasm/builder/svm-wasm.jar',method,java.lang.StrictMath#log1p,com.oracle.svm.webimage.substitute.system.Target_java_lang_StrictMath_Web#log1p
'file:/Users/you/src/your-project/reference/graalvm-25e1-ea/Contents/Home/lib/svm/tools/svm-wasm/builder/svm-wasm.jar',method,java.lang.StrictMath#pow,com.oracle.svm.webimage.substitute.system.Target_java_lang_StrictMath_Web#pow
'file:/Users/you/src/your-project/reference/graalvm-25e1-ea/Contents/Home/lib/svm/tools/svm-wasm/builder/svm-wasm.jar',method,java.lang.StrictMath#sin,com.oracle.svm.webimage.substitute.system.Target_java_lang_StrictMath_Web#sin
'file:/Users/you/src/your-project/reference/graalvm-25e1-ea/Contents/Home/lib/svm/tools/svm-wasm/builder/svm-wasm.jar',method,java.lang.StrictMath#sinh,com.oracle.svm.webimage.substitute.system.Target_java_lang_StrictMath_Web#sinh
'file:/Users/you/src/your-project/reference/graalvm-25e1-ea/Contents/Home/lib/svm/tools/svm-wasm/builder/svm-wasm.jar',method,java.lang.StrictMath#sqrt,com.oracle.svm.webimage.substitute.system.Target_java_lang_StrictMath_Web#sqrt
'file:/Users/you/src/your-project/reference/graalvm-25e1-ea/Contents/Home/lib/svm/tools/svm-wasm/builder/svm-wasm.jar',method,java.lang.StrictMath#tan,com.oracle.svm.webimage.substitute.system.Target_java_lang_StrictMath_Web#tan
'file:/Users/you/src/your-project/reference/graalvm-25e1-ea/Contents/Home/lib/svm/tools/svm-wasm/builder/svm-wasm.jar',method,java.lang.StrictMath#tanh,com.oracle.svm.webimage.substitute.system.Target_java_lang_StrictMath_Web#tanh
'file:/Users/you/src/your-project/reference/graalvm-25e1-ea/Contents/Home/lib/svm/tools/svm-wasm/builder/svm-wasm.jar',method,java.lang.System#arraycopy,com.oracle.svm.webimage.substitute.system.Target_java_lang_System_Web#arraycopy
'file:/Users/you/src/your-project/reference/graalvm-25e1-ea/Contents/Home/lib/svm/tools/svm-wasm/builder/svm-wasm.jar',method,java.lang.System#console,com.oracle.svm.webimage.substitute.system.Target_java_lang_System_Web#console
'file:/Users/you/src/your-project/reference/graalvm-25e1-ea/Contents/Home/lib/svm/tools/svm-wasm/builder/svm-wasm.jar',method,java.lang.System#currentTimeMillis,com.oracle.svm.webimage.substitute.system.Target_java_lang_System_Web#currentTimeMillis
'file:/Users/you/src/your-project/reference/graalvm-25e1-ea/Contents/Home/lib/svm/tools/svm-wasm/builder/svm-wasm.jar',method,java.lang.System#exit,com.oracle.svm.webimage.substitute.system.Target_java_lang_System_Web#exit
'file:/Users/you/src/your-project/reference/graalvm-25e1-ea/Contents/Home/lib/svm/tools/svm-wasm/builder/svm-wasm.jar',method,java.lang.System#mapLibraryName,com.oracle.svm.webimage.substitute.system.Target_java_lang_System_Web#mapLibraryName
'file:/Users/you/src/your-project/reference/graalvm-25e1-ea/Contents/Home/lib/svm/tools/svm-wasm/builder/svm-wasm.jar',method,java.lang.System#nanoTime,com.oracle.svm.webimage.substitute.system.Target_java_lang_System_Web#nanoTime
'file:/Users/you/src/your-project/reference/graalvm-25e1-ea/Contents/Home/lib/svm/tools/svm-wasm/builder/svm-wasm.jar',method,java.lang.Thread#exit,com.oracle.svm.webimage.substitute.system.Target_java_lang_Thread_Web#exit
'file:/Users/you/src/your-project/reference/graalvm-25e1-ea/Contents/Home/lib/svm/tools/svm-wasm/builder/svm-wasm.jar',method,java.lang.Thread#getAllStackTraces,com.oracle.svm.webimage.substitute.system.Target_java_lang_Thread_Web#getAllStackTraces
'file:/Users/you/src/your-project/reference/graalvm-25e1-ea/Contents/Home/lib/svm/tools/svm-wasm/builder/svm-wasm.jar',method,java.lang.Thread#getId,com.oracle.svm.webimage.substitute.system.Target_java_lang_Thread_Web#getId
'file:/Users/you/src/your-project/reference/graalvm-25e1-ea/Contents/Home/lib/svm/tools/svm-wasm/builder/svm-wasm.jar',method,java.lang.Thread#getStackTrace,com.oracle.svm.webimage.substitute.system.Target_java_lang_Thread_Web#getStackTrace
'file:/Users/you/src/your-project/reference/graalvm-25e1-ea/Contents/Home/lib/svm/tools/svm-wasm/builder/svm-wasm.jar',method,java.lang.Thread#getState,com.oracle.svm.webimage.substitute.system.Target_java_lang_Thread_Web#getState
'file:/Users/you/src/your-project/reference/graalvm-25e1-ea/Contents/Home/lib/svm/tools/svm-wasm/builder/svm-wasm.jar',method,java.lang.Thread#holdsLock,com.oracle.svm.webimage.substitute.system.Target_java_lang_Thread_Web#holdsLock
'file:/Users/you/src/your-project/reference/graalvm-25e1-ea/Contents/Home/lib/svm/tools/svm-wasm/builder/svm-wasm.jar',method,java.lang.Thread#interrupt,com.oracle.svm.webimage.substitute.system.Target_java_lang_Thread_Web#interrupt
'file:/Users/you/src/your-project/reference/graalvm-25e1-ea/Contents/Home/lib/svm/tools/svm-wasm/builder/svm-wasm.jar',method,java.lang.Thread#isAlive,com.oracle.svm.webimage.substitute.system.Target_java_lang_Thread_Web#isAlive
'file:/Users/you/src/your-project/reference/graalvm-25e1-ea/Contents/Home/lib/svm/tools/svm-wasm/builder/svm-wasm.jar',method,java.lang.Thread#isInterrupted,com.oracle.svm.webimage.substitute.system.Target_java_lang_Thread_Web#isInterrupted
'file:/Users/you/src/your-project/reference/graalvm-25e1-ea/Contents/Home/lib/svm/tools/svm-wasm/builder/svm-wasm.jar',method,java.lang.Thread#setPriority,com.oracle.svm.webimage.substitute.system.Target_java_lang_Thread_Web#setPriority
'file:/Users/you/src/your-project/reference/graalvm-25e1-ea/Contents/Home/lib/svm/tools/svm-wasm/builder/svm-wasm.jar',method,java.lang.Thread#sleep,com.oracle.svm.webimage.substitute.system.Target_java_lang_Thread_Web#sleep
'file:/Users/you/src/your-project/reference/graalvm-25e1-ea/Contents/Home/lib/svm/tools/svm-wasm/builder/svm-wasm.jar',method,java.lang.Thread#sleepNanos0,com.oracle.svm.webimage.substitute.system.Target_java_lang_Thread_Web#sleepNanos0
'file:/Users/you/src/your-project/reference/graalvm-25e1-ea/Contents/Home/lib/svm/tools/svm-wasm/builder/svm-wasm.jar',method,java.lang.Thread#start0,com.oracle.svm.webimage.substitute.system.Target_java_lang_Thread_Web#start0
'file:/Users/you/src/your-project/reference/graalvm-25e1-ea/Contents/Home/lib/svm/tools/svm-wasm/builder/svm-wasm.jar',method,java.lang.Thread#yield,com.oracle.svm.webimage.substitute.system.Target_java_lang_Thread_Web#yield
'file:/Users/you/src/your-project/reference/graalvm-25e1-ea/Contents/Home/lib/svm/tools/svm-wasm/builder/svm-wasm.jar',method,java.lang.Throwable#fillInStackTrace,com.oracle.svm.webimage.substitute.system.Target_java_lang_Throwable_Web#fillInStackTrace
'file:/Users/you/src/your-project/reference/graalvm-25e1-ea/Contents/Home/lib/svm/tools/svm-wasm/builder/svm-wasm.jar',method,java.lang.Throwable#printStackTrace,com.oracle.svm.webimage.substitute.system.Target_java_lang_Throwable_Web#printStackTrace
'file:/Users/you/src/your-project/reference/graalvm-25e1-ea/Contents/Home/lib/svm/tools/svm-wasm/builder/svm-wasm.jar',method,java.lang.Throwable#setStackTrace,com.oracle.svm.webimage.substitute.system.Target_java_lang_Throwable_Web#setStackTrace
'file:/Users/you/src/your-project/reference/graalvm-25e1-ea/Contents/Home/lib/svm/tools/svm-wasm/builder/svm-wasm.jar',method,java.lang.VirtualThread#runContinuation,com.oracle.svm.webimage.substitute.system.Target_java_lang_VirtualThread_Web#runContinuation
'file:/Users/you/src/your-project/reference/graalvm-25e1-ea/Contents/Home/lib/svm/tools/svm-wasm/builder/svm-wasm.jar',method,java.lang.reflect.AccessibleObject#checkAccess,com.oracle.svm.webimage.substitute.system.Target_java_lang_reflect_AccessibleObject_Web#checkAccess
'file:/Users/you/src/your-project/reference/graalvm-25e1-ea/Contents/Home/lib/svm/tools/svm-wasm/builder/svm-wasm.jar',method,java.lang.reflect.AccessibleObject#checkCanSetAccessible,com.oracle.svm.webimage.substitute.system.Target_java_lang_reflect_AccessibleObject_Web#checkCanSetAccessible
'file:/Users/you/src/your-project/reference/graalvm-25e1-ea/Contents/Home/lib/svm/tools/svm-wasm/builder/svm-wasm.jar',method,java.net.Inet4AddressImpl#getHostByAddr,com.oracle.svm.webimage.substitute.system.Target_java_net_Inet4AddressImpl_Web#getHostByAddr
'file:/Users/you/src/your-project/reference/graalvm-25e1-ea/Contents/Home/lib/svm/tools/svm-wasm/builder/svm-wasm.jar',method,java.net.Inet4AddressImpl#getLocalHostName,com.oracle.svm.webimage.substitute.system.Target_java_net_Inet4AddressImpl_Web#getLocalHostName
'file:/Users/you/src/your-project/reference/graalvm-25e1-ea/Contents/Home/lib/svm/tools/svm-wasm/builder/svm-wasm.jar',method,java.net.Inet4AddressImpl#isReachable0,com.oracle.svm.webimage.substitute.system.Target_java_net_Inet4AddressImpl_Web#isReachable0
'file:/Users/you/src/your-project/reference/graalvm-25e1-ea/Contents/Home/lib/svm/tools/svm-wasm/builder/svm-wasm.jar',method,java.net.Inet4AddressImpl#lookupAllHostAddr,com.oracle.svm.webimage.substitute.system.Target_java_net_Inet4AddressImpl_Web#lookupAllHostAddr
'file:/Users/you/src/your-project/reference/graalvm-25e1-ea/Contents/Home/lib/svm/tools/svm-wasm/builder/svm-wasm.jar',method,java.net.Inet6AddressImpl#getHostByAddr,com.oracle.svm.webimage.substitute.system.Target_java_net_Inet6AddressImpl_Web#getHostByAddr
'file:/Users/you/src/your-project/reference/graalvm-25e1-ea/Contents/Home/lib/svm/tools/svm-wasm/builder/svm-wasm.jar',method,java.net.Inet6AddressImpl#getLocalHostName,com.oracle.svm.webimage.substitute.system.Target_java_net_Inet6AddressImpl_Web#getLocalHostName
'file:/Users/you/src/your-project/reference/graalvm-25e1-ea/Contents/Home/lib/svm/tools/svm-wasm/builder/svm-wasm.jar',method,java.net.Inet6AddressImpl#isReachable0,com.oracle.svm.webimage.substitute.system.Target_java_net_Inet6AddressImpl_Web#isReachable0
'file:/Users/you/src/your-project/reference/graalvm-25e1-ea/Contents/Home/lib/svm/tools/svm-wasm/builder/svm-wasm.jar',method,java.net.Inet6AddressImpl#lookupAllHostAddr,com.oracle.svm.webimage.substitute.system.Target_java_net_Inet6AddressImpl_Web#lookupAllHostAddr
'file:/Users/you/src/your-project/reference/graalvm-25e1-ea/Contents/Home/lib/svm/tools/svm-wasm/builder/svm-wasm.jar',method,java.net.NetworkInterface#boundInetAddress0,com.oracle.svm.webimage.substitute.system.Target_java_net_NetworkInterface_Web#boundInetAddress0
'file:/Users/you/src/your-project/reference/graalvm-25e1-ea/Contents/Home/lib/svm/tools/svm-wasm/builder/svm-wasm.jar',method,java.net.NetworkInterface#getAll,com.oracle.svm.webimage.substitute.system.Target_java_net_NetworkInterface_Web#getAll
'file:/Users/you/src/your-project/reference/graalvm-25e1-ea/Contents/Home/lib/svm/tools/svm-wasm/builder/svm-wasm.jar',method,java.net.NetworkInterface#getByIndex0,com.oracle.svm.webimage.substitute.system.Target_java_net_NetworkInterface_Web#getByIndex0
'file:/Users/you/src/your-project/reference/graalvm-25e1-ea/Contents/Home/lib/svm/tools/svm-wasm/builder/svm-wasm.jar',method,java.net.NetworkInterface#getByInetAddress0,com.oracle.svm.webimage.substitute.system.Target_java_net_NetworkInterface_Web#getByInetAddress0
'file:/Users/you/src/your-project/reference/graalvm-25e1-ea/Contents/Home/lib/svm/tools/svm-wasm/builder/svm-wasm.jar',method,java.net.NetworkInterface#getByName0,com.oracle.svm.webimage.substitute.system.Target_java_net_NetworkInterface_Web#getByName0
'file:/Users/you/src/your-project/reference/graalvm-25e1-ea/Contents/Home/lib/svm/tools/svm-wasm/builder/svm-wasm.jar',method,java.net.NetworkInterface#getMTU0,com.oracle.svm.webimage.substitute.system.Target_java_net_NetworkInterface_Web#getMTU0
'file:/Users/you/src/your-project/reference/graalvm-25e1-ea/Contents/Home/lib/svm/tools/svm-wasm/builder/svm-wasm.jar',method,java.net.NetworkInterface#getMacAddr0,com.oracle.svm.webimage.substitute.system.Target_java_net_NetworkInterface_Web#getMacAddr0
'file:/Users/you/src/your-project/reference/graalvm-25e1-ea/Contents/Home/lib/svm/tools/svm-wasm/builder/svm-wasm.jar',method,java.net.NetworkInterface#init,com.oracle.svm.webimage.substitute.system.Target_java_net_NetworkInterface_Web#init
'file:/Users/you/src/your-project/reference/graalvm-25e1-ea/Contents/Home/lib/svm/tools/svm-wasm/builder/svm-wasm.jar',method,java.net.NetworkInterface#isLoopback0,com.oracle.svm.webimage.substitute.system.Target_java_net_NetworkInterface_Web#isLoopback0
'file:/Users/you/src/your-project/reference/graalvm-25e1-ea/Contents/Home/lib/svm/tools/svm-wasm/builder/svm-wasm.jar',method,java.net.NetworkInterface#isP2P0,com.oracle.svm.webimage.substitute.system.Target_java_net_NetworkInterface_Web#isP2P0
'file:/Users/you/src/your-project/reference/graalvm-25e1-ea/Contents/Home/lib/svm/tools/svm-wasm/builder/svm-wasm.jar',method,java.net.NetworkInterface#isUp0,com.oracle.svm.webimage.substitute.system.Target_java_net_NetworkInterface_Web#isUp0
'file:/Users/you/src/your-project/reference/graalvm-25e1-ea/Contents/Home/lib/svm/tools/svm-wasm/builder/svm-wasm.jar',method,java.net.NetworkInterface#supportsMulticast0,com.oracle.svm.webimage.substitute.system.Target_java_net_NetworkInterface_Web#supportsMulticast0
'file:/Users/you/src/your-project/reference/graalvm-25e1-ea/Contents/Home/lib/svm/tools/svm-wasm/builder/svm-wasm.jar',method,java.nio.ByteBuffer#allocateDirect,com.oracle.svm.webimage.substitute.system.Target_java_nio_ByteBuffer_Web#allocateDirect
'file:/Users/you/src/your-project/reference/graalvm-25e1-ea/Contents/Home/lib/svm/tools/svm-wasm/builder/svm-wasm.jar',method,java.nio.file.FileSystems$DefaultFileSystemHolder#getDefaultProvider,com.oracle.svm.webimage.substitute.system.Target_java_nio_file_FileSystems_DefaultFileSystemHolder_Web#getDefaultProvider
'file:/Users/you/src/your-project/reference/graalvm-25e1-ea/Contents/Home/lib/svm/tools/svm-wasm/builder/svm-wasm.jar',method,java.nio.file.Files#createTempDirectory,com.oracle.svm.webimage.substitute.system.Target_java_nio_file_Files_Web#createTempDirectory
'file:/Users/you/src/your-project/reference/graalvm-25e1-ea/Contents/Home/lib/svm/tools/svm-wasm/builder/svm-wasm.jar',method,java.nio.file.Files#createTempFile,com.oracle.svm.webimage.substitute.system.Target_java_nio_file_Files_Web#createTempFile
'file:/Users/you/src/your-project/reference/graalvm-25e1-ea/Contents/Home/lib/svm/tools/svm-wasm/builder/svm-wasm.jar',method,java.nio.file.Files#probeContentType,com.oracle.svm.webimage.substitute.system.Target_java_nio_file_Files_Web#probeContentType
'file:/Users/you/src/your-project/reference/graalvm-25e1-ea/Contents/Home/lib/svm/tools/svm-wasm/builder/svm-wasm.jar',method,java.util.Calendar#createCalendar,com.oracle.svm.webimage.substitute.Target_java_util_Calendar_Web#createCalendar
'file:/Users/you/src/your-project/reference/graalvm-25e1-ea/Contents/Home/lib/svm/tools/svm-wasm/builder/svm-wasm.jar',method,java.util.ServiceLoader#checkCaller,com.oracle.svm.webimage.substitute.system.Target_java_util_ServiceLoader_Web#checkCaller
'file:/Users/you/src/your-project/reference/graalvm-25e1-ea/Contents/Home/lib/svm/tools/svm-wasm/builder/svm-wasm.jar',method,java.util.TimeZone#getSystemGMTOffsetID,com.oracle.svm.webimage.substitute.system.Target_java_util_TimeZone_Web#getSystemGMTOffsetID
'file:/Users/you/src/your-project/reference/graalvm-25e1-ea/Contents/Home/lib/svm/tools/svm-wasm/builder/svm-wasm.jar',method,java.util.TimeZone#getSystemTimeZoneID,com.oracle.svm.webimage.substitute.system.Target_java_util_TimeZone_Web#getSystemTimeZoneID
'file:/Users/you/src/your-project/reference/graalvm-25e1-ea/Contents/Home/lib/svm/tools/svm-wasm/builder/svm-wasm.jar',method,java.util.concurrent.ForkJoinPool#execute,com.oracle.svm.webimage.substitute.system.Target_java_util_concurrent_ForkJoinPool_Web#execute
'file:/Users/you/src/your-project/reference/graalvm-25e1-ea/Contents/Home/lib/svm/tools/svm-wasm/builder/svm-wasm.jar',method,java.util.concurrent.ForkJoinPool#invoke,com.oracle.svm.webimage.substitute.system.Target_java_util_concurrent_ForkJoinPool_Web#invoke
'file:/Users/you/src/your-project/reference/graalvm-25e1-ea/Contents/Home/lib/svm/tools/svm-wasm/builder/svm-wasm.jar',method,java.util.concurrent.ForkJoinTask#fork,com.oracle.svm.webimage.substitute.system.Target_java_util_concurrent_ForkJoinTask_Web#fork
'file:/Users/you/src/your-project/reference/graalvm-25e1-ea/Contents/Home/lib/svm/tools/svm-wasm/builder/svm-wasm.jar',method,java.util.concurrent.ForkJoinTask#join,com.oracle.svm.webimage.substitute.system.Target_java_util_concurrent_ForkJoinTask_Web#join
'file:/Users/you/src/your-project/reference/graalvm-25e1-ea/Contents/Home/lib/svm/tools/svm-wasm/builder/svm-wasm.jar',method,java.util.logging.Logger#getLogger,com.oracle.svm.webimage.substitute.system.Target_java_util_logging_Logger_Web#getLogger
'file:/Users/you/src/your-project/reference/graalvm-25e1-ea/Contents/Home/lib/svm/tools/svm-wasm/builder/svm-wasm.jar',method,java.util.zip.CRC32#update,com.oracle.svm.webimage.substitute.system.Target_java_util_zip_CRC32_Web#update
'file:/Users/you/src/your-project/reference/graalvm-25e1-ea/Contents/Home/lib/svm/tools/svm-wasm/builder/svm-wasm.jar',method,java.util.zip.CRC32#updateByteBuffer,com.oracle.svm.webimage.substitute.system.Target_java_util_zip_CRC32_Web#updateByteBuffer
'file:/Users/you/src/your-project/reference/graalvm-25e1-ea/Contents/Home/lib/svm/tools/svm-wasm/builder/svm-wasm.jar',method,java.util.zip.CRC32#updateBytes,com.oracle.svm.webimage.substitute.system.Target_java_util_zip_CRC32_Web#updateBytes
'file:/Users/you/src/your-project/reference/graalvm-25e1-ea/Contents/Home/lib/svm/tools/svm-wasm/builder/svm-wasm.jar',method,java.util.zip.Deflater#deflateBufferBuffer,com.oracle.svm.webimage.substitute.system.Target_java_util_zip_Deflater_Web#deflateBufferBuffer
'file:/Users/you/src/your-project/reference/graalvm-25e1-ea/Contents/Home/lib/svm/tools/svm-wasm/builder/svm-wasm.jar',method,java.util.zip.Deflater#deflateBufferBytes,com.oracle.svm.webimage.substitute.system.Target_java_util_zip_Deflater_Web#deflateBufferBytes
'file:/Users/you/src/your-project/reference/graalvm-25e1-ea/Contents/Home/lib/svm/tools/svm-wasm/builder/svm-wasm.jar',method,java.util.zip.Deflater#deflateBytesBuffer,com.oracle.svm.webimage.substitute.system.Target_java_util_zip_Deflater_Web#deflateBytesBuffer
'file:/Users/you/src/your-project/reference/graalvm-25e1-ea/Contents/Home/lib/svm/tools/svm-wasm/builder/svm-wasm.jar',method,java.util.zip.Deflater#deflateBytesBytes,com.oracle.svm.webimage.substitute.system.Target_java_util_zip_Deflater_Web#deflateBytesBytes
'file:/Users/you/src/your-project/reference/graalvm-25e1-ea/Contents/Home/lib/svm/tools/svm-wasm/builder/svm-wasm.jar',method,java.util.zip.Deflater#end,com.oracle.svm.webimage.substitute.system.Target_java_util_zip_Deflater_Web#end
'file:/Users/you/src/your-project/reference/graalvm-25e1-ea/Contents/Home/lib/svm/tools/svm-wasm/builder/svm-wasm.jar',method,java.util.zip.Deflater#init,com.oracle.svm.webimage.substitute.system.Target_java_util_zip_Deflater_Web#init
'file:/Users/you/src/your-project/reference/graalvm-25e1-ea/Contents/Home/lib/svm/tools/svm-wasm/builder/svm-wasm.jar',method,java.util.zip.Deflater#reset,com.oracle.svm.webimage.substitute.system.Target_java_util_zip_Deflater_Web#reset
'file:/Users/you/src/your-project/reference/graalvm-25e1-ea/Contents/Home/lib/svm/tools/svm-wasm/builder/svm-wasm.jar',method,java.util.zip.Inflater#end,com.oracle.svm.webimage.substitute.system.Target_java_util_zip_Inflater_Web#end
'file:/Users/you/src/your-project/reference/graalvm-25e1-ea/Contents/Home/lib/svm/tools/svm-wasm/builder/svm-wasm.jar',method,java.util.zip.Inflater#getAdler,com.oracle.svm.webimage.substitute.system.Target_java_util_zip_Inflater_Web#getAdler
'file:/Users/you/src/your-project/reference/graalvm-25e1-ea/Contents/Home/lib/svm/tools/svm-wasm/builder/svm-wasm.jar',method,java.util.zip.Inflater#inflateBufferBytes,com.oracle.svm.webimage.substitute.system.Target_java_util_zip_Inflater_Web#inflateBufferBytes
'file:/Users/you/src/your-project/reference/graalvm-25e1-ea/Contents/Home/lib/svm/tools/svm-wasm/builder/svm-wasm.jar',method,java.util.zip.Inflater#inflateBytesBytes,com.oracle.svm.webimage.substitute.system.Target_java_util_zip_Inflater_Web#inflateBytesBytes
'file:/Users/you/src/your-project/reference/graalvm-25e1-ea/Contents/Home/lib/svm/tools/svm-wasm/builder/svm-wasm.jar',method,java.util.zip.Inflater#init,com.oracle.svm.webimage.substitute.system.Target_java_util_zip_Inflater_Web#init
'file:/Users/you/src/your-project/reference/graalvm-25e1-ea/Contents/Home/lib/svm/tools/svm-wasm/builder/svm-wasm.jar',method,java.util.zip.Inflater#initIDs,com.oracle.svm.webimage.substitute.system.Target_java_util_zip_Inflater_Web#initIDs
'file:/Users/you/src/your-project/reference/graalvm-25e1-ea/Contents/Home/lib/svm/tools/svm-wasm/builder/svm-wasm.jar',method,java.util.zip.Inflater#reset,com.oracle.svm.webimage.substitute.system.Target_java_util_zip_Inflater_Web#reset
'file:/Users/you/src/your-project/reference/graalvm-25e1-ea/Contents/Home/lib/svm/tools/svm-wasm/builder/svm-wasm.jar',method,java.util.zip.Inflater#setDictionary,com.oracle.svm.webimage.substitute.system.Target_java_util_zip_Inflater_Web#setDictionary
'file:/Users/you/src/your-project/reference/graalvm-25e1-ea/Contents/Home/lib/svm/tools/svm-wasm/builder/svm-wasm.jar',method,jdk.internal.misc.Unsafe#allocateInstance,com.oracle.svm.webimage.substitute.system.Target_sun_misc_Unsafe_Web#allocateInstance
'file:/Users/you/src/your-project/reference/graalvm-25e1-ea/Contents/Home/lib/svm/tools/svm-wasm/builder/svm-wasm.jar',method,jdk.internal.misc.Unsafe#park,com.oracle.svm.webimage.substitute.system.Target_sun_misc_Unsafe_Web#park
'file:/Users/you/src/your-project/reference/graalvm-25e1-ea/Contents/Home/lib/svm/tools/svm-wasm/builder/svm-wasm.jar',method,jdk.internal.misc.Unsafe#unpark,com.oracle.svm.webimage.substitute.system.Target_sun_misc_Unsafe_Web#unpark
'file:/Users/you/src/your-project/reference/graalvm-25e1-ea/Contents/Home/lib/svm/tools/svm-wasm/builder/svm-wasm.jar',method,jdk.internal.misc.VM#getNanoTimeAdjustment,com.oracle.svm.webimage.substitute.system.Target_jdk_internal_misc_VM_Web#getNanoTimeAdjustment
'file:/Users/you/src/your-project/reference/graalvm-25e1-ea/Contents/Home/lib/svm/tools/svm-wasm/builder/svm-wasm.jar',method,jdk.internal.reflect.Reflection#getCallerClass,com.oracle.svm.webimage.substitute.system.Target_jdk_internal_reflect_Reflection_Web#getCallerClass
'file:/Users/you/src/your-project/reference/graalvm-25e1-ea/Contents/Home/lib/svm/tools/svm-wasm/builder/svm-wasm.jar',method,org.graalvm.shadowed.com.google.common.jimfs.JimfsPath#toFile,com.oracle.svm.webimage.substitute.system.Target_org_graalvm_shadowed_com_google_common_jimfs_JimfsPath#toFile
'file:/Users/you/src/your-project/reference/graalvm-25e1-ea/Contents/Home/lib/svm/tools/svm-wasm/builder/svm-wasm.jar',method,org.graalvm.shadowed.com.google.common.jimfs.PathNormalization$4#apply,com.oracle.svm.webimage.substitute.system.Target_org_graalvm_shadowed_com_google_common_jimfs_PathNormalization_4#apply
'file:/Users/you/src/your-project/reference/graalvm-25e1-ea/Contents/Home/lib/svm/tools/svm-wasm/builder/svm-wasm.jar',method,org.graalvm.shadowed.com.google.common.jimfs.SystemJimfsFileSystemProvider#toPath,com.oracle.svm.webimage.substitute.system.Target_org_graalvm_shadowed_com_google_common_jimfs_SystemJimfsFileSystemProvider#toPath
'file:/Users/you/src/your-project/reference/graalvm-25e1-ea/Contents/Home/lib/svm/tools/svm-wasm/builder/svm-wasm.jar',method,sun.nio.ch.FileChannelImpl#open,com.oracle.svm.webimage.substitute.system.Target_sun_nio_ch_FileChannelImpl_Web#open
'file:/Users/you/src/your-project/reference/graalvm-25e1-ea/Contents/Home/lib/svm/tools/svm-wasm/builder/svm-wasm.jar',method,sun.nio.ch.IOUtil#fdVal,com.oracle.svm.webimage.substitute.system.Target_sun_nio_ch_IOUtil_Web#fdVal
'file:/Users/you/src/your-project/reference/graalvm-25e1-ea/Contents/Home/lib/svm/tools/svm-wasm/builder/svm-wasm.jar',method,sun.nio.ch.NativeThread#current0,com.oracle.svm.webimage.substitute.system.Target_sun_nio_ch_NativeThread_Web#current0
'file:/Users/you/src/your-project/reference/graalvm-25e1-ea/Contents/Home/lib/svm/tools/svm-wasm/builder/svm-wasm.jar',method,sun.nio.ch.NativeThread#signal,com.oracle.svm.webimage.substitute.system.Target_sun_nio_ch_NativeThread_Web#signal
'file:/Users/you/src/your-project/reference/graalvm-25e1-ea/Contents/Home/lib/svm/tools/svm-wasm/builder/svm-wasm.jar',method,sun.nio.ch.UnixFileDispatcherImpl#allocationGranularity0,com.oracle.svm.webimage.substitute.system.sun_nio_ch_UnixFileDispatcherImpl_Web#allocationGranularity0
'file:/Users/you/src/your-project/reference/graalvm-25e1-ea/Contents/Home/lib/svm/tools/svm-wasm/builder/svm-wasm.jar',method,sun.nio.ch.UnixFileDispatcherImpl#map0,com.oracle.svm.webimage.substitute.system.sun_nio_ch_UnixFileDispatcherImpl_Web#map0
'file:/Users/you/src/your-project/reference/graalvm-25e1-ea/Contents/Home/lib/svm/tools/svm-wasm/builder/svm-wasm.jar',method,sun.nio.ch.UnixFileDispatcherImpl#pread0,com.oracle.svm.webimage.substitute.system.sun_nio_ch_UnixFileDispatcherImpl_Web#pread0
'file:/Users/you/src/your-project/reference/graalvm-25e1-ea/Contents/Home/lib/svm/tools/svm-wasm/builder/svm-wasm.jar',method,sun.nio.ch.UnixFileDispatcherImpl#pwrite0,com.oracle.svm.webimage.substitute.system.sun_nio_ch_UnixFileDispatcherImpl_Web#pwrite0
'file:/Users/you/src/your-project/reference/graalvm-25e1-ea/Contents/Home/lib/svm/tools/svm-wasm/builder/svm-wasm.jar',method,sun.nio.ch.UnixFileDispatcherImpl#read0,com.oracle.svm.webimage.substitute.system.sun_nio_ch_UnixFileDispatcherImpl_Web#read0
'file:/Users/you/src/your-project/reference/graalvm-25e1-ea/Contents/Home/lib/svm/tools/svm-wasm/builder/svm-wasm.jar',method,sun.nio.ch.UnixFileDispatcherImpl#seek0,com.oracle.svm.webimage.substitute.system.sun_nio_ch_UnixFileDispatcherImpl_Web#seek0
'file:/Users/you/src/your-project/reference/graalvm-25e1-ea/Contents/Home/lib/svm/tools/svm-wasm/builder/svm-wasm.jar',method,sun.nio.ch.UnixFileDispatcherImpl#setDirect0,com.oracle.svm.webimage.substitute.system.sun_nio_ch_UnixFileDispatcherImpl_Web#setDirect0
'file:/Users/you/src/your-project/reference/graalvm-25e1-ea/Contents/Home/lib/svm/tools/svm-wasm/builder/svm-wasm.jar',method,sun.nio.ch.UnixFileDispatcherImpl#size0,com.oracle.svm.webimage.substitute.system.sun_nio_ch_UnixFileDispatcherImpl_Web#size0
'file:/Users/you/src/your-project/reference/graalvm-25e1-ea/Contents/Home/lib/svm/tools/svm-wasm/builder/svm-wasm.jar',method,sun.nio.ch.UnixFileDispatcherImpl#truncate0,com.oracle.svm.webimage.substitute.system.sun_nio_ch_UnixFileDispatcherImpl_Web#truncate0
'file:/Users/you/src/your-project/reference/graalvm-25e1-ea/Contents/Home/lib/svm/tools/svm-wasm/builder/svm-wasm.jar',method,sun.nio.ch.UnixFileDispatcherImpl#unmap0,com.oracle.svm.webimage.substitute.system.sun_nio_ch_UnixFileDispatcherImpl_Web#unmap0
'file:/Users/you/src/your-project/reference/graalvm-25e1-ea/Contents/Home/lib/svm/tools/svm-wasm/builder/svm-wasm.jar',method,sun.nio.ch.UnixFileDispatcherImpl#write0,com.oracle.svm.webimage.substitute.system.sun_nio_ch_UnixFileDispatcherImpl_Web#write0
'file:/Users/you/src/your-project/reference/graalvm-25e1-ea/Contents/Home/lib/svm/tools/svm-wasm/builder/svm-wasm.jar',method,sun.nio.fs.AbstractFileSystemProvider#readAttributes,com.oracle.svm.webimage.substitute.system.Target_sun_nio_fs_AbstractFileSystemProvider_Web#readAttributes
'file:/Users/you/src/your-project/reference/graalvm-25e1-ea/Contents/Home/lib/svm/tools/svm-wasm/builder/svm-wasm.jar',method,sun.nio.fs.DefaultFileSystemProvider#theFileSystem,com.oracle.svm.webimage.substitute.system.Target_sun_nio_fs_DefaultFileSystemProvider#theFileSystem
'file:/Users/you/src/your-project/reference/graalvm-25e1-ea/Contents/Home/lib/svm/tools/svm-wasm/builder/svm-wasm.jar',method,sun.nio.fs.UnixPath#toRealPath,com.oracle.svm.webimage.substitute.system.Target_sun_nio_fs_UnixPath_Web#toRealPath
'file:/Users/you/src/your-project/reference/graalvm-25e1-ea/Contents/Home/lib/svm/tools/svm-wasm/builder/svm-wasm.jar',method,sun.nio.fs.UnixPath#toUri,com.oracle.svm.webimage.substitute.system.Target_sun_nio_fs_UnixPath_Web#toUri
'file:/Users/you/src/your-project/reference/graalvm-25e1-ea/Contents/Home/lib/svm/tools/svm-wasm/builder/svm-wasm.jar',method,sun.security.provider.NativePRNG#engineGenerateSeed,com.oracle.svm.webimage.substitute.system.Target_sun_security_NativePRNG_Web#engineGenerateSeed
'file:/Users/you/src/your-project/reference/graalvm-25e1-ea/Contents/Home/lib/svm/tools/svm-wasm/builder/svm-wasm.jar',method,sun.security.provider.NativePRNG#engineNextBytes,com.oracle.svm.webimage.substitute.system.Target_sun_security_NativePRNG_Web#engineNextBytes
'file:/Users/you/src/your-project/reference/graalvm-25e1-ea/Contents/Home/lib/svm/tools/svm-wasm/builder/svm-wasm.jar',method,sun.security.provider.NativePRNG#engineSetSeed,com.oracle.svm.webimage.substitute.system.Target_sun_security_NativePRNG_Web#engineSetSeed
'file:/Users/you/src/your-project/reference/graalvm-25e1-ea/Contents/Home/lib/svm/tools/svm-wasm/builder/svm-wasm.jar',method,sun.util.calendar.CalendarSystem#forName,com.oracle.svm.webimage.substitute.Target_sun_util_calendar_CalendarSystem_Web#forName
'unknown',method,java.lang.invoke.MethodHandle#invokeBasic,java.lang.invoke.MethodHandle#invokeBasic
'unknown',method,java.lang.invoke.MethodHandle#linkToSpecial,java.lang.invoke.MethodHandle#linkToSpecial
'unknown',method,java.lang.invoke.MethodHandle#linkToStatic,java.lang.invoke.MethodHandle#linkToStatic
