name_class	size_kib	mtime_epoch	mtime_local	path
directory/other	20	1783368169	2026-07-06T16:02:49-0400	tmp/.pytest_cache
directory/other	392	1773745618	2026-03-17T07:06:58-0400	tmp/bootstrap
directory/other	207736	1785698938	2026-08-02T15:28:58-0400	tmp/fresh-operator-test
directory/other	7550124	1785885155	2026-08-04T19:12:35-0400	tmp/jvm-tuning
directory/other	204	1781039487	2026-06-09T17:11:27-0400	tmp/kabel-inspect
directory/other	31868	1785785292	2026-08-03T15:28:12-0400	tmp/keyword-edge-growth-with
directory/other	26504	1785785281	2026-08-03T15:28:01-0400	tmp/keyword-edge-growth-without
directory/other	4	1785696921	2026-08-02T14:55:21-0400	tmp/kondo-cache-proof
directory/other	5228	1785418173	2026-07-30T09:29:33-0400	tmp/kondo-export-proof-20260730
directory/other	16	1785421152	2026-07-30T10:19:12-0400	tmp/kondo-meta-d5472bad-1aef-4de1-9906-286d4b0e93bc
directory/other	16	1785420994	2026-07-30T10:16:34-0400	tmp/kondo-meta-false
directory/other	16	1785420975	2026-07-30T10:16:15-0400	tmp/kondo-meta-fresh
directory/other	4	1785421030	2026-07-30T10:17:10-0400	tmp/kondo-meta-input
directory/other	4	1785421052	2026-07-30T10:17:32-0400	tmp/kondo-meta-min-cache
directory/other	16	1785420994	2026-07-30T10:16:34-0400	tmp/kondo-meta-true
directory/other	36	1785697118	2026-08-02T14:58:38-0400	tmp/kondo-rename-probe
directory/other	0	1785623098	2026-08-01T18:24:58-0400	tmp/konserve-capability-check
directory/other	0	1785623108	2026-08-01T18:25:08-0400	tmp/konserve-capability-check-2
directory/other	0	1785623121	2026-08-01T18:25:21-0400	tmp/konserve-capability-check-3
directory/other	0	1781039300	2026-06-09T17:08:20-0400	tmp/konserve-inspect
directory/other	0	1785538494	2026-07-31T18:54:54-0400	tmp/konserve-multikey-probe.rKA2LW
directory/other	716	1781041046	2026-06-09T17:37:26-0400	tmp/legacy-check
directory/other	7324	1784893078	2026-07-24T07:37:58-0400	tmp/lifecycle-artifacts
directory/other	392	1773825026	2026-03-18T05:10:26-0400	tmp/listen-recursive-1773825026845
directory/other	360	1773825018	2026-03-18T05:10:18-0400	tmp/listen-test-1773825018369
directory/other	16368	1785376954	2026-07-29T22:02:34-0400	tmp/live-registration-proof-20260730
directory/other	168	1785045430	2026-07-26T01:57:10-0400	tmp/load-saturation
directory/other	696044	1785291217	2026-07-28T22:13:37-0400	tmp/load-testing
directory/other	2316	1785203355	2026-07-27T21:49:15-0400	tmp/local-qwen-drive
directory/other	16	1781051098	2026-06-09T20:24:58-0400	tmp/logging-jar
directory/other	652	1783382199	2026-07-06T19:56:39-0400	tmp/loop-test-blobs-15290
directory/other	512	1784106924	2026-07-15T05:15:24-0400	tmp/loop-test-blobs-24831
directory/other	40	1783270604	2026-07-05T12:56:44-0400	tmp/loop-test-blobs-24853
directory/other	152	1784107088	2026-07-15T05:18:08-0400	tmp/loop-test-blobs-31964
directory/other	152	1784097037	2026-07-15T02:30:37-0400	tmp/loop-test-blobs-35651
directory/other	876	1784104334	2026-07-15T04:32:14-0400	tmp/loop-test-blobs-37581
directory/other	512	1784100762	2026-07-15T03:32:42-0400	tmp/loop-test-blobs-39431
directory/other	660	1784097248	2026-07-15T02:34:08-0400	tmp/loop-test-blobs-40290
directory/other	952	1784107389	2026-07-15T05:23:09-0400	tmp/loop-test-blobs-41064
directory/other	512	1784104430	2026-07-15T04:33:50-0400	tmp/loop-test-blobs-42794
directory/other	76	1784107501	2026-07-15T05:25:01-0400	tmp/loop-test-blobs-46335
directory/other	368	1784104549	2026-07-15T04:35:49-0400	tmp/loop-test-blobs-46567
directory/other	1240	1784149023	2026-07-15T16:57:03-0400	tmp/loop-test-blobs-46766
directory/other	512	1784106455	2026-07-15T05:07:35-0400	tmp/loop-test-blobs-5258
directory/other	660	1784097948	2026-07-15T02:45:48-0400	tmp/loop-test-blobs-57922
directory/other	652	1783383221	2026-07-06T20:13:41-0400	tmp/loop-test-blobs-58219
directory/other	512	1784098102	2026-07-15T02:48:22-0400	tmp/loop-test-blobs-60919
directory/other	192	1783359652	2026-07-06T13:40:52-0400	tmp/loop-test-blobs-70941
directory/other	512	1784098438	2026-07-15T02:53:58-0400	tmp/loop-test-blobs-72112
directory/other	512	1784108009	2026-07-15T05:33:29-0400	tmp/loop-test-blobs-74511
directory/other	732	1784098954	2026-07-15T03:02:34-0400	tmp/loop-test-blobs-79672
directory/other	876	1784102275	2026-07-15T03:57:55-0400	tmp/loop-test-blobs-81632
directory/other	1024	1783460736	2026-07-07T17:45:36-0400	tmp/loop-test-blobs-82330
directory/other	732	1784099258	2026-07-15T03:07:38-0400	tmp/loop-test-blobs-86307
directory/other	368	1784108291	2026-07-15T05:38:11-0400	tmp/loop-test-blobs-87294
directory/other	732	1784096024	2026-07-15T02:13:44-0400	tmp/loop-test-blobs-8925
directory/other	512	1784108375	2026-07-15T05:39:35-0400	tmp/loop-test-blobs-91448
directory/other	116	1784147454	2026-07-15T16:30:54-0400	tmp/loop-test-blobs-96594
directory/other	408	1783267315	2026-07-05T12:01:55-0400	tmp/loop-test-blobs-97009
directory/other	8	1785621289	2026-08-01T17:54:49-0400	tmp/malli-parse
directory/other	288	1785765177	2026-08-03T09:52:57-0400	tmp/mcp-commit-tree.yzMFiT
directory/other	312	1784498069	2026-07-19T17:54:29-0400	tmp/meta-audit.XLuvmB
directory/other	452888	1783360894	2026-07-06T14:01:34-0400	tmp/mini-swe-venv
directory/other	48	1779607250	2026-05-24T03:20:50-0400	tmp/multi-reader
directory/other	4	1785770358	2026-08-03T11:19:18-0400	tmp/my-fs-babashka-link-probe.4KuJK5
directory/other	0	1785770349	2026-08-03T11:19:09-0400	tmp/my-fs-babashka-probe.2i4i96
directory/other	3228	1785205595	2026-07-27T22:26:35-0400	tmp/my-message-drive
directory/other	0	1785884502	2026-08-04T19:01:42-0400	tmp/my-shell-test
directory/other	4	1785781644	2026-08-03T14:27:24-0400	tmp/my-web
directory/other	0	1785785069	2026-08-03T15:24:29-0400	tmp/my-web-test
directory/other	28	1785174687	2026-07-27T13:51:27-0400	tmp/n3-admission-probe
directory/other	1940	1785186554	2026-07-27T17:09:14-0400	tmp/n3-crash
directory/other	1532	1785184666	2026-07-27T16:37:46-0400	tmp/n3-drive
directory/other	12	1785184597	2026-07-27T16:36:37-0400	tmp/n3-live-probe
directory/other	2700	1785208309	2026-07-27T23:11:49-0400	tmp/n4-boot-demo
directory/other	1492	1785249114	2026-07-28T10:31:54-0400	tmp/n4-port
directory/other	1488	1785248841	2026-07-28T10:27:21-0400	tmp/n4-port2
directory/other	392	1772707563	2026-03-05T05:46:03-0500	tmp/nil-research-1772707563702
directory/other	392	1772707598	2026-03-05T05:46:38-0500	tmp/nil-research-many-1772707598818
directory/other	56	1784753217	2026-07-22T16:46:57-0400	tmp/normalize-4a
directory/other	40	1784753684	2026-07-22T16:54:44-0400	tmp/normalize-4a-acquired
directory/other	4	1785670274	2026-08-02T07:31:14-0400	tmp/op-fix-repro
directory/other	44	1784388249	2026-07-18T11:24:09-0400	tmp/operator-admission-probe-1784388249-inputs
directory/other	71048	1784388266	2026-07-18T11:24:26-0400	tmp/operator-admission-probe-1784388265
directory/other	71044	1784388265	2026-07-18T11:24:25-0400	tmp/operator-admission-probe-1784388265-inputs
directory/other	71048	1784388266	2026-07-18T11:24:26-0400	tmp/operator-admission-probe-1784388265-relocated
directory/other	71036	1784388317	2026-07-18T11:25:17-0400	tmp/operator-admission-probe-1784388316
directory/other	71032	1784388317	2026-07-18T11:25:17-0400	tmp/operator-admission-probe-1784388316-inputs
directory/other	71036	1784388317	2026-07-18T11:25:17-0400	tmp/operator-admission-probe-1784388316-relocated
directory/other	71048	1784388354	2026-07-18T11:25:54-0400	tmp/operator-admission-probe-1784388353
directory/other	71044	1784388353	2026-07-18T11:25:53-0400	tmp/operator-admission-probe-1784388353-inputs
directory/other	71048	1784388354	2026-07-18T11:25:54-0400	tmp/operator-admission-probe-1784388353-relocated
directory/other	1552	1781123994	2026-06-10T16:39:54-0400	tmp/operator-closure-stage
directory/other	2628	1784388278	2026-07-18T11:24:38-0400	tmp/operator-current-build-1784388277
directory/other	1524	1784388288	2026-07-18T11:24:48-0400	tmp/operator-current-build-1784388288
directory/other	2956	1784388300	2026-07-18T11:25:00-0400	tmp/operator-current-build-1784388300
directory/other	3008	1784388335	2026-07-18T11:25:35-0400	tmp/operator-current-build-1784388334
directory/other	0	1785625367	2026-08-01T19:02:47-0400	tmp/operator-down-probe-17595602226507361363
directory/other	2912	1784388415	2026-07-18T11:26:55-0400	tmp/operator-minimal-build-1784388415
directory/other	67828	1784387693	2026-07-18T11:14:53-0400	tmp/operator-package-probe-1784387693
directory/other	0	1785625378	2026-08-01T19:02:58-0400	tmp/operator-status-probe-14582228924900340006
directory/other	4146456	1785885337	2026-08-04T19:15:37-0400	tmp/orchestrator
directory/other	1320	1785281074	2026-07-28T19:24:34-0400	tmp/oversight-probe
directory/other	62244	1785699000	2026-08-02T15:30:00-0400	tmp/oversight-test
directory/other	24	1784764255	2026-07-22T19:50:55-0400	tmp/p1c-db-exemplar-operator
directory/other	0	1784388728	2026-07-18T11:32:08-0400	tmp/package-proof-state
directory/other	8	1784389321	2026-07-18T11:42:01-0400	tmp/package-proof-v3-state
directory/other	254624	1784391593	2026-07-18T12:19:53-0400	tmp/package-v10
directory/other	254624	1784391603	2026-07-18T12:20:03-0400	tmp/package-v10-relocated-1784391602
directory/other	254624	1784391811	2026-07-18T12:23:31-0400	tmp/package-v11
directory/other	254624	1784391824	2026-07-18T12:23:44-0400	tmp/package-v11-relocated-1784391823
directory/other	255372	1784392177	2026-07-18T12:29:37-0400	tmp/package-v12
directory/other	255372	1784392188	2026-07-18T12:29:48-0400	tmp/package-v12-relocated-1784392187
directory/other	255372	1784392643	2026-07-18T12:37:23-0400	tmp/package-v13
directory/other	255372	1784392978	2026-07-18T12:42:58-0400	tmp/package-v14
directory/other	4	1784389711	2026-07-18T11:48:31-0400	tmp/package-v5-generated-logs
directory/other	0	1784389715	2026-07-18T11:48:35-0400	tmp/package-v5-generated-tmp
directory/other	243960	1784391082	2026-07-18T12:11:22-0400	tmp/package-v8
directory/other	243960	1784391103	2026-07-18T12:11:43-0400	tmp/package-v8-relocated-1784391102
directory/other	243956	1784391350	2026-07-18T12:15:50-0400	tmp/package-v9
directory/other	243956	1784391364	2026-07-18T12:16:04-0400	tmp/package-v9-relocated-1784391363
directory/other	20	1781786651	2026-06-18T08:44:11-0400	tmp/parinferish-src
directory/other	32192	1785717471	2026-08-02T20:37:51-0400	tmp/per-cluster-history-0fdb2f70-0fa2-4536-aefb-48098a3aaf83
directory/other	51324	1785717541	2026-08-02T20:39:01-0400	tmp/per-cluster-history-8eef490d-8a07-426d-94c6-a0934e72e677
directory/other	51324	1785717601	2026-08-02T20:40:01-0400	tmp/per-cluster-history-f70a950f-85b3-4af7-b856-216cf165441e
directory/other	1836664	1785623141	2026-08-01T18:25:41-0400	tmp/perf-fsync
directory/other	68	1784389477	2026-07-18T11:44:37-0400	tmp/pkg-v4-state
directory/other	12308	1784389709	2026-07-18T11:48:29-0400	tmp/pkg-v5-state
directory/other	12312	1784390484	2026-07-18T12:01:24-0400	tmp/pkg-v6-state
directory/other	12236	1784390719	2026-07-18T12:05:19-0400	tmp/pkg-v7-state
directory/other	315500	1784392339	2026-07-18T12:32:19-0400	tmp/pkg-v8-state-1784391102
directory/other	46392	1785105700	2026-07-26T18:41:40-0400	tmp/plan-evidence
directory/other	11268	1784886433	2026-07-24T05:47:13-0400	tmp/planschema-artifacts
directory/other	628	1784478141	2026-07-19T12:22:21-0400	tmp/playwright-browsers
directory/other	42572	1784644217	2026-07-21T10:30:17-0400	tmp/playwright-evalfree-probe
directory/other	28	1785063978	2026-07-26T07:06:18-0400	tmp/pod-cut
directory/other	4	1785380745	2026-07-29T23:05:45-0400	tmp/probe-closed
directory/other	1688	1785193188	2026-07-27T18:59:48-0400	tmp/problems-probe
directory/other	48	1783962044	2026-07-13T13:00:44-0400	tmp/proc
directory/other	44	1784877456	2026-07-24T03:17:36-0400	tmp/proc-acme
directory/other	4	1784076482	2026-07-14T20:48:02-0400	tmp/proc-acme-acme-agentic-evidence
directory/other	276	1784852343	2026-07-23T20:19:03-0400	tmp/proc-acqpage
directory/other	12	1783685040	2026-07-10T08:04:00-0400	tmp/proc-fork-cert
directory/other	380	1784838433	2026-07-23T16:27:13-0400	tmp/proc-predfix
directory/other	300	1784841383	2026-07-23T17:16:23-0400	tmp/proc-procfix
directory/other	276	1784850710	2026-07-23T19:51:50-0400	tmp/proc-s2fix
directory/other	276	1784851192	2026-07-23T19:59:52-0400	tmp/proc-s2fix2
directory/other	24	1784822042	2026-07-23T11:54:02-0400	tmp/proc-schemagate
directory/other	24	1784822151	2026-07-23T11:55:51-0400	tmp/proc-schemagate-fix
directory/other	24	1784822921	2026-07-23T12:08:41-0400	tmp/proc-schemagate-fix2
directory/other	24	1784823394	2026-07-23T12:16:34-0400	tmp/proc-schemagate-fix2b
directory/other	24	1784823451	2026-07-23T12:17:31-0400	tmp/proc-schemagate-fix2c
directory/other	24	1784823648	2026-07-23T12:20:48-0400	tmp/proc-schemagate-fix2d
directory/other	424	1784812463	2026-07-23T09:14:23-0400	tmp/proc-u2spine
directory/other	6308	1784841063	2026-07-23T17:11:03-0400	tmp/procfix-artifacts
directory/other	392	1773825523	2026-03-18T05:18:43-0400	tmp/profile-async-1773825523662
directory/other	472	1773825540	2026-03-18T05:19:00-0400	tmp/profile-cache-1773825540799
directory/other	392	1773825507	2026-03-18T05:18:27-0400	tmp/profile-transact-1773825507705
directory/other	3188	1785413629	2026-07-30T08:13:49-0400	tmp/program-index
directory/other	152036	1785743420	2026-08-03T03:50:20-0400	tmp/program-restart-test
directory/other	124820	1785421580	2026-07-30T10:26:20-0400	tmp/projection-probe
directory/other	140032	1785771992	2026-08-03T11:46:32-0400	tmp/prompt-cap-proof
directory/other	104	1784132863	2026-07-15T12:27:43-0400	tmp/public-datahike-consumer
directory/other	24	1783367478	2026-07-06T15:51:18-0400	tmp/pyt
directory/other	28004	1783367451	2026-07-06T15:50:51-0400	tmp/pytest-venv
directory/other	0	1785158862	2026-07-27T09:27:42-0400	tmp/quality-review-2
directory/other	12	1785328865	2026-07-29T08:41:05-0400	tmp/query-invalidation
directory/other	6088	1784858738	2026-07-23T22:05:38-0400	tmp/querycache-bench.V6jaTs
directory/other	102588	1785668993	2026-08-02T07:09:53-0400	tmp/r1-css-clean.ywOQry
directory/other	12780	1785357181	2026-07-29T16:33:01-0400	tmp/r25-live-20260729
directory/other	12412	1785357358	2026-07-29T16:35:58-0400	tmp/r25-live2-20260729
directory/other	10516	1785357446	2026-07-29T16:37:26-0400	tmp/r25-live3-20260729
directory/other	292740	1784909457	2026-07-24T12:10:57-0400	tmp/r45s4-release-a
directory/other	293712	1784911577	2026-07-24T12:46:17-0400	tmp/r45s4-release-b
directory/other	293752	1784912563	2026-07-24T13:02:43-0400	tmp/r45s4-release-c
directory/other	361276	1784921619	2026-07-24T15:33:39-0400	tmp/r45s6
directory/other	0	1784477765	2026-07-19T12:16:05-0400	tmp/reactive-browser-profile
directory/other	20	1785722578	2026-08-02T22:02:58-0400	tmp/reaper-proof.KYA1oR
directory/other	32	1785722554	2026-08-02T22:02:34-0400	tmp/reaper-proof.Uv1QJy
directory/other	328	1773831823	2026-03-18T07:03:43-0400	tmp/ref-listen-1773831823027
directory/other	392	1773831829	2026-03-18T07:03:49-0400	tmp/ref-listen2-1773831829452
directory/other	360	1773831782	2026-03-18T07:03:02-0400	tmp/ref-test-1773831782835
directory/other	392	1773831793	2026-03-18T07:03:13-0400	tmp/ref-test-1773831793158
directory/other	392	1773831805	2026-03-18T07:03:25-0400	tmp/ref-test2-1773831805013
directory/other	392	1773831812	2026-03-18T07:03:32-0400	tmp/ref-test3-1773831812812
directory/other	8264	1784107884	2026-07-15T05:31:24-0400	tmp/reference-node-v26.4.0
directory/other	24	1785380194	2026-07-29T22:56:34-0400	tmp/registration-final-audit
directory/other	4	1785384813	2026-07-30T00:13:33-0400	tmp/registration-postfix-audit
directory/other	6468	1785698557	2026-08-02T15:22:37-0400	tmp/registry-test
directory/other	255372	1784398835	2026-07-18T14:20:35-0400	tmp/release-20260718-1419
directory/other	0	1784912566	2026-07-24T13:02:46-0400	tmp/release-package-build
directory/other	102776	1784384259	2026-07-18T10:17:39-0400	tmp/release-probe
directory/other	102692	1784384870	2026-07-18T10:27:50-0400	tmp/release-proof
directory/other	24	1785772043	2026-08-03T11:47:23-0400	tmp/reload-probe
directory/other	237520	1784388692	2026-07-18T11:31:32-0400	tmp/relocated-source-free-proof-2c1071
directory/other	237520	1784388728	2026-07-18T11:32:08-0400	tmp/relocated-source-free-proof-immutable
directory/other	237540	1784389307	2026-07-18T11:41:47-0400	tmp/relocated-source-free-release-v3-1784389306
directory/other	237540	1784389465	2026-07-18T11:44:25-0400	tmp/relocated-v4-1784389464
directory/other	237540	1784389755	2026-07-18T11:49:15-0400	tmp/relocated-v5-1784389696
directory/other	243956	1784390473	2026-07-18T12:01:13-0400	tmp/relocated-v6-1784390471
directory/other	243956	1784390707	2026-07-18T12:05:07-0400	tmp/relocated-v7-1784390706
directory/other	392	1773835632	2026-03-18T08:07:12-0400	tmp/render-demo-1773835632782
directory/other	392	1773835661	2026-03-18T08:07:41-0400	tmp/render-demo-1773835661273
directory/other	536	1773835632	2026-03-18T08:07:12-0400	tmp/render-demo-g-1773835632782
directory/other	536	1773835661	2026-03-18T08:07:41-0400	tmp/render-demo-g-1773835661273
directory/other	52	1785508892	2026-07-31T10:41:32-0400	tmp/render-invalidation
directory/other	40	1785333324	2026-07-29T09:55:24-0400	tmp/render-pipeline
directory/other	392	1773836340	2026-03-18T08:19:00-0400	tmp/repl-direct-domain-1773836340526
directory/other	392	1773836341	2026-03-18T08:19:01-0400	tmp/repl-direct-domain-1773836341692
directory/other	392	1773836346	2026-03-18T08:19:06-0400	tmp/repl-direct-domain-1773836346186
directory/other	392	1773836385	2026-03-18T08:19:45-0400	tmp/repl-direct-domain-1773836385136
directory/other	392	1773836388	2026-03-18T08:19:48-0400	tmp/repl-direct-domain-1773836388914
directory/other	392	1773836389	2026-03-18T08:19:49-0400	tmp/repl-direct-domain-1773836389955
directory/other	392	1773836394	2026-03-18T08:19:54-0400	tmp/repl-direct-domain-1773836394363
directory/other	392	1773836438	2026-03-18T08:20:38-0400	tmp/repl-direct-domain-1773836438157
directory/other	392	1773836439	2026-03-18T08:20:39-0400	tmp/repl-direct-domain-1773836439271
directory/other	392	1773836443	2026-03-18T08:20:43-0400	tmp/repl-direct-domain-1773836443649
directory/other	392	1773836773	2026-03-18T08:26:13-0400	tmp/repl-direct-domain-1773836773420
directory/other	392	1773837142	2026-03-18T08:32:22-0400	tmp/repl-direct-domain-1773837142433
directory/other	392	1773837143	2026-03-18T08:32:23-0400	tmp/repl-direct-domain-1773837143786
directory/other	392	1773837149	2026-03-18T08:32:29-0400	tmp/repl-direct-domain-1773837149128
directory/other	392	1773837196	2026-03-18T08:33:16-0400	tmp/repl-direct-domain-1773837196493
directory/other	392	1773837229	2026-03-18T08:33:49-0400	tmp/repl-direct-domain-1773837229636
directory/other	392	1773837230	2026-03-18T08:33:50-0400	tmp/repl-direct-domain-1773837230817
directory/other	392	1773837235	2026-03-18T08:33:55-0400	tmp/repl-direct-domain-1773837235345
directory/other	584	1773836340	2026-03-18T08:19:00-0400	tmp/repl-direct-graph-1773836340526
directory/other	584	1773836341	2026-03-18T08:19:01-0400	tmp/repl-direct-graph-1773836341692
directory/other	584	1773836346	2026-03-18T08:19:06-0400	tmp/repl-direct-graph-1773836346186
directory/other	584	1773836385	2026-03-18T08:19:45-0400	tmp/repl-direct-graph-1773836385136
directory/other	584	1773836389	2026-03-18T08:19:49-0400	tmp/repl-direct-graph-1773836388914
directory/other	584	1773836390	2026-03-18T08:19:50-0400	tmp/repl-direct-graph-1773836389955
directory/other	584	1773836394	2026-03-18T08:19:54-0400	tmp/repl-direct-graph-1773836394363
directory/other	584	1773836438	2026-03-18T08:20:38-0400	tmp/repl-direct-graph-1773836438157
directory/other	584	1773836439	2026-03-18T08:20:39-0400	tmp/repl-direct-graph-1773836439271
directory/other	584	1773836443	2026-03-18T08:20:43-0400	tmp/repl-direct-graph-1773836443649
directory/other	584	1773836773	2026-03-18T08:26:13-0400	tmp/repl-direct-graph-1773836773420
directory/other	600	1773837142	2026-03-18T08:32:22-0400	tmp/repl-direct-graph-1773837142433
directory/other	600	1773837143	2026-03-18T08:32:23-0400	tmp/repl-direct-graph-1773837143786
directory/other	600	1773837149	2026-03-18T08:32:29-0400	tmp/repl-direct-graph-1773837149128
directory/other	600	1773837196	2026-03-18T08:33:16-0400	tmp/repl-direct-graph-1773837196493
directory/other	600	1773837229	2026-03-18T08:33:49-0400	tmp/repl-direct-graph-1773837229636
directory/other	600	1773837230	2026-03-18T08:33:50-0400	tmp/repl-direct-graph-1773837230817
directory/other	600	1773837235	2026-03-18T08:33:55-0400	tmp/repl-direct-graph-1773837235345
directory/other	25740	1785354290	2026-07-29T15:44:50-0400	tmp/repl-experiments
directory/other	392	1773836344	2026-03-18T08:19:04-0400	tmp/repl-session-domain-1773836344401
directory/other	392	1773836359	2026-03-18T08:19:19-0400	tmp/repl-session-domain-1773836359395
directory/other	392	1773836392	2026-03-18T08:19:52-0400	tmp/repl-session-domain-1773836392650
directory/other	392	1773836441	2026-03-18T08:20:41-0400	tmp/repl-session-domain-1773836441948
directory/other	392	1773837146	2026-03-18T08:32:26-0400	tmp/repl-session-domain-1773837146667
directory/other	392	1773837233	2026-03-18T08:33:53-0400	tmp/repl-session-domain-1773837233531
directory/other	584	1773836344	2026-03-18T08:19:04-0400	tmp/repl-session-graph-1773836344401
directory/other	584	1773836359	2026-03-18T08:19:19-0400	tmp/repl-session-graph-1773836359395
directory/other	584	1773836392	2026-03-18T08:19:52-0400	tmp/repl-session-graph-1773836392650
directory/other	584	1773836442	2026-03-18T08:20:42-0400	tmp/repl-session-graph-1773836441948
directory/other	600	1773837146	2026-03-18T08:32:26-0400	tmp/repl-session-graph-1773837146667
directory/other	600	1773837233	2026-03-18T08:33:53-0400	tmp/repl-session-graph-1773837233531
directory/other	392	1773832396	2026-03-18T07:13:16-0400	tmp/repl-verify-1773832396594
directory/other	4	1782340117	2026-06-24T18:28:37-0400	tmp/replica-peer
directory/other	2688	1781113448	2026-06-10T13:44:08-0400	tmp/replica-probe
directory/other	0	1785625543	2026-08-01T19:05:43-0400	tmp/reset-delete-probe-12023896455609561279
directory/other	15372512	1785280261	2026-07-28T19:11:01-0400	tmp/reset-proof
directory/other	60080	1784639562	2026-07-21T09:12:42-0400	tmp/restore-admin-95784e14-b364-480b-98b5-c68a835bdca5
directory/other	0	1785150259	2026-07-27T07:04:19-0400	tmp/review-bin
directory/other	5972	1785885156	2026-08-04T19:12:36-0400	tmp/reviews
directory/other	211324	1784844727	2026-07-23T18:12:07-0400	tmp/rowsidecar-release-gate
directory/other	392	1773835219	2026-03-18T08:00:19-0400	tmp/rv-1773835219332
directory/other	536	1773835232	2026-03-18T08:00:32-0400	tmp/rv-dbg-1773835232777
directory/other	392	1773835494	2026-03-18T08:04:54-0400	tmp/rv-final-1773835494081
directory/other	536	1773835494	2026-03-18T08:04:54-0400	tmp/rv-final-g-1773835494081
directory/other	536	1773835219	2026-03-18T08:00:19-0400	tmp/rv-g-1773835219332
directory/other	536	1773835321	2026-03-18T08:02:01-0400	tmp/rv-q-1773835321388
directory/other	289452	1784857638	2026-07-23T21:47:18-0400	tmp/s2fix3-release-proof-2
directory/other	0	1785684265	2026-08-02T11:24:25-0400	tmp/schema-admission-test
directory/other	3282120	1785715612	2026-08-02T20:06:52-0400	tmp/schema-created-at-saving-01f3dd29-936b-4be9-953a-c0e79ad9686e
directory/other	3238248	1785716508	2026-08-02T20:21:48-0400	tmp/schema-created-at-saving-2acf0c0b-5592-4867-b18c-e0b35d20a29a
directory/other	21276	1785715261	2026-08-02T20:01:01-0400	tmp/schema-created-at-saving-e4955b82-d49d-45f6-a20a-d25929ca2921
directory/other	0	1785718554	2026-08-02T20:55:54-0400	tmp/schema-generator
directory/other	60	1785766622	2026-08-03T10:17:02-0400	tmp/schema-loader-jar-probe
directory/other	9924	1785676157	2026-08-02T09:09:17-0400	tmp/sci-classes
directory/other	4	1785709693	2026-08-02T18:28:13-0400	tmp/sci-cow-live-root
directory/other	25624	1785669437	2026-08-02T07:17:17-0400	tmp/sci-node-parent-control
directory/other	1308	1785677196	2026-08-02T09:26:36-0400	tmp/sci-one
directory/other	52	1785530886	2026-07-31T16:48:06-0400	tmp/sci-precompute
directory/other	29032	1784920353	2026-07-24T15:12:33-0400	tmp/sci-probe
directory/other	27204	1785599464	2026-08-01T11:51:04-0400	tmp/sci-session
directory/other	53824	1782063554	2026-06-21T13:39:14-0400	tmp/sci-spike
directory/other	124	1785345533	2026-07-29T13:18:53-0400	tmp/seam-reaudit5
directory/other	1124	1785352874	2026-07-29T15:21:14-0400	tmp/seam-reaudit6
directory/other	1124	1785789266	2026-08-03T16:34:26-0400	tmp/search-probe-3c2a7d92-7b5c-402c-b1fb-9537e2d8ae20
directory/other	0	1785789233	2026-08-03T16:33:53-0400	tmp/search-probe-85944b49-4027-4c6b-afb8-69e68f1bd686
directory/other	1124	1785789373	2026-08-03T16:36:13-0400	tmp/search-probe-ee73a211-0c5d-4deb-8ce5-088249055910
directory/other	12	1781042536	2026-06-09T18:02:16-0400	tmp/search-test
directory/other	24	1784129115	2026-07-15T11:25:15-0400	tmp/search-test-67469
directory/other	4	1785774894	2026-08-03T12:34:54-0400	tmp/seon
directory/other	4	1785147200	2026-07-27T06:13:20-0400	tmp/seon-artifact-build
directory/other	4100	1785104084	2026-07-26T18:14:44-0400	tmp/seon-clusters
directory/other	0	1785371663	2026-07-29T20:34:23-0400	tmp/seon-containment
directory/other	10716300	1785147193	2026-07-27T06:13:13-0400	tmp/seon-jvm-artifacts
directory/other	16	1779784293	2026-05-26T04:31:33-0400	tmp/seon-log-rotate
directory/other	212	1779784275	2026-05-26T04:31:15-0400	tmp/seon-log-verify
directory/other	32832	1785148576	2026-07-27T06:36:16-0400	tmp/seon-operator
directory/other	4	1784147828	2026-07-15T16:37:08-0400	tmp/seon-operator-bun-proof
directory/other	404	1784883575	2026-07-24T04:59:35-0400	tmp/seon-operator-claimant2
directory/other	36	1784873434	2026-07-24T02:10:34-0400	tmp/seon-operator-claimantllm
directory/other	348	1784879491	2026-07-24T03:51:31-0400	tmp/seon-operator-claimantpath
directory/other	88	1784767130	2026-07-22T20:38:50-0400	tmp/seon-operator-e2e-seam-20260722
directory/other	20	1784865352	2026-07-23T23:55:52-0400	tmp/seon-operator-hostdrain
directory/other	728	1784894962	2026-07-24T08:09:22-0400	tmp/seon-operator-lifecycle
directory/other	48	1784776259	2026-07-22T23:10:59-0400	tmp/seon-operator-loop-slice-live
directory/other	40	1784757252	2026-07-22T17:54:12-0400	tmp/seon-operator-normalize-4b
directory/other	56	1784767025	2026-07-22T20:37:05-0400	tmp/seon-operator-p2-msglc-live
directory/other	48	1784767032	2026-07-22T20:37:12-0400	tmp/seon-operator-pkg-door
directory/other	24	1784769797	2026-07-22T21:23:17-0400	tmp/seon-operator-pkg-door-empty
directory/other	64	1784769610	2026-07-22T21:20:10-0400	tmp/seon-operator-pkg-door-live
directory/other	332	1784889779	2026-07-24T06:42:59-0400	tmp/seon-operator-planschema
directory/other	280	1784901385	2026-07-24T09:56:25-0400	tmp/seon-operator-r45s3-build
directory/other	20	1784845804	2026-07-23T18:30:04-0400	tmp/seon-operator-runtimecost
directory/other	40	1784800429	2026-07-23T05:53:49-0400	tmp/seon-operator-u5web
directory/other	20	1784802987	2026-07-23T06:36:27-0400	tmp/seon-operator-u6acore
directory/other	20	1784678247	2026-07-21T19:57:27-0400	tmp/seon-operator-w15b-live
directory/other	20	1784678271	2026-07-21T19:57:51-0400	tmp/seon-operator-w15b-live2
directory/other	72	1784678791	2026-07-21T20:06:31-0400	tmp/seon-operator-w15b-live3
directory/other	39570156	1785109250	2026-07-26T19:40:50-0400	tmp/seon-runtime-artifacts
directory/other	1542300	1785147307	2026-07-27T06:15:07-0400	tmp/seon-template-stores
directory/other	28	1784913567	2026-07-24T13:19:27-0400	tmp/seon-webui-operator
directory/other	0	1784649087	2026-07-21T11:51:27-0400	tmp/seon-wp-k-scratch
directory/other	464648	1785875468	2026-08-04T16:31:08-0400	tmp/session-curation-replay-2026-08-04
directory/other	252812	1785880236	2026-08-04T17:50:36-0400	tmp/session-curation-w2-2026-08-04
directory/other	49032	1785883898	2026-08-04T18:51:38-0400	tmp/session-curation-w2-live
directory/other	21180	1785696713	2026-08-02T14:51:53-0400	tmp/session-fresh-jvm
directory/other	16244	1785696760	2026-08-02T14:52:40-0400	tmp/session-image-test
directory/other	1963520	1784893055	2026-07-24T07:37:35-0400	tmp/shadow
directory/other	0	1784153312	2026-07-15T18:08:32-0400	tmp/shell-test-45201
directory/other	4	1784324438	2026-07-17T17:40:38-0400	tmp/shell-test-5436
directory/other	4	1784129414	2026-07-15T11:30:14-0400	tmp/shell-test-81634
directory/other	3772	1785296734	2026-07-28T23:45:34-0400	tmp/slice2-live
directory/other	3208	1785318611	2026-07-29T05:50:11-0400	tmp/slice2-live-final
directory/other	4024	1785318648	2026-07-29T05:50:48-0400	tmp/slice2-live-final-2
directory/other	442116	1783280775	2026-07-05T15:46:15-0400	tmp/slice2-venv
directory/other	4000	1783281789	2026-07-05T16:03:09-0400	tmp/slice3-compose
directory/other	166540	1784387462	2026-07-18T11:11:02-0400	tmp/source-free-release-proof
directory/other	237520	1784388652	2026-07-18T11:30:52-0400	tmp/source-free-release-proof-v2
directory/other	237540	1784389289	2026-07-18T11:41:29-0400	tmp/source-free-release-proof-v3
directory/other	237540	1784389456	2026-07-18T11:44:16-0400	tmp/source-free-release-proof-v4
directory/other	237540	1784389684	2026-07-18T11:48:04-0400	tmp/source-free-release-proof-v5
directory/other	243956	1784390450	2026-07-18T12:00:50-0400	tmp/source-free-release-proof-v6
directory/other	243956	1784390689	2026-07-18T12:04:49-0400	tmp/source-free-release-proof-v7
directory/other	0	1785698562	2026-08-02T15:22:42-0400	tmp/source-test
directory/other	20100	1785420742	2026-07-30T10:12:22-0400	tmp/spec-probe
directory/other	52	1784619502	2026-07-21T03:38:22-0400	tmp/stage15-sampler-proof-default
directory/other	29156	1785600532	2026-08-01T12:08:52-0400	tmp/stateless-resume-2026-08-01
directory/other	270712	1785681264	2026-08-02T10:34:24-0400	tmp/store-amplification
directory/other	100684	1781206550	2026-06-11T15:35:50-0400	tmp/store-backups
directory/other	29284	1785623197	2026-08-01T18:26:37-0400	tmp/store-capabilities-3928a7df-2e55-44d3-a09a-bb98af0e0613
directory/other	29284	1785623044	2026-08-01T18:24:04-0400	tmp/store-capabilities-606bf534-bc21-4865-8c75-8d9d46a63d55
directory/other	29284	1785622989	2026-08-01T18:23:09-0400	tmp/store-capabilities-fdbe3d2c-5116-4ab8-92c9-da353ceb2737
directory/other	2107056	1785705180	2026-08-02T17:13:00-0400	tmp/store-census-20260802
directory/other	4	1785709867	2026-08-02T18:31:07-0400	tmp/store-census-live-proof-20260802
directory/other	53012	1785709448	2026-08-02T18:24:08-0400	tmp/store-census-reductions-241171ea-c457-4c69-a891-fc111862b4b8
directory/other	58364	1785709376	2026-08-02T18:22:56-0400	tmp/store-census-reductions-d643814b-2aab-48d0-b6de-55f2591f4718
directory/other	59328	1785709490	2026-08-02T18:24:50-0400	tmp/store-census-reductions-ebd58050-cae4-43a8-a2e2-04f5b7ddb218
directory/other	39132	1785700774	2026-08-02T15:59:34-0400	tmp/store-options-before-after-2026-08-02
directory/other	40	1785709227	2026-08-02T18:20:27-0400	tmp/store-reduction-probe-55b65b55-e0c1-4faf-8956-b5ee99d1a31b
directory/other	396	1785698567	2026-08-02T15:22:47-0400	tmp/store-test
directory/other	70120	1785699634	2026-08-02T15:40:34-0400	tmp/store-write-object-anatomy-12789a46-7c29-43cf-8636-701803d16a4d
directory/other	70120	1785699504	2026-08-02T15:38:24-0400	tmp/store-write-object-anatomy-4bfebcbd-c59e-4554-9a1c-e89d910d20e6
directory/other	70120	1785699599	2026-08-02T15:39:59-0400	tmp/store-write-object-anatomy-ba77d821-dfb7-48cf-8570-1e2cffd0e48c
directory/other	70064	1785699491	2026-08-02T15:38:11-0400	tmp/store-write-object-anatomy-e8024b95-44a7-4f40-bb11-972b5af6398d
directory/other	32	1785326282	2026-07-29T07:58:02-0400	tmp/submit-probe
directory/other	224296	1784727412	2026-07-22T09:36:52-0400	tmp/sv-probes
directory/other	232916	1783362415	2026-07-06T14:26:55-0400	tmp/t2-gold
directory/other	653056	1783359780	2026-07-06T13:43:00-0400	tmp/tb-venv
directory/other	47580	1783370191	2026-07-06T16:36:31-0400	tmp/tb2-dataset
directory/other	52	1783370588	2026-07-06T16:43:08-0400	tmp/tb2-jobs
directory/other	52	1783380528	2026-07-06T19:28:48-0400	tmp/tb2-jobs-rosetta
directory/other	8	1783370367	2026-07-06T16:39:27-0400	tmp/tb2-manifests
directory/other	234972	1783370080	2026-07-06T16:34:40-0400	tmp/tb2-venv
directory/other	4640	1785879956	2026-08-04T17:45:56-0400	tmp/test-changed
directory/other	100	1772616107	2026-03-04T04:21:47-0500	tmp/test-ctx-1772616107578-5222
directory/other	100	1772617017	2026-03-04T04:36:57-0500	tmp/test-ctx-1772617017397-8310
directory/other	4	1785377361	2026-07-29T22:09:21-0400	tmp/test-index-falsifier
directory/other	232	1772616101	2026-03-04T04:21:41-0500	tmp/test-lifecycle-1772616101625-7363
directory/other	312	1777126581	2026-04-25T10:16:21-0400	tmp/test-lifecycle-1777126581320-2910
directory/other	32	1785771829	2026-08-03T11:43:49-0400	tmp/test-liveness
directory/other	6776	1785778165	2026-08-03T13:29:25-0400	tmp/test-profiles
directory/other	232	1772614440	2026-03-04T03:54:00-0500	tmp/test-render-1772614440092
directory/other	1672	1785286995	2026-07-28T21:03:15-0400	tmp/test-result-proof-20260729
directory/other	1680	1785287495	2026-07-28T21:11:35-0400	tmp/test-result-proof-final-20260729
directory/other	232	1772800663	2026-03-06T07:37:43-0500	tmp/test-runtime-1772800663194-9011
directory/other	312	1772449165	2026-03-02T05:59:25-0500	tmp/test-schema-debug
directory/other	0	1785684423	2026-08-02T11:27:03-0400	tmp/test-support
directory/other	28	1783368138	2026-07-06T16:02:18-0400	tmp/testrun-live
directory/other	16	1785359470	2026-07-29T17:11:10-0400	tmp/tooling-skill-link-falsifier
directory/other	72	1781051104	2026-06-09T20:25:04-0400	tmp/trove-jar
directory/other	40	1783286219	2026-07-05T17:16:59-0400	tmp/turn-capture-test-15704
directory/other	484	1784121681	2026-07-15T09:21:21-0400	tmp/turn-capture-test-15873
directory/other	376	1784115889	2026-07-15T07:44:49-0400	tmp/turn-capture-test-20578
directory/other	304	1784121984	2026-07-15T09:26:24-0400	tmp/turn-capture-test-21987
directory/other	152	1784124556	2026-07-15T10:09:16-0400	tmp/turn-capture-test-24673
directory/other	72	1784104107	2026-07-15T04:28:27-0400	tmp/turn-capture-test-26110
directory/other	76	1784124875	2026-07-15T10:14:35-0400	tmp/turn-capture-test-37106
directory/other	152	1784123280	2026-07-15T09:48:00-0400	tmp/turn-capture-test-53263
directory/other	76	1784116473	2026-07-15T07:54:33-0400	tmp/turn-capture-test-56940
directory/other	224	1784124224	2026-07-15T10:03:44-0400	tmp/turn-capture-test-5976
directory/other	564	1784114409	2026-07-15T07:20:09-0400	tmp/turn-capture-test-67813
directory/other	412	1784118883	2026-07-15T08:34:43-0400	tmp/turn-capture-test-73872
directory/other	152	1784120695	2026-07-15T09:04:55-0400	tmp/turn-capture-test-77874
directory/other	76	1784123883	2026-07-15T09:58:03-0400	tmp/turn-capture-test-81286
directory/other	492	1784117076	2026-07-15T08:04:36-0400	tmp/turn-capture-test-81947
directory/other	492	1784119192	2026-07-15T08:39:52-0400	tmp/turn-capture-test-87569
directory/other	484	1784120996	2026-07-15T09:09:56-0400	tmp/turn-capture-test-98779
directory/other	412	1784119499	2026-07-15T08:44:59-0400	tmp/turn-capture-test-99368
directory/other	300	1784095732	2026-07-15T02:08:52-0400	tmp/turn-capture-test-99643
directory/other	132592	1785770189	2026-08-03T11:16:29-0400	tmp/turn-completion-head
directory/other	132472	1785770179	2026-08-03T11:16:19-0400	tmp/turn-completion-parent
directory/other	4996	1785673980	2026-08-02T08:33:00-0400	tmp/turn-evaluate-baseline-src
directory/other	1476	1785050367	2026-07-26T03:19:27-0400	tmp/turnmeasure0726a
directory/other	328	1773829658	2026-03-18T06:27:38-0400	tmp/tx-inspect-1773829658977
directory/other	328	1773829666	2026-03-18T06:27:46-0400	tmp/tx-inspect-1773829666508
directory/other	360	1773829675	2026-03-18T06:27:55-0400	tmp/tx-inspect2-1773829675245
directory/other	360	1773829855	2026-03-18T06:30:55-0400	tmp/tx-refs-1773829855786
directory/other	52	1784589464	2026-07-20T19:17:44-0400	tmp/u15-drill
directory/other	24	1785291196	2026-07-28T22:13:16-0400	tmp/ui-data-entity-live
directory/other	1612	1785291087	2026-07-28T22:11:27-0400	tmp/ui-data-entity-live-60380
directory/other	1612	1785291156	2026-07-28T22:12:36-0400	tmp/ui-data-entity-live-60713
directory/other	1612	1785291194	2026-07-28T22:13:14-0400	tmp/ui-data-entity-live-60877
directory/other	2412	1785290170	2026-07-28T21:56:10-0400	tmp/ui-message-bar-live-52361
directory/other	2432	1785290210	2026-07-28T21:56:50-0400	tmp/ui-message-bar-live-52564
directory/other	2432	1785290362	2026-07-28T21:59:22-0400	tmp/ui-message-bar-live-54013
directory/other	1648	1785290846	2026-07-28T22:07:26-0400	tmp/ui-message-bar-live-58477
directory/other	2596	1785291168	2026-07-28T22:12:48-0400	tmp/ui-message-bar-live-60689
directory/other	2548	1785291339	2026-07-28T22:15:39-0400	tmp/ui-message-bar-live-61317
directory/other	2560	1785291515	2026-07-28T22:18:35-0400	tmp/ui-message-bar-live-62261
directory/other	396	1785284363	2026-07-28T20:19:23-0400	tmp/ui-wave
directory/other	144	1781127228	2026-06-10T17:33:48-0400	tmp/v3c
directory/other	276	1781204986	2026-06-11T15:09:46-0400	tmp/v4-blobs
directory/other	24	1781704848	2026-06-17T10:00:48-0400	tmp/vendor-test
directory/other	552	1773815091	2026-03-18T02:24:51-0400	tmp/verify-e2e-1773815091907
directory/other	2104	1785538858	2026-07-31T19:00:58-0400	tmp/visual-qa
directory/other	24	1784726244	2026-07-22T09:17:24-0400	tmp/w17-live-proof
directory/other	36268	1780013232	2026-05-28T20:07:12-0400	tmp/wasm-backups-20260529
directory/other	188	1784868919	2026-07-24T00:55:19-0400	tmp/web-static.j3OOqY
directory/other	4	1783269391	2026-07-05T12:36:31-0400	tmp/web-test-11237
directory/other	8	1785017090	2026-07-25T18:04:50-0400	tmp/web-test-47634
directory/other	8	1785017472	2026-07-25T18:11:12-0400	tmp/web-test-51108
directory/other	8	1785017879	2026-07-25T18:17:59-0400	tmp/web-test-54752
directory/other	604	1784869282	2026-07-24T01:01:22-0400	tmp/web-verify.64kjEZ
directory/other	0	1784868729	2026-07-24T00:52:09-0400	tmp/web-verify.ZjfpCn
directory/other	20	1783018580	2026-07-02T14:56:20-0400	tmp/wind-down-2026-07-02
directory/other	25060	1785668665	2026-08-02T07:04:25-0400	tmp/writer-artifact-option-probe
directory/other	0	1784827140	2026-07-23T13:19:00-0400	tmp/writer-init-crash-cc66b1f8-e008-4bb8-8d5c-356cbed81868
directory/other	20	1784632618	2026-07-21T07:16:58-0400	tmp/writer-pool-probe
directory/other	60176	1784332144	2026-07-17T19:49:04-0400	tmp/writer-proximum-8eb9a4cf-b957-4be9-8285-c5bf15b6bdfc
directory/other	60176	1784240857	2026-07-16T18:27:37-0400	tmp/writer-proximum-910e85cd-4ddf-4062-93a4-3666bc88ca7d
directory/other	60176	1784332178	2026-07-17T19:49:38-0400	tmp/writer-proximum-9b3b0fa9-80a1-4e00-83d1-0612aca4103b
directory/other	60176	1784331933	2026-07-17T19:45:33-0400	tmp/writer-proximum-cec0e8a3-0851-4759-8ac1-86f367849f09
directory/other	187668	1784133337	2026-07-15T12:35:37-0400	tmp/writer-repro-a
directory/other	187668	1784133344	2026-07-15T12:35:44-0400	tmp/writer-repro-b
directory/other	187688	1784133537	2026-07-15T12:38:57-0400	tmp/writer-repro-clearing-a
directory/other	187688	1784133544	2026-07-15T12:39:04-0400	tmp/writer-repro-clearing-b
directory/other	392	1772498922	2026-03-02T19:48:42-0500	tmp/writer-research
directory/other	143812	1785038818	2026-07-26T00:06:58-0400	tmp/writer-saturation-cedd56bb-c23c-4c04-a651-62b097407174
directory/other	4	1784639562	2026-07-21T09:12:42-0400	tmp/wt-975fe187-5680-4f12-ba43-e95b36a1d7c0
file/clojure-source	4	1785724881	2026-08-02T22:41:21-0400	tmp/adversarial-codec-probe.clj
file/clojure-source	4	1785725609	2026-08-02T22:53:29-0400	tmp/adversarial-config-schema-extraction.clj
file/clojure-source	4	1785725221	2026-08-02T22:47:01-0400	tmp/adversarial-history-prepare.clj
file/clojure-source	4	1785725325	2026-08-02T22:48:45-0400	tmp/adversarial-history-reopen.clj
file/clojure-source	4	1785725384	2026-08-02T22:49:44-0400	tmp/adversarial-open-map-probe.clj
file/clojure-source	4	1785620614	2026-08-01T17:43:34-0400	tmp/adversarial-print-generator-probe.clj
file/clojure-source	4	1785725973	2026-08-02T22:59:33-0400	tmp/adversarial-suite-speed-probe.clj
file/clojure-source	4	1785725019	2026-08-02T22:43:39-0400	tmp/adversarial-union-attrs.clj
file/clojure-source	4	1785621101	2026-08-01T17:51:41-0400	tmp/adversarial-wave2-probe.clj
file/clojure-source	4	1785027466	2026-07-25T20:57:46-0400	tmp/bench_guard_interrupt.clj
file/clojure-source	4	1785768432	2026-08-03T10:47:12-0400	tmp/blob_alloc_probe.clj
file/clojure-source	4	1785208736	2026-07-27T23:18:56-0400	tmp/block_cache_probe.clj
file/clojure-source	4	1785208620	2026-07-27T23:17:00-0400	tmp/block_divergence_loop.clj
file/clojure-source	4	1785208682	2026-07-27T23:18:02-0400	tmp/block_fn_probe.clj
file/clojure-source	4	1785208839	2026-07-27T23:20:39-0400	tmp/block_name_sweep.clj
file/clojure-source	4	1785209155	2026-07-27T23:25:55-0400	tmp/block_parsecache_test.clj
file/clojure-source	4	1785209021	2026-07-27T23:23:41-0400	tmp/block_plan_dump.clj
file/clojure-source	4	1785208777	2026-07-27T23:19:37-0400	tmp/block_plan_probe.clj
file/clojure-source	4	1785208939	2026-07-27T23:22:19-0400	tmp/block_plancache_test.clj
file/clojure-source	4	1785209119	2026-07-27T23:25:19-0400	tmp/block_poison_test.clj
file/clojure-source	4	1785208992	2026-07-27T23:23:12-0400	tmp/block_resultcache_test.clj
file/clojure-source	4	1785209520	2026-07-27T23:32:00-0400	tmp/block_trace.clj
file/clojure-source	4	1785209302	2026-07-27T23:28:22-0400	tmp/block_trace2.clj
file/clojure-source	4	1785367654	2026-07-29T19:27:34-0400	tmp/blocker-schema-probe.clj
file/clojure-source	4	1785020156	2026-07-25T18:55:56-0400	tmp/boot_breakdown.clj
file/clojure-source	4	1785080034	2026-07-26T11:33:54-0400	tmp/boot_breakdown_current.clj
file/clojure-source	8	1785677706	2026-08-02T09:35:06-0400	tmp/bootstrap-ab-proof.clj
file/clojure-source	8	1785724561	2026-08-02T22:36:01-0400	tmp/branch-api-falsifier.clj
file/clojure-source	8	1785724537	2026-08-02T22:35:37-0400	tmp/branch-fixture-probe.clj
file/clojure-source	4	1785724760	2026-08-02T22:39:20-0400	tmp/branch-lifecycle-timing.clj
file/clojure-source	4	1785380236	2026-07-29T22:57:16-0400	tmp/classify-build-defs.clj
file/clojure-source	4	1785359537	2026-07-29T17:12:17-0400	tmp/cluster-priming-index-probe.clj
file/clojure-source	4	1785759742	2026-08-03T08:22:22-0400	tmp/cold_acquire_state_probe.clj
file/clojure-source	4	1785760050	2026-08-03T08:27:30-0400	tmp/cold_reacquire_probe.clj
file/clojure-source	4	1785760190	2026-08-03T08:29:50-0400	tmp/cold_reopen_live_proof.clj
file/clojure-source	4	1785759693	2026-08-03T08:21:33-0400	tmp/cold_reopen_probe.clj
file/clojure-source	8	1785882814	2026-08-04T18:33:34-0400	tmp/concurrency_streams_probe.clj
file/clojure-source	4	1785782198	2026-08-03T14:36:38-0400	tmp/config-consumer-probe.clj
file/clojure-source	20	1785545590	2026-07-31T20:53:10-0400	tmp/context-mvp-drive.clj
file/clojure-source	8	1785283398	2026-07-28T20:03:18-0400	tmp/context-pilot-live-drive.clj
file/clojure-source	4	1785282017	2026-07-28T19:40:17-0400	tmp/context_pilot_probe.clj
file/clojure-source	4	1785282068	2026-07-28T19:41:08-0400	tmp/context_pilot_probe2.clj
file/clojure-source	4	1785282336	2026-07-28T19:45:36-0400	tmp/context_pilot_probe3.clj
file/clojure-source	4	1785282614	2026-07-28T19:50:14-0400	tmp/context_pilot_probe4.clj
file/clojure-source	8	1785265485	2026-07-28T15:04:45-0400	tmp/context_probe.clj
file/clojure-source	8	1785543201	2026-07-31T20:13:21-0400	tmp/context_quality_proof.clj
file/clojure-source	56	1785266717	2026-07-28T15:25:17-0400	tmp/context_test_draft.clj
file/clojure-source	4	1785612700	2026-08-01T15:31:40-0400	tmp/crash-mid-eval-observe.clj
file/clojure-source	4	1785612755	2026-08-01T15:32:35-0400	tmp/crash-mid-eval-recovered.clj
file/clojure-source	4	1785612700	2026-08-01T15:31:40-0400	tmp/crash-mid-eval.clj
file/clojure-source	4	1785612644	2026-08-01T15:30:44-0400	tmp/crash-row1-before.clj
file/clojure-source	4	1785612785	2026-08-01T15:33:05-0400	tmp/crash-row4-install.clj
file/clojure-source	4	1785612785	2026-08-01T15:33:05-0400	tmp/crash-row4-observe.clj
file/clojure-source	4	1785612846	2026-08-01T15:34:06-0400	tmp/crash-row4-recovered.clj
file/clojure-source	4	1785875512	2026-08-04T16:31:52-0400	tmp/curation_supersession_probe.clj
file/clojure-source	4	1785685293	2026-08-02T11:41:33-0400	tmp/custody-probe-2026-08-02.clj
file/clojure-source	4	1785685318	2026-08-02T11:41:58-0400	tmp/custody-probe2-2026-08-02.clj
file/clojure-source	4	1785685595	2026-08-02T11:46:35-0400	tmp/custody-probe3-2026-08-02.clj
file/clojure-source	4	1785685821	2026-08-02T11:50:21-0400	tmp/custody-probe4-2026-08-02.clj
file/clojure-source	4	1785685848	2026-08-02T11:50:48-0400	tmp/custody-probe5-2026-08-02.clj
file/clojure-source	4	1785686052	2026-08-02T11:54:12-0400	tmp/custody-probe6-2026-08-02.clj
file/clojure-source	4	1785686079	2026-08-02T11:54:39-0400	tmp/custody-probe7-2026-08-02.clj
file/clojure-source	4	1785686810	2026-08-02T12:06:50-0400	tmp/custody-probe8-2026-08-02.clj
file/clojure-source	12	1785268145	2026-07-28T15:49:05-0400	tmp/custody-revision-green-probe.clj
file/clojure-source	4	1785676188	2026-08-02T09:09:48-0400	tmp/dev-cache-probe.clj
file/clojure-source	4	1785599088	2026-08-01T11:44:48-0400	tmp/edamame_tag_probe.clj
file/clojure-source	8	1785270615	2026-07-28T16:30:15-0400	tmp/f1-agent-graph-probe.clj
file/clojure-source	8	1785516926	2026-07-31T12:55:26-0400	tmp/flow_control_probe.clj
file/clojure-source	8	1785517579	2026-07-31T13:06:19-0400	tmp/flow_skill_verify_probe.clj
file/clojure-source	4	1785517628	2026-07-31T13:07:08-0400	tmp/flow_skill_verify_probe2.clj
file/clojure-source	4	1785209437	2026-07-27T23:30:37-0400	tmp/fork_falsifier_probe.clj
file/clojure-source	4	1785294579	2026-07-28T23:09:39-0400	tmp/gen-diagnose.clj
file/clojure-source	4	1785293031	2026-07-28T22:43:51-0400	tmp/gen-probe-reader.clj
file/clojure-source	4	1785598180	2026-08-01T11:29:40-0400	tmp/grader-probe-1.clj
file/clojure-source	4	1785598648	2026-08-01T11:37:28-0400	tmp/grader-probe-10.clj
file/clojure-source	8	1785598735	2026-08-01T11:38:55-0400	tmp/grader-probe-11.clj
file/clojure-source	8	1785598804	2026-08-01T11:40:04-0400	tmp/grader-probe-12.clj
file/clojure-source	4	1785598917	2026-08-01T11:41:57-0400	tmp/grader-probe-13.clj
file/clojure-source	4	1785598259	2026-08-01T11:30:59-0400	tmp/grader-probe-2.clj
file/clojure-source	8	1785598321	2026-08-01T11:32:01-0400	tmp/grader-probe-3.clj
file/clojure-source	4	1785598366	2026-08-01T11:32:46-0400	tmp/grader-probe-4.clj
file/clojure-source	4	1785598445	2026-08-01T11:34:05-0400	tmp/grader-probe-5.clj
file/clojure-source	4	1785598496	2026-08-01T11:34:56-0400	tmp/grader-probe-6.clj
file/clojure-source	4	1785598535	2026-08-01T11:35:35-0400	tmp/grader-probe-7.clj
file/clojure-source	4	1785598577	2026-08-01T11:36:17-0400	tmp/grader-probe-8.clj
file/clojure-source	4	1785598609	2026-08-01T11:36:49-0400	tmp/grader-probe-9.clj
file/clojure-source	8	1785612273	2026-08-01T15:24:33-0400	tmp/hot-ctx-proof-live.clj
file/clojure-source	4	1785776765	2026-08-03T13:06:05-0400	tmp/in-server-test-probe.clj
file/clojure-source	4	1785776897	2026-08-03T13:08:17-0400	tmp/in-server-test-probe2.clj
file/clojure-source	4	1785367884	2026-07-29T19:31:24-0400	tmp/indexer-attribution-probe.clj
file/clojure-source	8	1785367711	2026-07-29T19:28:31-0400	tmp/indexer-coverage-probe.clj
file/clojure-source	4	1785369171	2026-07-29T19:52:51-0400	tmp/indexer-falsify.clj
file/clojure-source	4	1785367686	2026-07-29T19:28:06-0400	tmp/indexer_review_database_probe.clj
file/clojure-source	8	1785367649	2026-07-29T19:27:29-0400	tmp/indexer_review_probe.clj
file/clojure-source	4	1785367972	2026-07-29T19:32:52-0400	tmp/indexer_review_registry_blocker_probe.clj
file/clojure-source	4	1785793106	2026-08-03T17:38:26-0400	tmp/instrument_explanation_probe.clj
file/clojure-source	4	1785792945	2026-08-03T17:35:45-0400	tmp/instrument_violation_probe.clj
file/clojure-source	4	1785781852	2026-08-03T14:30:52-0400	tmp/keyword-edges-probe.clj
file/clojure-source	4	1785783596	2026-08-03T14:59:56-0400	tmp/keyword-store-growth.clj
file/clojure-source	4	1785783817	2026-08-03T15:03:37-0400	tmp/kw-live-counts.clj
file/clojure-source	8	1785203320	2026-07-27T21:48:40-0400	tmp/local-qwen-live-drive.clj
file/clojure-source	4	1785791020	2026-08-03T17:03:40-0400	tmp/long-lived-class-probe.clj
file/clojure-source	8	1785274653	2026-07-28T17:37:33-0400	tmp/mcp-probe.clj
file/clojure-source	4	1785191744	2026-07-27T18:35:44-0400	tmp/n3-crash-child.clj
file/clojure-source	8	1785185994	2026-07-27T16:59:54-0400	tmp/n3-crash-choreography-probe.clj
file/clojure-source	12	1785193169	2026-07-27T18:59:29-0400	tmp/n3-crash-verify.clj
file/clojure-source	4	1785156677	2026-07-27T08:51:17-0400	tmp/n3-listen-probe-b.clj
file/clojure-source	8	1785156416	2026-07-27T08:46:56-0400	tmp/n3-listen-probe.clj
file/clojure-source	8	1785195204	2026-07-27T19:33:24-0400	tmp/n3-live-drive.clj
file/clojure-source	4	1785156784	2026-07-27T08:53:04-0400	tmp/n3-parse-probe.clj
file/clojure-source	4	1785156976	2026-07-27T08:56:16-0400	tmp/n3-refusal-probe.clj
file/clojure-source	4	1785199893	2026-07-27T20:51:33-0400	tmp/n4_block_schema_probe.clj
file/clojure-source	4	1785207523	2026-07-27T22:58:43-0400	tmp/n4_boot_page.clj
file/clojure-source	4	1785207555	2026-07-27T22:59:15-0400	tmp/n4_boot_probe.clj
file/clojure-source	4	1785207615	2026-07-27T23:00:15-0400	tmp/n4_boot_schema.clj
file/clojure-source	4	1785206223	2026-07-27T22:37:03-0400	tmp/n4_data_live.clj
file/clojure-source	4	1785205797	2026-07-27T22:29:57-0400	tmp/n4_exercise_live.clj
file/clojure-source	4	1785203301	2026-07-27T21:48:21-0400	tmp/n4_expand_blowup.clj
file/clojure-source	4	1785199412	2026-07-27T20:43:32-0400	tmp/n4_hiccup_schema_probe.clj
file/clojure-source	4	1785200414	2026-07-27T21:00:14-0400	tmp/n4_install_probe.clj
file/clojure-source	4	1785207584	2026-07-27T22:59:44-0400	tmp/n4_install_probe2.clj
file/clojure-source	4	1785156488	2026-07-27T08:48:08-0400	tmp/n4_listen_probe.clj
file/clojure-source	4	1785202661	2026-07-27T21:37:41-0400	tmp/n4_problems_page.clj
file/clojure-source	4	1785207674	2026-07-27T23:01:14-0400	tmp/n4_q_probe.clj
file/clojure-source	4	1785156530	2026-07-27T08:48:50-0400	tmp/n4_report_probe.clj
file/clojure-source	4	1785204914	2026-07-27T22:15:14-0400	tmp/n4_sse_min.clj
file/clojure-source	4	1785204863	2026-07-27T22:14:23-0400	tmp/n4_sse_status.clj
file/clojure-source	4	1785205543	2026-07-27T22:25:43-0400	tmp/n4_stream_live.clj
file/clojure-source	4	1785204702	2026-07-27T22:11:42-0400	tmp/n4_web_live.clj
file/clojure-source	4	1785204970	2026-07-27T22:16:10-0400	tmp/n4_web_sse.clj
file/clojure-source	4	1785358642	2026-07-29T16:57:22-0400	tmp/operator_reconciliation_test.clj
file/clojure-source	4	1785358510	2026-07-29T16:55:10-0400	tmp/operator_truth_probe.clj
file/clojure-source	8	1785600182	2026-08-01T12:03:02-0400	tmp/per-cluster-base-ctx-probe.clj
file/clojure-source	4	1785208916	2026-07-27T23:21:56-0400	tmp/plan_cache_min.clj
file/clojure-source	4	1785525035	2026-07-31T15:10:35-0400	tmp/preflight-drive.clj
file/clojure-source	4	1785524422	2026-07-31T15:00:22-0400	tmp/preflight-init.clj
file/clojure-source	4	1785615417	2026-08-01T16:16:57-0400	tmp/prepl-send.clj
file/clojure-source	4	1785602451	2026-08-01T12:40:51-0400	tmp/print_floor_check.clj
file/clojure-source	8	1785598151	2026-08-01T11:29:11-0400	tmp/print_path_probe.clj
file/clojure-source	4	1785598203	2026-08-01T11:30:03-0400	tmp/print_path_probe2.clj
file/clojure-source	4	1785413683	2026-07-30T08:14:43-0400	tmp/probe-ns.clj
file/clojure-source	4	1785736354	2026-08-03T01:52:34-0400	tmp/probe_instrumented_receipt.clj
file/clojure-source	4	1785731626	2026-08-03T00:33:46-0400	tmp/quiet-gate-schema-probe.clj
file/clojure-source	4	1785289283	2026-07-28T21:41:23-0400	tmp/reader-refusal-probe.clj
file/clojure-source	8	1785741201	2026-08-03T03:13:21-0400	tmp/render-first-party-sci-probe.clj
file/clojure-source	12	1785756934	2026-08-03T07:35:34-0400	tmp/render_adversarial_probe.clj
file/clojure-source	16	1785758761	2026-08-03T08:06:01-0400	tmp/render_verify_probes.clj
file/clojure-source	68	1785776266	2026-08-03T12:57:46-0400	tmp/repair-test-check-generators.cljc
file/clojure-source	16	1785591829	2026-08-01T09:43:49-0400	tmp/repl_context_prototype.clj
file/clojure-source	4	1785166383	2026-07-27T11:33:03-0400	tmp/review-backlog-race-probe.clj
file/clojure-source	8	1785718548	2026-08-02T20:55:48-0400	tmp/ruling48_audit.clj
file/clojure-source	8	1785153538	2026-07-27T07:58:58-0400	tmp/run-probe.clj
file/clojure-source	4	1785153817	2026-07-27T08:03:37-0400	tmp/run-property-isolation-probe.clj
file/clojure-source	4	1785717226	2026-08-02T20:33:46-0400	tmp/schema-any-inventory.clj
file/clojure-source	4	1785508065	2026-07-31T10:27:45-0400	tmp/sci-door-cost-probe.clj
file/clojure-source	4	1785508310	2026-07-31T10:31:50-0400	tmp/sci-fn-entries-probe.clj
file/clojure-source	4	1785508022	2026-07-31T10:27:02-0400	tmp/sci-fork-sharing-probe.clj
file/clojure-source	4	1785508123	2026-07-31T10:28:43-0400	tmp/sci-stale-interrupt-fn-probe.clj
file/clojure-source	8	1785509054	2026-07-31T10:44:14-0400	tmp/sci_interrupt_fix_probe.clj
file/clojure-source	8	1785508963	2026-07-31T10:42:43-0400	tmp/sci_interrupt_ground_truth_probe.clj
file/clojure-source	4	1785509175	2026-07-31T10:46:15-0400	tmp/sci_interrupt_threadlocal_probe.clj
file/clojure-source	4	1785737851	2026-08-03T02:17:31-0400	tmp/seon_db_sweep_live_proof.clj
file/clojure-source	4	1785734513	2026-08-03T01:21:53-0400	tmp/seon_db_test_sweep.clj
file/clojure-source	12	1785340920	2026-07-29T12:02:00-0400	tmp/seondb_facade_full_surface_probe.clj
file/clojure-source	4	1785615408	2026-08-01T16:16:48-0400	tmp/session-live-phase-a.clj
file/clojure-source	4	1785615408	2026-08-01T16:16:48-0400	tmp/session-live-phase-b.clj
file/clojure-source	4	1785266473	2026-07-28T15:21:13-0400	tmp/skel2.clj
file/clojure-source	4	1785607881	2026-08-01T14:11:21-0400	tmp/slice10-live-proof.clj
file/clojure-source	4	1785318634	2026-07-29T05:50:34-0400	tmp/slice2-live-proof.clj
file/clojure-source	4	1785717511	2026-08-02T20:38:31-0400	tmp/source-contract-any-inventory.clj
file/clojure-source	4	1785625567	2026-08-01T19:06:07-0400	tmp/thinking-proof-instances.clj
file/clojure-source	4	1785625577	2026-08-01T19:06:17-0400	tmp/thinking-proof-query.clj
file/clojure-source	16	1785264619	2026-07-28T14:50:19-0400	tmp/trigger-conservation-probe.clj
file/clojure-source	4	1785253030	2026-07-28T11:37:10-0400	tmp/trigger-probe.clj
file/clojure-source	4	1785674209	2026-08-02T08:36:49-0400	tmp/turn_evaluate_prepl.clj
file/clojure-source	4	1785674252	2026-08-02T08:37:32-0400	tmp/turn_evaluate_receipt_form.clj
file/clojure-source	4	1785291169	2026-07-28T22:12:49-0400	tmp/ui-data-entity-live-drive.clj
file/clojure-source	8	1785291569	2026-07-28T22:19:29-0400	tmp/ui-message-bar-live-drive.clj
file/clojure-source	4	1785289139	2026-07-28T21:38:59-0400	tmp/ui-message-identity-probe.clj
file/clojure-source	16	1785254666	2026-07-28T12:04:26-0400	tmp/unit3-eval-parent.clj
file/clojure-source	4	1785081363	2026-07-26T11:56:03-0400	tmp/vector_order_probe.clj
file/clojure-source	4	1785883864	2026-08-04T18:51:04-0400	tmp/w2-live-proof.clj
file/clojure-source	4	1785535580	2026-07-31T18:06:20-0400	tmp/walk-universal-floor-probe.clj
file/clojure-source	4	1785786940	2026-08-03T15:55:40-0400	tmp/wave-close-edit-fixture.clj
file/clojure-source	8	1785257298	2026-07-28T12:48:18-0400	tmp/workload-classification-probe.clj
file/clojure-source	8	1785264768	2026-07-28T14:52:48-0400	tmp/zombie-audit-interrupt-settle-probe.clj
file/clojure-source	8	1785264693	2026-07-28T14:51:33-0400	tmp/zombie-audit-resume-unheld-probe.clj
file/edn	4	1785725221	2026-08-02T22:47:01-0400	tmp/adversarial-history-off.edn
file/edn	4	1785725221	2026-08-02T22:47:01-0400	tmp/adversarial-history-on.edn
file/edn	860	1785418963	2026-07-30T09:42:43-0400	tmp/current-src-audit-kondo.edn
file/edn	4	1785699417	2026-08-02T15:36:57-0400	tmp/eval-sample-store-decomposition-initial.edn
file/edn	4	1785699508	2026-08-02T15:38:28-0400	tmp/eval-sample-store-decomposition-shapes.edn
file/edn	4	1785876983	2026-08-04T16:56:23-0400	tmp/fix-agent-config-history-off.edn
file/edn	4	1785726356	2026-08-02T23:05:56-0400	tmp/history-unblock-off.edn
file/edn	4	1785726356	2026-08-02T23:05:56-0400	tmp/history-unblock-on.edn
file/edn	4	1785060817	2026-07-26T06:13:37-0400	tmp/jvm-render-design-32.edn
file/edn	4	1785061554	2026-07-26T06:25:54-0400	tmp/jvm-render-design-final-smoke.edn
file/edn	4	1785060803	2026-07-26T06:13:23-0400	tmp/jvm-render-design-smoke.edn
file/edn	236	1784904546	2026-07-24T10:49:06-0400	tmp/npefix-artifact.edn
file/edn	4	1785357568	2026-07-29T16:39:28-0400	tmp/operator-empty-config.edn
file/edn	4	1785357342	2026-07-29T16:35:42-0400	tmp/operator-hook-proof.edn
file/edn	4	1785524934	2026-07-31T15:08:54-0400	tmp/preflight-ollama.edn
file/edn	4	1785356729	2026-07-29T16:25:29-0400	tmp/skills-verification-empty-config.edn
file/edn	8	1785709377	2026-08-02T18:22:57-0400	tmp/store-census-reductions-2026-08-02.edn
file/edn	8	1785709491	2026-08-02T18:24:51-0400	tmp/store-census-reductions-production-2026-08-02.edn
file/edn	32	1785699504	2026-08-02T15:38:24-0400	tmp/store-write-object-anatomy-run-2026-08-02.edn
file/edn	4	1785102163	2026-07-26T17:42:43-0400	tmp/test-cljs-20260726-174236-95773.report.edn
file/edn	4	1785102328	2026-07-26T17:45:28-0400	tmp/test-cljs-20260726-174521-96660.report.edn
file/edn	4	1785102578	2026-07-26T17:49:38-0400	tmp/test-cljs-20260726-174931-97844.report.edn
file/edn	4	1785102600	2026-07-26T17:50:00-0400	tmp/test-cljs-20260726-174953-97947.report.edn
file/edn	4	1785102899	2026-07-26T17:54:59-0400	tmp/test-cljs-20260726-175452-99198.report.edn
file/edn	4	1785103169	2026-07-26T17:59:29-0400	tmp/test-cljs-20260726-175922-1527.report.edn
file/edn	4	1785103281	2026-07-26T18:01:21-0400	tmp/test-cljs-20260726-180115-2696.report.edn
file/edn	4	1785104911	2026-07-26T18:28:31-0400	tmp/test-cljs-20260726-182823-11749.report.edn
file/edn	4	1785104959	2026-07-26T18:29:19-0400	tmp/test-cljs-20260726-182911-12035.report.edn
file/edn	4	1785105122	2026-07-26T18:32:02-0400	tmp/test-cljs-20260726-183155-13071.report.edn
file/edn	4	1785105212	2026-07-26T18:33:32-0400	tmp/test-cljs-20260726-183325-13644.report.edn
file/edn	4	1785105225	2026-07-26T18:33:45-0400	tmp/test-cljs-20260726-183338-13775.report.edn
file/edn	4	1785105237	2026-07-26T18:33:57-0400	tmp/test-cljs-20260726-183350-13902.report.edn
file/edn	4	1785105824	2026-07-26T18:43:44-0400	tmp/test-cljs-20260726-184336-18361.report.edn
file/edn	4	1785108974	2026-07-26T19:36:14-0400	tmp/test-cljs-20260726-193607-37049.report.edn
file/edn	4	1785109170	2026-07-26T19:39:30-0400	tmp/test-cljs-20260726-193923-38067.report.edn
file/edn	4	1785109272	2026-07-26T19:41:12-0400	tmp/test-cljs-20260726-194104-38463.report.edn
file/edn	4	1785146642	2026-07-27T06:04:02-0400	tmp/test-cljs-20260727-060355-69265.report.edn
file/edn	4	1785146836	2026-07-27T06:07:16-0400	tmp/test-cljs-20260727-060709-71773.report.edn
file/edn	4	1785146850	2026-07-27T06:07:30-0400	tmp/test-cljs-20260727-060722-72025.report.edn
file/edn	4	1785625381	2026-08-01T19:03:01-0400	tmp/thinking-proof-off.edn
file/edn	4	1785625381	2026-08-01T19:03:01-0400	tmp/thinking-proof-on.edn
file/edn	4	1785625381	2026-08-01T19:03:01-0400	tmp/thinking-proof-starved.edn
file/edn	4	1784592148	2026-07-20T20:02:28-0400	tmp/u15-host-config.edn
file/edn	28	1784673120	2026-07-21T18:32:00-0400	tmp/w12-carried.edn
file/edn	28	1784673120	2026-07-21T18:32:00-0400	tmp/w12-heap-3072.edn
file/edn	4	1784751228	2026-07-22T16:13:48-0400	tmp/wp-s2-workload-kill-before.edn
file/jfr	7168	1785039346	2026-07-26T00:15:46-0400	tmp/commit-wall-high.jfr
file/jfr	15360	1785039822	2026-07-26T00:23:42-0400	tmp/commit-wall-max.jfr
file/jfr	3072	1785039015	2026-07-26T00:10:15-0400	tmp/commit-wall-profile.jfr
file/jfr	124	1785038438	2026-07-26T00:00:38-0400	tmp/heap-audit.jfr
file/jfr	2608	1785038393	2026-07-25T23:59:53-0400	tmp/load-saturation-800.jfr
file/jfr	124	1785038397	2026-07-25T23:59:57-0400	tmp/memory-audit-2.jfr
file/jfr	124	1785038386	2026-07-25T23:59:46-0400	tmp/memory-audit.jfr
file/log	4	1785668694	2026-08-02T07:04:54-0400	tmp/acme-wrapper-gym.out
file/log	4	1785668578	2026-08-02T07:02:58-0400	tmp/acme-wrapper-invalid.out
file/log	1056	1785263335	2026-07-28T14:28:55-0400	tmp/admission-codec-d2-full.log
file/log	4	1785694841	2026-08-02T14:20:41-0400	tmp/agent-flake-before-1.log
file/log	4	1785694876	2026-08-02T14:21:16-0400	tmp/agent-flake-before-10.log
file/log	4	1785694878	2026-08-02T14:21:18-0400	tmp/agent-flake-before-11.log
file/log	4	1785694878	2026-08-02T14:21:18-0400	tmp/agent-flake-before-12.log
file/log	4	1785694841	2026-08-02T14:20:41-0400	tmp/agent-flake-before-2.log
file/log	4	1785694841	2026-08-02T14:20:41-0400	tmp/agent-flake-before-3.log
file/log	4	1785694840	2026-08-02T14:20:40-0400	tmp/agent-flake-before-4.log
file/log	4	1785694876	2026-08-02T14:21:16-0400	tmp/agent-flake-before-5.log
file/log	4	1785694876	2026-08-02T14:21:16-0400	tmp/agent-flake-before-6.log
file/log	4	1785694878	2026-08-02T14:21:18-0400	tmp/agent-flake-before-7.log
file/log	4	1785694877	2026-08-02T14:21:17-0400	tmp/agent-flake-before-8.log
file/log	4	1785694876	2026-08-02T14:21:16-0400	tmp/agent-flake-before-9.log
file/log	16	1785702646	2026-08-02T16:30:46-0400	tmp/ai-stream-boundary.log
file/log	4	1785331766	2026-07-29T09:29:26-0400	tmp/ancestor-test.out
file/log	4	1785175189	2026-07-27T13:59:49-0400	tmp/bb-classpath-bin-seon.out
file/log	4	1785332629	2026-07-29T09:43:49-0400	tmp/boot-test.out
file/log	88	1784667306	2026-07-21T16:55:06-0400	tmp/bun-root-chrome.log
file/log	1076	1785323171	2026-07-29T07:06:11-0400	tmp/chunk2-full-test.log
file/log	8	1785102382	2026-07-26T17:46:22-0400	tmp/client-require-cut-final-compile.log
file/log	12	1785702452	2026-08-02T16:27:32-0400	tmp/clone-focused-a.log
file/log	8	1785702602	2026-08-02T16:30:02-0400	tmp/clone-focused-b.log
file/log	1092	1785328377	2026-07-29T08:32:57-0400	tmp/config-chunk2-full.log
file/log	8	1785328770	2026-07-29T08:39:30-0400	tmp/config-chunk2-shared-full.log
file/log	28	1785166819	2026-07-27T11:40:19-0400	tmp/config-reconcile-focused.log
file/log	1084	1785334978	2026-07-29T10:22:58-0400	tmp/config-schema-move-full.log
file/log	1068	1785281986	2026-07-28T19:39:46-0400	tmp/context-pilot-baseline.log
file/log	16	1785283416	2026-07-28T20:03:36-0400	tmp/context-pilot-live.log
file/log	1068	1785268772	2026-07-28T15:59:32-0400	tmp/custody-after-test.log
file/log	1056	1785267318	2026-07-28T15:35:18-0400	tmp/custody-baseline-test.log
file/log	1068	1785268968	2026-07-28T16:02:48-0400	tmp/custody-final-gate.log
file/log	172	1785791318	2026-08-03T17:08:38-0400	tmp/dynamic-classloader-datahike-transaction.log
file/log	172	1785791265	2026-08-03T17:07:45-0400	tmp/dynamic-classloader-datahike.log
file/log	4	1785791250	2026-08-03T17:07:30-0400	tmp/dynamic-classloader-synthetic-retained.log
file/log	4	1785791244	2026-08-03T17:07:24-0400	tmp/dynamic-classloader-synthetic.log
file/log	172	1785791071	2026-08-03T17:04:31-0400	tmp/dynamic-classloader-unload-zero.log
file/log	48	1785333068	2026-07-29T09:51:08-0400	tmp/focused-final.out
file/log	1300	1785702225	2026-08-02T16:23:45-0400	tmp/full-isolated-a.log
file/log	1304	1785702250	2026-08-02T16:24:10-0400	tmp/full-isolated-b.log
file/log	1156	1785332961	2026-07-29T09:49:21-0400	tmp/full-test-2.out
file/log	1204	1785332716	2026-07-29T09:45:16-0400	tmp/full-test.out
file/log	4	1785193788	2026-07-27T19:09:48-0400	tmp/gate-loop.log
file/log	8	1785295937	2026-07-28T23:32:17-0400	tmp/gen-drive-1.log
file/log	4	1785296649	2026-07-28T23:44:09-0400	tmp/gen-drive-2.log
file/log	4	1785296773	2026-07-28T23:46:13-0400	tmp/gen-drive-3.log
file/log	20	1785297778	2026-07-29T00:02:58-0400	tmp/gen-drive-4.log
file/log	1072	1785293298	2026-07-28T22:48:18-0400	tmp/gen-gate-baseline.log
file/log	4	1785442509	2026-07-30T16:15:09-0400	tmp/hook-clojure-proof.out
file/log	4	1785442509	2026-07-30T16:15:09-0400	tmp/hook-markdown-proof.out
file/log	4	1785445610	2026-07-30T17:06:50-0400	tmp/hook-smoke.out
file/log	1092	1785341551	2026-07-29T12:12:31-0400	tmp/hygiene-full-gate-final.log
file/log	1092	1785341270	2026-07-29T12:07:50-0400	tmp/hygiene-full-gate.log
file/log	16	1785700133	2026-08-02T15:48:53-0400	tmp/isolation-backstop.log
file/log	4	1785700059	2026-08-02T15:47:39-0400	tmp/isolation-config-a.log
file/log	4	1785700059	2026-08-02T15:47:39-0400	tmp/isolation-config-b.log
file/log	4	1784898455	2026-07-24T09:07:35-0400	tmp/issues-index-class-proof.out
file/log	16	1785777453	2026-08-03T13:17:33-0400	tmp/kernel-merge-armed-alone.log
file/log	64	1785776644	2026-08-03T13:04:04-0400	tmp/kernel-merge-consumer-gate.log
file/log	36	1785777236	2026-08-03T13:13:56-0400	tmp/kernel-merge-consumer-gate2.log
file/log	4	1785416879	2026-07-30T09:07:59-0400	tmp/kondo-cluster.out
file/log	4	1785416867	2026-07-30T09:07:47-0400	tmp/kondo-datahike-pass1.out
file/log	4	1785416867	2026-07-30T09:07:47-0400	tmp/kondo-datahike-pass2.out
file/log	4	1785418322	2026-07-30T09:32:02-0400	tmp/kondo-dependency-refresh.out
file/log	4	1785418173	2026-07-30T09:29:33-0400	tmp/kondo-export-consumer.out
file/log	4	1785418171	2026-07-30T09:29:31-0400	tmp/kondo-export-proof.out
file/log	4	1785286148	2026-07-28T20:49:08-0400	tmp/mlx-server.log
file/log	45020	1785783003	2026-08-03T14:50:03-0400	tmp/my-web-test.log
file/log	4	1785156706	2026-07-27T08:51:46-0400	tmp/n3-listen-probe-b.out
file/log	4	1785156442	2026-07-27T08:47:22-0400	tmp/n3-listen-probe.out
file/log	8	1785182872	2026-07-27T16:07:52-0400	tmp/n3-live-drive-phase1.log
file/log	8	1785183392	2026-07-27T16:16:32-0400	tmp/n3-live-drive-phase1b.log
file/log	4	1785183577	2026-07-27T16:19:37-0400	tmp/n3-live-drive-phase1c.log
file/log	4	1785183932	2026-07-27T16:25:32-0400	tmp/n3-live-drive-phase1d.log
file/log	4	1785184670	2026-07-27T16:37:50-0400	tmp/n3-live-drive-phase1e.log
file/log	4	1785201905	2026-07-27T21:25:05-0400	tmp/n4-b.log
file/log	4	1785200979	2026-07-27T21:09:39-0400	tmp/n4-error-test.log
file/log	1052	1785249197	2026-07-28T10:33:17-0400	tmp/n4-gate.log
file/log	4	1785201554	2026-07-27T21:19:14-0400	tmp/n4-h.log
file/log	332	1785201145	2026-07-27T21:12:25-0400	tmp/n4-suites.log
file/log	4	1784752021	2026-07-22T16:27:01-0400	tmp/normalize-4a-repair-focused-writer-2.log
file/log	32	1784751972	2026-07-22T16:26:12-0400	tmp/normalize-4a-repair-focused-writer.log
file/log	4	1784752091	2026-07-22T16:28:11-0400	tmp/normalize-4a-repair-preflight-final.log
file/log	4	1784752040	2026-07-22T16:27:20-0400	tmp/normalize-4a-repair-registry-writer.log
file/log	4	1785442499	2026-07-30T16:14:59-0400	tmp/old-classpath-proof.out
file/log	24	1785311859	2026-07-29T03:57:39-0400	tmp/ollama-serve.log
file/log	1068	1785281215	2026-07-28T19:26:55-0400	tmp/operator-stop-fallback-bin-test.log
file/log	4	1785525056	2026-07-31T15:10:56-0400	tmp/preflight-drive.log
file/log	4	1785331438	2026-07-29T09:23:58-0400	tmp/program-schema-test.out
file/log	8	1785199064	2026-07-27T20:37:44-0400	tmp/projection-review-generator.log
file/log	1084	1785202261	2026-07-27T21:31:01-0400	tmp/projection-revisions-full-test.log
file/log	4	1785206629	2026-07-27T22:43:49-0400	tmp/qwen-server.log
file/log	1284	1785160516	2026-07-27T09:55:16-0400	tmp/revised-contracts-full-gate.log
file/log	1060	1785185471	2026-07-27T16:51:11-0400	tmp/run-hardening-focused-1.log
file/log	1060	1785185549	2026-07-27T16:52:29-0400	tmp/run-hardening-focused-2.log
file/log	1060	1785185784	2026-07-27T16:56:24-0400	tmp/run-hardening-focused-final.log
file/log	1076	1785185624	2026-07-27T16:53:44-0400	tmp/run-hardening-full-1.log
file/log	1076	1785185858	2026-07-27T16:57:38-0400	tmp/run-hardening-full-final.log
file/log	1032	1785185292	2026-07-27T16:48:12-0400	tmp/run-hardening-owner-pass-1.log
file/log	1280	1785185073	2026-07-27T16:44:33-0400	tmp/run-hardening-red-lease.log
file/log	1280	1785185126	2026-07-27T16:45:26-0400	tmp/run-hardening-red-receipt.log
file/log	1272	1785159064	2026-07-27T09:31:04-0400	tmp/run-test-noise.log
file/log	1052	1785332033	2026-07-29T09:33:53-0400	tmp/run-test.out
file/log	4	1785332205	2026-07-29T09:36:45-0400	tmp/runtime-tests.out
file/log	1172	1785722205	2026-08-02T21:56:45-0400	tmp/suite-speed-baseline.log
file/log	4	1785102163	2026-07-26T17:42:43-0400	tmp/test-cljs-20260726-174236-95773.log
file/log	4	1785102328	2026-07-26T17:45:28-0400	tmp/test-cljs-20260726-174521-96660.log
file/log	4	1785102578	2026-07-26T17:49:38-0400	tmp/test-cljs-20260726-174931-97844.log
file/log	4	1785102600	2026-07-26T17:50:00-0400	tmp/test-cljs-20260726-174953-97947.log
file/log	4	1785102899	2026-07-26T17:54:59-0400	tmp/test-cljs-20260726-175452-99198.log
file/log	4	1785103169	2026-07-26T17:59:29-0400	tmp/test-cljs-20260726-175922-1527.log
file/log	4	1785103281	2026-07-26T18:01:21-0400	tmp/test-cljs-20260726-180115-2696.log
file/log	4	1785104911	2026-07-26T18:28:31-0400	tmp/test-cljs-20260726-182823-11749.log
file/log	4	1785104959	2026-07-26T18:29:19-0400	tmp/test-cljs-20260726-182911-12035.log
file/log	4	1785105122	2026-07-26T18:32:02-0400	tmp/test-cljs-20260726-183155-13071.log
file/log	4	1785105212	2026-07-26T18:33:32-0400	tmp/test-cljs-20260726-183325-13644.log
file/log	4	1785105225	2026-07-26T18:33:45-0400	tmp/test-cljs-20260726-183338-13775.log
file/log	4	1785105237	2026-07-26T18:33:57-0400	tmp/test-cljs-20260726-183350-13902.log
file/log	4	1785105824	2026-07-26T18:43:44-0400	tmp/test-cljs-20260726-184336-18361.log
file/log	4	1785108974	2026-07-26T19:36:14-0400	tmp/test-cljs-20260726-193607-37049.log
file/log	4	1785109170	2026-07-26T19:39:30-0400	tmp/test-cljs-20260726-193923-38067.log
file/log	4	1785109271	2026-07-26T19:41:11-0400	tmp/test-cljs-20260726-194104-38463.log
file/log	4	1785146642	2026-07-27T06:04:02-0400	tmp/test-cljs-20260727-060355-69265.log
file/log	4	1785146836	2026-07-27T06:07:16-0400	tmp/test-cljs-20260727-060709-71773.log
file/log	4	1785146850	2026-07-27T06:07:30-0400	tmp/test-cljs-20260727-060722-72025.log
file/log	4	1785755066	2026-08-03T07:04:26-0400	tmp/test-full-env-error.log
file/log	4	1785359330	2026-07-29T17:08:50-0400	tmp/tooling-codex-missing.out
file/log	4	1785359245	2026-07-29T17:07:25-0400	tmp/tooling-codex-status.out
file/log	4	1785359245	2026-07-29T17:07:25-0400	tmp/tooling-codex-usage.out
file/log	4	1785359360	2026-07-29T17:09:20-0400	tmp/tooling-css-help.out
file/log	4	1785359245	2026-07-29T17:07:25-0400	tmp/tooling-hook-empty.out
file/log	4	1785359245	2026-07-29T17:07:25-0400	tmp/tooling-issues-check.out
file/log	4	1785359899	2026-07-29T17:18:19-0400	tmp/tooling-issues-index.out
file/log	4	1785359354	2026-07-29T17:09:14-0400	tmp/tooling-lint-conflict.out
file/log	4	1785359354	2026-07-29T17:09:14-0400	tmp/tooling-lint-fix-kondo.out
file/log	4	1785359245	2026-07-29T17:07:25-0400	tmp/tooling-lint-help.out
file/log	4	1785359354	2026-07-29T17:09:14-0400	tmp/tooling-lint-missing.out
file/log	4	1785359492	2026-07-29T17:11:32-0400	tmp/tooling-mcp-probe.out
file/log	4	1785359245	2026-07-29T17:07:25-0400	tmp/tooling-repl-bad.out
file/log	4	1785359120	2026-07-29T17:05:20-0400	tmp/tooling-sharpening-after-test-output.log
file/log	4	1785359063	2026-07-29T17:04:23-0400	tmp/tooling-sharpening-before-test-output.log
file/log	4	1785359456	2026-07-29T17:10:56-0400	tmp/tooling-test-bogus.out
file/log	4	1785359461	2026-07-29T17:11:01-0400	tmp/tooling-test-failure.out
file/log	4	1785332415	2026-07-29T09:40:15-0400	tmp/turn-test.out
file/log	4	1784752072	2026-07-22T16:27:52-0400	tmp/unit-4a-writer-schema-focused.log
file/log	1056	1785254955	2026-07-28T12:09:15-0400	tmp/unit3-full-gate.log
file/log	28	1784749755	2026-07-22T15:49:15-0400	tmp/wp-s2-crash-recovery-focused-2.log
file/log	4	1784749800	2026-07-22T15:50:00-0400	tmp/wp-s2-crash-recovery-focused-3.log
file/log	40	1784749715	2026-07-22T15:48:35-0400	tmp/wp-s2-crash-recovery-focused.log
file/log	4	1784749880	2026-07-22T15:51:20-0400	tmp/wp-s2-crash-recovery-operator-full.log
file/log	8	1784750946	2026-07-22T16:09:06-0400	tmp/wp-s2-owner-death-focused-1.log
file/log	4	1784750974	2026-07-22T16:09:34-0400	tmp/wp-s2-owner-death-focused-2.log
file/log	4	1784751050	2026-07-22T16:10:50-0400	tmp/wp-s2-owner-death-focused-final.log
file/log	4	1784751102	2026-07-22T16:11:42-0400	tmp/wp-s2-owner-death-operator-full.log
file/log	28	1784748134	2026-07-22T15:22:14-0400	tmp/wp-s2-test-cljs.log
file/log	12	1784748187	2026-07-22T15:23:07-0400	tmp/wp-s2-test-operator.log
file/log	4	1784747920	2026-07-22T15:18:40-0400	tmp/wp-s2-test-writer-host-pool-rerun.log
file/log	28	1784748259	2026-07-22T15:24:19-0400	tmp/wp-s2-test-writer-rerun.log
file/log	28	1784747900	2026-07-22T15:18:20-0400	tmp/wp-s2-test-writer.log
file/other	4	1785885088	2026-08-04T19:11:28-0400	tmp/.core-fault-offset
file/other	0	1785885156	2026-08-04T19:12:36-0400	tmp/.pending-review
file/other	0	1785166383	2026-07-27T11:33:03-0400	tmp/.pending-review.lock
file/other	4	1785879563	2026-08-04T17:39:23-0400	tmp/agent-creation-cluster.patch
file/other	24952	1784910316	2026-07-24T12:25:16-0400	tmp/babashka-1.12.218-macos-aarch64.tar.gz
file/other	4	1785266450	2026-07-28T15:20:50-0400	tmp/balance_check.py
file/other	0	1785699791	2026-08-02T15:43:11-0400	tmp/bin-test.lock
file/other	8	1785787202	2026-08-03T16:00:02-0400	tmp/bootstrap-forms-lane-draft-2026-08-03.diff
file/other	4	1785328128	2026-07-29T08:28:48-0400	tmp/config-chunk2-probe-path
file/other	4	1785791219	2026-08-03T17:06:59-0400	tmp/dynamic-classloader-synthetic.log.0
file/other	0	1785537993	2026-07-31T18:46:33-0400	tmp/gh-clj-kondo.err
file/other	4	1785537995	2026-07-31T18:46:35-0400	tmp/gh-core.async.err
file/other	0	1785537995	2026-07-31T18:46:35-0400	tmp/gh-core.async.flow-monitor.err
file/other	0	1785537997	2026-07-31T18:46:37-0400	tmp/gh-http-kit.err
file/other	0	1785537996	2026-07-31T18:46:36-0400	tmp/gh-partial-cps.err
file/other	0	1785537996	2026-07-31T18:46:36-0400	tmp/gh-superv.async.err
file/other	1572	1785677145	2026-08-02T09:25:45-0400	tmp/gpqa-rescore-input.eval
file/other	248	1785532565	2026-07-31T17:16:05-0400	tmp/investor-slide-2026-07-31.png
file/other	252	1785534574	2026-07-31T17:49:34-0400	tmp/investor-slide-v2-2026-07-31.png
file/other	4	1785338666	2026-07-29T11:24:26-0400	tmp/jetbrains-mono-500-name.ttx
file/other	4	1785339233	2026-07-29T11:33:53-0400	tmp/jetbrains-mono-500-os2.ttx
file/other	4	1785060814	2026-07-26T06:13:34-0400	tmp/jvm-render-design-32.err
file/other	4	1785061552	2026-07-26T06:25:52-0400	tmp/jvm-render-design-final-smoke.err
file/other	4	1785060800	2026-07-26T06:13:20-0400	tmp/jvm-render-design-smoke.err
file/other	4	1784894939	2026-07-24T08:08:59-0400	tmp/lifecycle-pod-http.port
file/other	8	1785627890	2026-08-01T19:44:50-0400	tmp/live_contract_proof.py
file/other	40	1785038355	2026-07-25T23:59:15-0400	tmp/load-saturation-profile.jfc
file/other	0	1785166396	2026-07-27T11:33:16-0400	tmp/lock-probe
file/other	4	1785443147	2026-07-30T16:25:47-0400	tmp/mcp-jvm-proof.stderr
file/other	4	1785884752	2026-08-04T19:05:52-0400	tmp/mcp-scalar-window-source.patch
file/other	616	1785884768	2026-08-04T19:06:08-0400	tmp/mcp-scalar-window.index
file/other	8	1785727763	2026-08-02T23:29:23-0400	tmp/mcp-value-chain-admit-handoff.diff
file/other	8	1785254387	2026-07-28T11:59:47-0400	tmp/mine-eval.patch
file/other	4	1785254387	2026-07-28T11:59:47-0400	tmp/mine-problems.patch
file/other	8	1785546333	2026-07-31T21:05:33-0400	tmp/optimal-context-mockups-2026-07-31.md
file/other	12	1785721515	2026-08-02T21:45:15-0400	tmp/renderer-kernel-prototype-2026-08-02.patch
file/other	4	1785590719	2026-08-01T09:25:19-0400	tmp/repl-context-root-real.md
file/other	52	1785185727	2026-07-27T16:55:27-0400	tmp/run-hardening-final.diff
file/other	4	1785161923	2026-07-27T10:18:43-0400	tmp/schema-edn-fixture.jar
file/other	4	1784678478	2026-07-21T20:01:18-0400	tmp/seon-port-w15b-live3
file/other	710408	1783359842	2026-07-06T13:44:02-0400	tmp/seon-runtime-slice3-opt-seon.tar
file/other	0	1785359245	2026-07-29T17:07:25-0400	tmp/tooling-hook-empty.err
file/other	4	1785359492	2026-07-29T17:11:32-0400	tmp/tooling-mcp-probe.err
file/other	4	1785359919	2026-07-29T17:18:39-0400	tmp/tooling-skills-agents.sha
file/other	4	1785359919	2026-07-29T17:18:39-0400	tmp/tooling-skills-claude.sha
file/other	4	1785359919	2026-07-29T17:18:39-0400	tmp/tooling-skills-runtime.sha
file/other	4	1784588632	2026-07-20T19:03:52-0400	tmp/u15-host-b.pid
file/other	4	1784587480	2026-07-20T18:44:40-0400	tmp/u15-host.pid
file/other	8	1785254666	2026-07-28T12:04:26-0400	tmp/unit3-eval-mixed.patch
file/text	4	1785360488	2026-07-29T17:28:08-0400	tmp/accidental-deletions-20260729.txt
file/text	28	1784618613	2026-07-21T03:23:33-0400	tmp/adv-20d73561-feed.txt
file/text	44	1784618241	2026-07-21T03:17:21-0400	tmp/adv-22d861e1-feed.txt
file/text	4	1784939231	2026-07-24T20:27:11-0400	tmp/alivegate-feed-post-headers.txt
file/text	12	1784939231	2026-07-24T20:27:11-0400	tmp/alivegate-feed-post.txt
file/text	4	1784938999	2026-07-24T20:23:19-0400	tmp/alivegate-run-headers.txt
file/text	4	1785721696	2026-08-02T21:48:16-0400	tmp/any-audit-rg-current.txt
file/text	8	1785631100	2026-08-01T20:38:20-0400	tmp/arch-keywords.txt
file/text	20	1785683222	2026-08-02T11:07:02-0400	tmp/audit-defs.txt
file/text	4	1785683234	2026-08-02T11:07:14-0400	tmp/audit-deftest-counts.txt
file/text	8	1785683252	2026-08-02T11:07:32-0400	tmp/audit-public-defs.txt
file/text	12	1785683220	2026-08-02T11:07:00-0400	tmp/audit-test-clocks.txt
file/text	4	1785683220	2026-08-02T11:07:00-0400	tmp/audit-test-files.txt
file/text	4	1785631667	2026-08-01T20:47:47-0400	tmp/backlog-nonblockers-all.txt
file/text	4	1785631667	2026-08-01T20:47:47-0400	tmp/backlog-nonblockers-preexisting.txt
file/text	4	1785631667	2026-08-01T20:47:47-0400	tmp/backlog-rot-exclusions.txt
file/text	4	1785380223	2026-07-29T22:57:03-0400	tmp/build-predeclaration-defs.txt
file/text	88	1785380196	2026-07-29T22:56:36-0400	tmp/build-predeclaration-ops.txt
file/text	180	1785326223	2026-07-29T07:57:03-0400	tmp/chunk2-contract-lines.txt
file/text	8	1785326261	2026-07-29T07:57:41-0400	tmp/chunk2-lists.txt
file/text	104	1785326345	2026-07-29T07:59:05-0400	tmp/chunk2-public-any.txt
file/text	8	1785326223	2026-07-29T07:57:03-0400	tmp/chunk2-schema-polymorphism.txt
file/text	220	1785036142	2026-07-25T23:22:22-0400	tmp/codec-property-failures-424242.tsv
file/text	4	1785631869	2026-08-01T20:51:09-0400	tmp/data-model-keywords.txt
file/text	72	1784758235	2026-07-22T18:10:35-0400	tmp/db-numbered.txt
file/text	4	1785792990	2026-08-03T17:36:30-0400	tmp/decision11-amended-files.txt
file/text	32	1785792976	2026-08-03T17:36:16-0400	tmp/decision11-anchored-remaining.txt
file/text	12	1785792033	2026-08-03T17:20:33-0400	tmp/decision11-semicolon-arrow-files.txt
file/text	64	1785792356	2026-08-03T17:25:56-0400	tmp/decision11-semicolon-arrow-remaining.txt
file/text	4	1785629989	2026-08-01T20:19:49-0400	tmp/docs-rot-source-files.txt
file/text	16	1784927559	2026-07-24T17:12:39-0400	tmp/exec-key-refs.txt
file/text	8	1785537179	2026-07-31T18:32:59-0400	tmp/fork-roster-2026-07-31.txt
file/text	8	1785682500	2026-08-02T10:55:00-0400	tmp/full-audit-files-2026-08-02.txt
file/text	0	1785730382	2026-08-03T00:13:02-0400	tmp/history-unblock-final-off-response-2.txt
file/text	0	1785730181	2026-08-03T00:09:41-0400	tmp/history-unblock-final-off-response.txt
file/text	24	1784729403	2026-07-22T10:10:03-0400	tmp/host-instrument-malli-schemas.txt
file/text	8	1785367514	2026-07-29T19:25:14-0400	tmp/indexer-review-fn-consumers.txt
file/text	4	1785338844	2026-07-29T11:27:24-0400	tmp/issue-open-files.txt
file/text	4	1785338844	2026-07-29T11:27:24-0400	tmp/issue-schedule-links.txt
file/text	12	1784792115	2026-07-23T03:35:15-0400	tmp/issue-triage-files.txt
file/text	20	1785159920	2026-07-27T09:45:20-0400	tmp/issues-dates.tsv
file/text	8	1785753960	2026-08-03T06:46:00-0400	tmp/issues-triage-files-2026-08-03.txt
file/text	8	1785754407	2026-08-03T06:53:27-0400	tmp/issues-triage-slugs-2026-08-03.txt
file/text	16	1785035301	2026-07-25T23:08:21-0400	tmp/o12-failures-before.txt
file/text	16	1785035301	2026-07-25T23:08:21-0400	tmp/o12-failures-current.txt
file/text	20	1785044421	2026-07-26T01:40:21-0400	tmp/obsolete-serve-block.txt
file/text	8	1784590799	2026-07-20T19:39:59-0400	tmp/open-issues-list.txt
file/text	12	1784792150	2026-07-23T03:35:50-0400	tmp/orphan-files.txt
file/text	168	1784792150	2026-07-23T03:35:50-0400	tmp/orphan-ns-requires.txt
file/text	4	1785324549	2026-07-29T07:29:09-0400	tmp/parser-fresh-source-files.txt
file/text	4	1785525104	2026-07-31T15:11:44-0400	tmp/preflight-prompt-before.txt
file/text	4	1785525239	2026-07-31T15:13:59-0400	tmp/preflight-prompt-turn3.txt
file/text	8	1785198136	2026-07-27T20:22:16-0400	tmp/quarry-loc.txt
file/text	16	1785198136	2026-07-27T20:22:16-0400	tmp/quarry-namespaces.txt
file/text	20	1785668457	2026-08-02T07:00:57-0400	tmp/r1-acme-cljs-readers-before.txt
file/text	20	1785668439	2026-08-02T07:00:39-0400	tmp/r1-cljs-active-readers-before.txt
file/text	3484	1785668745	2026-08-02T07:05:45-0400	tmp/r1-cljs-active-readers-mid.txt
file/text	4720	1785668319	2026-08-02T06:58:39-0400	tmp/r1-cljs-readers-before.txt
file/text	176	1785668308	2026-08-02T06:58:28-0400	tmp/r1-eval-readers-before.txt
file/text	24	1785668312	2026-08-02T06:58:32-0400	tmp/r1-operator-readers-before.txt
file/text	2100	1785668305	2026-08-02T06:58:25-0400	tmp/r1-writer-readers-before.txt
file/text	0	1785699992	2026-08-02T15:46:32-0400	tmp/reachability-phase2-post-body.txt
file/text	20	1785724288	2026-08-02T22:31:28-0400	tmp/remaining-cost-cluster-ctx.txt
file/text	4	1785724464	2026-08-02T22:34:24-0400	tmp/remaining-shared-fixture-files.txt
file/text	8	1785717281	2026-08-02T20:34:41-0400	tmp/render-model-call-sites.txt
file/text	4	1785717299	2026-08-02T20:34:59-0400	tmp/render-model-functions.txt
file/text	20	1785717281	2026-08-02T20:34:41-0400	tmp/render-model-term-files.txt
file/text	88	1785717095	2026-08-02T20:31:35-0400	tmp/render-naming-rg.txt
file/text	48	1785749624	2026-08-03T05:33:44-0400	tmp/render-step9-inventory.txt
file/text	4	1785590719	2026-08-01T09:25:19-0400	tmp/repl-context-root-real.ai.txt
file/text	4	1785625543	2026-08-01T19:05:43-0400	tmp/reset-sentinel-17979497780610531428.txt
file/text	8	1784591491	2026-07-20T19:51:31-0400	tmp/result-union-canvas-lines.txt
file/text	28	1784591491	2026-07-20T19:51:31-0400	tmp/result-union-db-lines.txt
file/text	12	1784591491	2026-07-20T19:51:31-0400	tmp/result-union-protocol-lines.txt
file/text	56	1785792954	2026-08-03T17:35:54-0400	tmp/runner-repeat-before.txt
file/text	16	1785631100	2026-08-01T20:38:20-0400	tmp/schema-keys.txt
file/text	36	1785675492	2026-08-02T08:58:12-0400	tmp/schema-layout-references.txt
file/text	4	1785629998	2026-08-01T20:19:58-0400	tmp/skills-rot-current-files.txt
file/text	8	1785717232	2026-08-02T20:33:52-0400	tmp/source-any-some.txt
file/text	20	1784591093	2026-07-20T19:44:53-0400	tmp/stage2-count-delta.tsv
file/text	16	1784591085	2026-07-20T19:44:45-0400	tmp/stage2-current-counts.tsv
file/text	16	1784591022	2026-07-20T19:43:42-0400	tmp/stage2-current-pod-counts.txt
file/text	32	1784591093	2026-07-20T19:44:53-0400	tmp/stage2-plan-counts.tsv
file/text	8	1785159920	2026-07-27T09:45:20-0400	tmp/stale-candidates.txt
file/text	112	1784792188	2026-07-23T03:36:28-0400	tmp/stale-test-hits.txt
file/text	8	1784746929	2026-07-22T15:02:09-0400	tmp/unit2-census.txt
file/text	36	1785017775	2026-07-25T18:16:15-0400	tmp/vector-set-read-sites-current.txt
file/text	68	1785017031	2026-07-25T18:03:51-0400	tmp/vector-set-test-uses.txt
file/text	24	1785540120	2026-07-31T19:22:00-0400	tmp/w4-feed.txt
file/text	4	1785540104	2026-07-31T19:21:44-0400	tmp/w4-headers.txt
file/text	52	1784752407	2026-07-22T16:33:27-0400	tmp/w50-agent-facing-rg.txt
file/text	4	1784752595	2026-07-22T16:36:35-0400	tmp/w50-resolution-probe.txt
file/web-evidence	4	1784618221	2026-07-21T03:17:01-0400	tmp/adv-22d861e1-root.html
file/web-evidence	4	1784939234	2026-07-24T20:27:14-0400	tmp/alivegate-page-post.html
file/web-evidence	4	1784938903	2026-07-24T20:21:43-0400	tmp/alivegate-page-pre.html
file/web-evidence	204	1784938999	2026-07-24T20:23:19-0400	tmp/alivegate-run-response.json
file/web-evidence	0	1785786027	2026-08-03T15:40:27-0400	tmp/cache-economics-turn-1.body
file/web-evidence	0	1785786049	2026-08-03T15:40:49-0400	tmp/cache-economics-turn-2.body
file/web-evidence	1136	1785039006	2026-07-26T00:10:06-0400	tmp/commit-wall-threads.json
file/web-evidence	88	1785705907	2026-08-02T17:25:07-0400	tmp/custody-phase3-_.html
file/web-evidence	88	1785705907	2026-08-02T17:25:07-0400	tmp/custody-phase3-_agent_root.html
file/web-evidence	88	1785705907	2026-08-02T17:25:07-0400	tmp/custody-phase3-_ns_my.agents.root.html
file/web-evidence	112	1785705907	2026-08-02T17:25:07-0400	tmp/custody-phase3-_ns_my.agents.root_debug.html
file/web-evidence	76	1785425556	2026-07-30T11:32:36-0400	tmp/demo-helper.html
file/web-evidence	112	1785425485	2026-07-30T11:31:25-0400	tmp/demo-root.html
file/web-evidence	0	1785699105	2026-08-02T15:31:45-0400	tmp/eval-start.json
file/web-evidence	84	1785730407	2026-08-03T00:13:27-0400	tmp/history-unblock-final-off-page-2.html
file/web-evidence	84	1785730219	2026-08-03T00:10:19-0400	tmp/history-unblock-final-off-page.html
file/web-evidence	4	1785445672	2026-07-30T17:07:52-0400	tmp/hook-source-response.json
file/web-evidence	8	1785534571	2026-07-31T17:49:31-0400	tmp/investor-slide-2026-07-31.html
file/web-evidence	44	1785038165	2026-07-25T23:56:05-0400	tmp/load-saturation-host-threads.json
file/web-evidence	4	1785443147	2026-07-30T16:25:47-0400	tmp/mcp-jvm-proof.jsonl
file/web-evidence	4	1785356693	2026-07-29T16:24:53-0400	tmp/skills-verification-agent.headers
file/web-evidence	4	1785356693	2026-07-29T16:24:53-0400	tmp/skills-verification-agent.html
file/web-evidence	4	1785356686	2026-07-29T16:24:46-0400	tmp/skills-verification-data.headers
file/web-evidence	12	1785356686	2026-07-29T16:24:46-0400	tmp/skills-verification-data.html
file/web-evidence	0	1785356710	2026-07-29T16:25:10-0400	tmp/skills-verification-post.body
file/web-evidence	4	1785356710	2026-07-29T16:25:10-0400	tmp/skills-verification-post.headers
file/web-evidence	4	1785356686	2026-07-29T16:24:46-0400	tmp/skills-verification-root.headers
file/web-evidence	4	1785356686	2026-07-29T16:24:46-0400	tmp/skills-verification-root.html
file/web-evidence	4	1784618961	2026-07-21T03:29:21-0400	tmp/stage15-data-feed.headers
file/web-evidence	148	1784618961	2026-07-21T03:29:21-0400	tmp/stage15-data-feed.sse
file/web-evidence	4	1784618959	2026-07-21T03:29:19-0400	tmp/stage15-data.headers
file/web-evidence	4	1784618959	2026-07-21T03:29:19-0400	tmp/stage15-data.html
file/web-evidence	44	1784617875	2026-07-21T03:11:15-0400	tmp/stage15-root-feed-indexed.sse
file/web-evidence	44	1784616421	2026-07-21T02:47:01-0400	tmp/stage15-root-feed.sse
file/web-evidence	4	1785359899	2026-07-29T17:18:19-0400	tmp/tooling-mcp-probe.jsonl
file/web-evidence	52	1785770451	2026-08-03T11:20:51-0400	tmp/turn-completion-threads.json
file/web-evidence	4	1784673166	2026-07-21T18:32:46-0400	tmp/w12-agent-after.html
file/web-evidence	4	1784673237	2026-07-21T18:33:57-0400	tmp/w12-agent-restored.html
file/web-evidence	4	1784673094	2026-07-21T18:31:34-0400	tmp/w12-root-before.html
file/web-evidence	32	1785540494	2026-07-31T19:28:14-0400	tmp/w4-debug.html
file/web-evidence	24	1785540345	2026-07-31T19:25:45-0400	tmp/w4-root-2.html
file/web-evidence	24	1785540104	2026-07-31T19:21:44-0400	tmp/w4-root.html
isolated-operator-root/other	74804	1785786573	2026-08-03T15:49:33-0400	tmp/bootstrap-eval-root
isolated-operator-root/other	30132	1785675615	2026-08-02T09:00:15-0400	tmp/bootstrap-facts-pre
isolated-operator-root/other	335260	1785878345	2026-08-04T17:19:05-0400	tmp/dev-envelope-probe
isolated-operator-root/other	311540	1785881419	2026-08-04T18:10:19-0400	tmp/eval-assigned-namespace-root
isolated-operator-root/other	243080	1785877009	2026-08-04T16:56:49-0400	tmp/fix-agent-config-root
isolated-operator-root/other	37132	1785785095	2026-08-03T15:24:55-0400	tmp/keyword-edge-gate
isolated-operator-root/other	504796	1785876774	2026-08-04T16:52:54-0400	tmp/mcp-envelope-0804
isolated-operator-root/other	57428	1785683935	2026-08-02T11:18:55-0400	tmp/mcp-eval-live-root
isolated-operator-root/other	36	1785779006	2026-08-03T13:43:26-0400	tmp/mcp-feedback-after
isolated-operator-root/other	36	1785777937	2026-08-03T13:25:37-0400	tmp/mcp-feedback-before
isolated-operator-root/other	30728	1785728916	2026-08-02T23:48:36-0400	tmp/mcp-value-chain-live
isolated-operator-root/other	40232	1785884122	2026-08-04T18:55:22-0400	tmp/mcp-window-fix-0804
isolated-operator-root/other	57060	1785772116	2026-08-03T11:48:36-0400	tmp/my-fs-live-proof
isolated-operator-root/other	31796	1785671195	2026-08-02T07:46:35-0400	tmp/op-fix-proof
isolated-operator-root/other	31072	1785671195	2026-08-02T07:46:35-0400	tmp/op-fix-proof-2
isolated-operator-root/other	46820	1785674392	2026-08-02T08:39:52-0400	tmp/op-launch-owner-proof
isolated-operator-root/other	9564	1785357272	2026-07-29T16:34:32-0400	tmp/operator-lane-20260729
isolated-operator-root/other	27460	1785359268	2026-07-29T17:07:48-0400	tmp/operator-reconcile-20260729
isolated-operator-root/other	61428	1785774300	2026-08-03T12:25:00-0400	tmp/operator-slice1
isolated-operator-root/other	59520	1785779712	2026-08-03T13:55:12-0400	tmp/operator-test-call-edge-093670eff
isolated-operator-root/other	83536	1785885203	2026-08-04T19:13:23-0400	tmp/output-floor-query-0804
isolated-operator-root/other	116804	1785625316	2026-08-01T19:01:56-0400	tmp/parsed-contract-live.jXzmdK
isolated-operator-root/other	18816	1785717639	2026-08-02T20:40:39-0400	tmp/per-cluster-history-live-off-20260802
isolated-operator-root/other	77392	1785712474	2026-08-02T19:14:34-0400	tmp/predicate-reload-proof.Woeseo
isolated-operator-root/other	127096	1785524748	2026-07-31T15:05:48-0400	tmp/preflight-head
isolated-operator-root/other	55256	1785710841	2026-08-02T18:47:21-0400	tmp/r41-one-db
isolated-operator-root/other	38772	1785699898	2026-08-02T15:44:58-0400	tmp/reachability-phase2-live-root-0c3a3d535
isolated-operator-root/other	29724	1785780151	2026-08-03T14:02:31-0400	tmp/readiness-regression
isolated-operator-root/other	24728	1785532223	2026-07-31T17:10:23-0400	tmp/reitit-proof-root
isolated-operator-root/other	31370312	1785757020	2026-08-03T07:37:00-0400	tmp/render-adversarial-root
isolated-operator-root/other	92373420	1785756452	2026-08-03T07:27:32-0400	tmp/render-live-proof
isolated-operator-root/other	54596	1785758621	2026-08-03T08:03:41-0400	tmp/render-verify-crash-root
isolated-operator-root/other	55244	1785758092	2026-08-03T07:54:52-0400	tmp/render-verify-root
isolated-operator-root/other	1082396	1785881726	2026-08-04T18:15:26-0400	tmp/repl-dogfood-0804-root
isolated-operator-root/other	912728	1785881208	2026-08-04T18:06:48-0400	tmp/repl-dogfood-edgefaces-0804
isolated-operator-root/other	225432	1785878081	2026-08-04T17:14:41-0400	tmp/repl-var-face-root
isolated-operator-root/other	30448	1785717285	2026-08-02T20:34:45-0400	tmp/ruling48-operator-root
isolated-operator-root/other	29936	1785718367	2026-08-02T20:52:47-0400	tmp/ruling48-publication-root
isolated-operator-root/other	638352	1785882524	2026-08-04T18:28:44-0400	tmp/schema-allocation-fix
isolated-operator-root/other	31428	1785769349	2026-08-03T11:02:29-0400	tmp/schema-split-phase3-proof-20260803
isolated-operator-root/other	31012	1785766680	2026-08-03T10:18:00-0400	tmp/schema-split-proof
isolated-operator-root/other	36356	1785685599	2026-08-02T11:46:39-0400	tmp/sci-runtime-interrogation-root
isolated-operator-root/other	117236	1785344476	2026-07-29T13:01:16-0400	tmp/seam-reaudit4-operator-root
isolated-operator-root/other	70700	1785352060	2026-07-29T15:07:40-0400	tmp/seam-reaudit6-operator-root
isolated-operator-root/other	13087956	1785790385	2026-08-03T16:53:05-0400	tmp/search-live-proof
isolated-operator-root/other	53712	1785737742	2026-08-03T02:15:42-0400	tmp/seon-db-sweep-live
isolated-operator-root/other	59348	1785593720	2026-08-01T10:15:20-0400	tmp/seondb-proof-cold
isolated-operator-root/other	49136	1785618348	2026-08-01T17:05:48-0400	tmp/session-1c-live-root
isolated-operator-root/other	394424	1785875518	2026-08-04T16:31:58-0400	tmp/session-curation-ns-root
isolated-operator-root/other	124564	1785615300	2026-08-01T16:15:00-0400	tmp/session-live-root.sqLXu0
isolated-operator-root/other	27912	1785356571	2026-07-29T16:22:51-0400	tmp/skills-verification-operator-root
isolated-operator-root/other	317232	1785785986	2026-08-03T15:39:46-0400	tmp/stale-var-proof.E3vKuJ
isolated-operator-root/other	31888	1785700857	2026-08-02T16:00:57-0400	tmp/store-amplification-proof-20260802
isolated-operator-root/other	31776	1785674316	2026-08-02T08:38:36-0400	tmp/turn-evaluate-live-after
isolated-operator-root/other	31772	1785674181	2026-08-02T08:36:21-0400	tmp/turn-evaluate-live-before
isolated-operator-root/other	54448	1785676167	2026-08-02T09:09:27-0400	tmp/turn-evaluate-loop-after
isolated-operator-root/other	54344	1785670829	2026-08-02T07:40:29-0400	tmp/turn-evaluate-loop-baseline
isolated-operator-root/other	30980	1785722536	2026-08-02T22:02:16-0400	tmp/union-codec-live-2026-08-03
isolated-operator-root/other	332292	1785883044	2026-08-04T18:37:24-0400	tmp/universal-output-floor-0804
isolated-operator-root/other	74140	1785677862	2026-08-02T09:37:42-0400	tmp/velocity-schema-gate
isolated-operator-root/other	174080	1785879700	2026-08-04T17:41:40-0400	tmp/w1-live-c508d848
isolated-operator-root/other	49532	1785786542	2026-08-03T15:49:02-0400	tmp/wave-close-background
isolated-operator-root/other	101488	1785786957	2026-08-03T15:55:57-0400	tmp/wave-close-edit
isolated-operator-root/other	34248	1785779777	2026-08-03T13:56:17-0400	tmp/wave-close-readiness
socket	0	1784825572	2026-07-23T12:52:52-0400	tmp/diag-1ba9c73c-ef1a-4f13-a41b-d4e14ad0e6cb.sock
socket	0	1784825592	2026-07-23T12:53:12-0400	tmp/diag-91fd4147-adf1-49b7-80f6-2e8481ae0993.sock
socket	0	1784825528	2026-07-23T12:52:08-0400	tmp/diag-c8c3cef6-2131-4554-bf13-061a801e9ee1.sock
socket	0	1784825497	2026-07-23T12:51:37-0400	tmp/diag-e081b0a0-45ed-4fbf-b39e-e777d92aabbd.sock
socket	0	1784677271	2026-07-21T19:41:11-0400	tmp/host-pool-concurrency-212d0d5a-3047-4f7c-95b1-ac6fc1503b5b.sock
socket	0	1784677271	2026-07-21T19:41:11-0400	tmp/host-pool-exhaustion-b739e658-24ac-472e-83c9-d33e1e23b3f4.sock
socket	0	1784798641	2026-07-23T05:24:01-0400	tmp/host-registry-authored-host-3d9c73a7-367c-40d9-88cc-018759b0ae57.sock
socket	0	1784798979	2026-07-23T05:29:39-0400	tmp/host-registry-authored-host-862e4988-e456-450d-b7a0-769374a371d0.sock
socket	0	1784798978	2026-07-23T05:29:38-0400	tmp/host-registry-authored-writer-7f0b15b7-c6d0-4edf-8371-efc410225af0.sock
socket	0	1784798640	2026-07-23T05:24:00-0400	tmp/host-registry-authored-writer-c0853543-20c5-4d89-be4f-43cfdae0b788.sock
socket	0	1784677097	2026-07-21T19:38:17-0400	tmp/host-registry-cancel-host-23faa312-d2c8-4503-ad52-8e9207ca24cc.sock
socket	0	1784798298	2026-07-23T05:18:18-0400	tmp/host-registry-cancel-host-3d9a6d9b-aa60-4611-afce-550e21d699d4.sock
socket	0	1784677097	2026-07-21T19:38:17-0400	tmp/host-registry-cancel-writer-4287cc37-8812-432e-bfae-3ec23f99a4d9.sock
socket	0	1784798297	2026-07-23T05:18:17-0400	tmp/host-registry-cancel-writer-adf5675a-1009-4c0b-a648-89243cffd41a.sock
socket	0	1784799058	2026-07-23T05:30:58-0400	tmp/host-registry-interrupt-host-c7c66512-3118-42a0-bb72-235017e71577.sock
socket	0	1784799057	2026-07-23T05:30:57-0400	tmp/host-registry-interrupt-writer-bd000fcd-51a4-4302-bd4d-1dca15cfe86e.sock
socket	0	1784591902	2026-07-20T19:58:22-0400	tmp/host-registry-probe-writer-a38f6cc7-ccba-496f-8ed9-e0bad0af3350.sock
socket	0	1784897452	2026-07-24T08:50:52-0400	tmp/host-registry-u3-host-bfdae2a9-fc25-419e-8549-61f711a74ce4.sock
socket	0	1784839030	2026-07-23T16:37:10-0400	tmp/host-registry-u3-writer-22b7e639-2918-4c5a-b00c-feaa2ecb7290.sock
socket	0	1784897447	2026-07-24T08:50:47-0400	tmp/host-registry-u3-writer-4d9d52f8-1ff0-48c1-98ae-d43845e2beed.sock
socket	0	1784677270	2026-07-21T19:41:10-0400	tmp/host-registry-u4-host-9d31657d-dac1-4418-b6b8-b7841c747eb8.sock
socket	0	1784918904	2026-07-24T14:48:24-0400	tmp/host-registry-u4-writer-2b029f6b-db5b-41bf-9a0c-aba5dba30d1f.sock
socket	0	1784677270	2026-07-21T19:41:10-0400	tmp/host-registry-u4-writer-4f4d8019-e85c-4c50-b12a-88a23ecd29a1.sock
socket	0	1784918979	2026-07-24T14:49:39-0400	tmp/host-registry-u4-writer-9a9ae17d-aed4-424b-bfe3-bd10fdaa5083.sock
socket	0	1784888320	2026-07-24T06:18:40-0400	tmp/host-registry-u4-writer-a16a7538-e464-4bdd-beb3-631e21601297.sock
socket	0	1784886756	2026-07-24T05:52:36-0400	tmp/host-registry-u4-writer-ae074297-b931-4e68-9278-823bc4b49def.sock
socket	0	1784677271	2026-07-21T19:41:11-0400	tmp/host-registry-uninstalled-95d6ed30-840a-417e-bc16-ff1c0dc9230e.sock
socket	0	1784760598	2026-07-22T18:49:58-0400	tmp/host-registry-writer-32e46880-c2da-48a6-8797-c2ab4c13dcdf.sock
socket	0	1784677270	2026-07-21T19:41:10-0400	tmp/host-registry-writer-8e4ee52e-4a87-4b35-accf-69c7fab64539.sock
socket	0	1784894667	2026-07-24T08:04:27-0400	tmp/lifecycle-req.sock
socket	0	1784586707	2026-07-20T18:31:47-0400	tmp/receipt-probe-a9c3ff72-4e44-4f86-8c26-da32fc0f5306.sock
socket	0	1784678788	2026-07-21T20:06:28-0400	tmp/seon-cluster-w15b-live3-req.sock
socket	0	1784815074	2026-07-23T09:57:54-0400	tmp/seon-event-inline-b43c7ce4-1573-4a38-8d46-d1ecb49453f1.sock
socket	0	1784815452	2026-07-23T10:04:12-0400	tmp/seon-event-inline-ef261412-e9a2-4ca3-a59a-1fc924e257af.sock
socket	0	1784758887	2026-07-22T18:21:27-0400	tmp/seon-foreign-host-014789aa-72c0-45f1-8b97-d39285463c09.sock
socket	0	1784819280	2026-07-23T11:08:00-0400	tmp/seon-foreign-host-0177a774-0da0-406b-9840-7e3b473702d6.sock
socket	0	1784864125	2026-07-23T23:35:25-0400	tmp/seon-foreign-host-0300e0b3-6a4f-4440-9bfe-0c07f9d91c68.sock
socket	0	1784804844	2026-07-23T07:07:24-0400	tmp/seon-foreign-host-03507c89-bc80-40a0-a09a-14ed9ee071b6.sock
socket	0	1784744391	2026-07-22T14:19:51-0400	tmp/seon-foreign-host-035c55af-38bd-4837-9905-ab4c761d033e.sock
socket	0	1784766489	2026-07-22T20:28:09-0400	tmp/seon-foreign-host-065fa9ec-fc19-488f-a5d8-dd1d6d7a7fe9.sock
socket	0	1784765775	2026-07-22T20:16:15-0400	tmp/seon-foreign-host-06d3d188-59b8-49f3-a557-093be536f19c.sock
socket	0	1784761522	2026-07-22T19:05:22-0400	tmp/seon-foreign-host-08cfef27-a4d9-4bec-984c-704084659663.sock
socket	0	1784760436	2026-07-22T18:47:16-0400	tmp/seon-foreign-host-0d191d4a-65ac-45c4-b5c6-5f239dcc0344.sock
socket	0	1784766730	2026-07-22T20:32:10-0400	tmp/seon-foreign-host-0f8591a2-23fc-4825-a913-eb97ab03caf5.sock
socket	0	1784753435	2026-07-22T16:50:35-0400	tmp/seon-foreign-host-10ff43d3-97d0-4165-b9fe-d4cb1051a9da.sock
socket	0	1784801267	2026-07-23T06:07:47-0400	tmp/seon-foreign-host-11991433-adb3-40e5-b1cf-c42b5de33017.sock
socket	0	1784762355	2026-07-22T19:19:15-0400	tmp/seon-foreign-host-1236b8c5-488b-4189-b949-4b4808149c6f.sock
socket	0	1784799575	2026-07-23T05:39:35-0400	tmp/seon-foreign-host-143f874c-f929-4cce-a200-aeb7926c4c70.sock
socket	0	1784761226	2026-07-22T19:00:26-0400	tmp/seon-foreign-host-1692673e-266c-4e30-9467-6b1aa4bdef39.sock
socket	0	1784808121	2026-07-23T08:02:01-0400	tmp/seon-foreign-host-17573dd7-45ee-4bd9-9031-33c2a3667fb1.sock
socket	0	1784730909	2026-07-22T10:35:09-0400	tmp/seon-foreign-host-1d3b117c-969f-4191-9319-951952f37357.sock
socket	0	1784723142	2026-07-22T08:25:42-0400	tmp/seon-foreign-host-247c667a-cd41-4ec8-a391-fcfebf9c3b14.sock
socket	0	1784753744	2026-07-22T16:55:44-0400	tmp/seon-foreign-host-26645910-7191-478c-82cc-48a53b3173a2.sock
socket	0	1784722974	2026-07-22T08:22:54-0400	tmp/seon-foreign-host-26728d12-850c-4eef-8766-d6163e938878.sock
socket	0	1784833144	2026-07-23T14:59:04-0400	tmp/seon-foreign-host-276d1859-da53-4063-b98e-9a6687c5be36.sock
socket	0	1784838350	2026-07-23T16:25:50-0400	tmp/seon-foreign-host-27ebc7e5-2a9f-4566-b34a-a1b5641a65b9.sock
socket	0	1784826854	2026-07-23T13:14:14-0400	tmp/seon-foreign-host-27fe8bba-e188-4df3-be21-e9132c86881b.sock
socket	0	1784746231	2026-07-22T14:50:31-0400	tmp/seon-foreign-host-2896cf4f-5173-44cb-9649-f58fd1d91e38.sock
socket	0	1784790478	2026-07-23T03:07:58-0400	tmp/seon-foreign-host-2bd29128-99ce-4d98-8a49-4d13b1d2d474.sock
socket	0	1784821067	2026-07-23T11:37:47-0400	tmp/seon-foreign-host-2c05e295-1fac-4bf6-8315-d48def1b3d9c.sock
socket	0	1784792952	2026-07-23T03:49:12-0400	tmp/seon-foreign-host-3073b529-bafb-49b7-a683-180ae0311178.sock
socket	0	1784761668	2026-07-22T19:07:48-0400	tmp/seon-foreign-host-32b1f633-2654-4821-aab8-5f39c79d94ed.sock
socket	0	1784761922	2026-07-22T19:12:02-0400	tmp/seon-foreign-host-32dd3c7c-1a9f-4dea-b864-c233043373f1.sock
socket	0	1784800942	2026-07-23T06:02:22-0400	tmp/seon-foreign-host-361ca488-bb3a-47cc-b037-b94fa2f46f30.sock
socket	0	1784761493	2026-07-22T19:04:53-0400	tmp/seon-foreign-host-36a788ec-a978-4d38-bc1d-d0473f50b787.sock
socket	0	1784810439	2026-07-23T08:40:39-0400	tmp/seon-foreign-host-3752f5fd-f185-48a9-a4e4-a5c6c3cf9f65.sock
socket	0	1784801994	2026-07-23T06:19:54-0400	tmp/seon-foreign-host-39d59709-d1fa-4da1-a075-d0d9eadb094b.sock
socket	0	1784725368	2026-07-22T09:02:48-0400	tmp/seon-foreign-host-3b0d5b20-4698-40fe-86ee-bdbe9a9b9f40.sock
socket	0	1784761785	2026-07-22T19:09:45-0400	tmp/seon-foreign-host-3c0e491b-bc79-4815-b308-2d18bc4db74e.sock
socket	0	1784827704	2026-07-23T13:28:24-0400	tmp/seon-foreign-host-3f1aa997-e876-4bf1-b9b5-be555d8c6509.sock
socket	0	1784821367	2026-07-23T11:42:47-0400	tmp/seon-foreign-host-3f28956e-31c8-4b80-9983-8a9811a20c69.sock
socket	0	1784812274	2026-07-23T09:11:14-0400	tmp/seon-foreign-host-4096a555-cb5d-4026-a711-4547156dc108.sock
socket	0	1784820233	2026-07-23T11:23:53-0400	tmp/seon-foreign-host-41f0e289-b3be-4bb5-b934-9bff294d0037.sock
socket	0	1784747894	2026-07-22T15:18:14-0400	tmp/seon-foreign-host-424056c6-c35a-4817-bdbf-1e6145d24647.sock
socket	0	1784807078	2026-07-23T07:44:38-0400	tmp/seon-foreign-host-42614af0-8898-44ab-b562-f26953730eaf.sock
socket	0	1784858194	2026-07-23T21:56:34-0400	tmp/seon-foreign-host-428940c7-a77b-4b7c-8745-26e0f3873171.sock
socket	0	1784823791	2026-07-23T12:23:11-0400	tmp/seon-foreign-host-464c677f-caa8-4042-a8f8-c4873bda7a07.sock
socket	0	1784812230	2026-07-23T09:10:30-0400	tmp/seon-foreign-host-46706e45-1fec-462c-b48b-8edf72cce1e0.sock
socket	0	1784725542	2026-07-22T09:05:42-0400	tmp/seon-foreign-host-48c650e4-cc83-42c9-8200-f162f256e914.sock
socket	0	1784807771	2026-07-23T07:56:11-0400	tmp/seon-foreign-host-49ddc540-c642-4ae0-969f-9a7485b84aa4.sock
socket	0	1784802083	2026-07-23T06:21:23-0400	tmp/seon-foreign-host-4b4ac9b9-70e6-47f2-828c-a2fa4191e14a.sock
socket	0	1784744401	2026-07-22T14:20:01-0400	tmp/seon-foreign-host-4c14a5a1-e322-469a-8631-56bef0138e87.sock
socket	0	1784775268	2026-07-22T22:54:28-0400	tmp/seon-foreign-host-4d580677-c7ed-4dae-a2cb-db6619854f5b.sock
socket	0	1784835493	2026-07-23T15:38:13-0400	tmp/seon-foreign-host-4e57119f-9487-4610-8341-ba3b2770fca6.sock
socket	0	1784822027	2026-07-23T11:53:47-0400	tmp/seon-foreign-host-4fb71868-9be0-4d94-8e1f-fea1088ebc6d.sock
socket	0	1784802318	2026-07-23T06:25:18-0400	tmp/seon-foreign-host-5097a468-ff18-475a-8bea-28962ce12568.sock
socket	0	1784723727	2026-07-22T08:35:27-0400	tmp/seon-foreign-host-5117ad9c-e55f-4d7a-b101-5b9543282800.sock
socket	0	1784752032	2026-07-22T16:27:12-0400	tmp/seon-foreign-host-51765ce1-9d30-4f8f-aa49-cd5232a8593c.sock
socket	0	1784799873	2026-07-23T05:44:33-0400	tmp/seon-foreign-host-525b4705-2e3b-44ea-bc1c-01a9db281521.sock
socket	0	1784751970	2026-07-22T16:26:10-0400	tmp/seon-foreign-host-526437ef-a132-4f28-bb20-97041fc6ebf5.sock
socket	0	1784752121	2026-07-22T16:28:41-0400	tmp/seon-foreign-host-53cef547-8160-4e10-90cd-08e213a7982b.sock
socket	0	1784766978	2026-07-22T20:36:18-0400	tmp/seon-foreign-host-5857e2dc-628b-489b-938e-92f19509707e.sock
socket	0	1784723667	2026-07-22T08:34:27-0400	tmp/seon-foreign-host-589187cf-f165-4b3c-8a82-6cad7e9eff92.sock
socket	0	1784816901	2026-07-23T10:28:21-0400	tmp/seon-foreign-host-5ae1a5cd-84ed-4680-ad2c-eec001a084d8.sock
socket	0	1784752593	2026-07-22T16:36:33-0400	tmp/seon-foreign-host-5b6549ed-4470-4de0-834f-beb222c477f7.sock
socket	0	1784803689	2026-07-23T06:48:09-0400	tmp/seon-foreign-host-5d53d0cb-653b-476e-9109-68059e56a653.sock
socket	0	1784807836	2026-07-23T07:57:16-0400	tmp/seon-foreign-host-5e2fa137-c1e4-49f7-913c-aea364bf71fc.sock
socket	0	1784807904	2026-07-23T07:58:24-0400	tmp/seon-foreign-host-5e36b12a-38e5-4dee-8ab1-defe279f73f6.sock
socket	0	1784813388	2026-07-23T09:29:48-0400	tmp/seon-foreign-host-5e6fbe13-8de5-48d4-b728-1012516d37e5.sock
socket	0	1784801558	2026-07-23T06:12:38-0400	tmp/seon-foreign-host-5fc7b514-31b4-4fad-b458-695ba94f048a.sock
socket	0	1784801627	2026-07-23T06:13:47-0400	tmp/seon-foreign-host-608eb785-ecdd-4c47-854c-9aed7094f029.sock
socket	0	1784835889	2026-07-23T15:44:49-0400	tmp/seon-foreign-host-61267519-5823-4e7b-ac36-988bd705770c.sock
socket	0	1784813525	2026-07-23T09:32:05-0400	tmp/seon-foreign-host-614b71bd-62be-4c27-b2ec-4ca56194c893.sock
socket	0	1784819714	2026-07-23T11:15:14-0400	tmp/seon-foreign-host-62863f05-c82e-4d0a-bafe-94c557e5fba5.sock
socket	0	1784752021	2026-07-22T16:27:01-0400	tmp/seon-foreign-host-6467a0f6-7a72-4472-9610-513123515cb1.sock
socket	0	1784805828	2026-07-23T07:23:48-0400	tmp/seon-foreign-host-6c9a889e-2e8f-4e8a-89f6-6d9cdf01b33a.sock
socket	0	1784755697	2026-07-22T17:28:17-0400	tmp/seon-foreign-host-6d542887-e3ec-429c-bdfe-40378ae00222.sock
socket	0	1784838236	2026-07-23T16:23:56-0400	tmp/seon-foreign-host-6dcecb05-2cc6-4114-91b6-2c7a8a60916b.sock
socket	0	1784826457	2026-07-23T13:07:37-0400	tmp/seon-foreign-host-71105f8f-1b4d-4526-a8a5-2ba58431ada4.sock
socket	0	1784801339	2026-07-23T06:08:59-0400	tmp/seon-foreign-host-74abc563-db16-4fa4-b295-f75ccde1cde9.sock
socket	0	1784723634	2026-07-22T08:33:54-0400	tmp/seon-foreign-host-75545c8f-1c92-4be5-a6f1-b701bf44ffee.sock
socket	0	1784837490	2026-07-23T16:11:30-0400	tmp/seon-foreign-host-75f33943-885f-4961-9cf1-a7d63e7ff0cf.sock
socket	0	1784812468	2026-07-23T09:14:28-0400	tmp/seon-foreign-host-794ba85f-57bb-46cb-aaed-3cc6de84c7a4.sock
socket	0	1784838531	2026-07-23T16:28:51-0400	tmp/seon-foreign-host-79af8c51-64a9-406c-97ab-e891339d2fe2.sock
socket	0	1784772429	2026-07-22T22:07:09-0400	tmp/seon-foreign-host-7a2488d4-cb29-4337-9464-cf483bc557b0.sock
socket	0	1784729614	2026-07-22T10:13:34-0400	tmp/seon-foreign-host-7b543a93-7585-46af-946f-b345001513bd.sock
socket	0	1784828814	2026-07-23T13:46:54-0400	tmp/seon-foreign-host-7c92c571-5bea-49d2-be8b-327a019b65dd.sock
socket	0	1784864378	2026-07-23T23:39:38-0400	tmp/seon-foreign-host-7caf07fd-a54e-4620-889e-0e1cc4217d73.sock
socket	0	1784766664	2026-07-22T20:31:04-0400	tmp/seon-foreign-host-7db4ee6c-f86e-4899-9360-0aa100eae7e2.sock
socket	0	1784765851	2026-07-22T20:17:31-0400	tmp/seon-foreign-host-7dbe5e77-debe-4715-b7be-bcb5d7e26272.sock
socket	0	1784723401	2026-07-22T08:30:01-0400	tmp/seon-foreign-host-7e4fc288-f909-4f92-b993-51c6913fe7f3.sock
socket	0	1784826650	2026-07-23T13:10:50-0400	tmp/seon-foreign-host-7e52d1a1-34e9-449e-8e7e-bfeb003cb715.sock
socket	0	1784807871	2026-07-23T07:57:51-0400	tmp/seon-foreign-host-7e8491e5-bfc6-4be5-acc8-e946dd45c6b1.sock
socket	0	1784723595	2026-07-22T08:33:15-0400	tmp/seon-foreign-host-82a90519-822b-45ec-be54-662edea07a95.sock
socket	0	1784844907	2026-07-23T18:15:07-0400	tmp/seon-foreign-host-83850139-9adb-4b31-b2e4-b4c329af0528.sock
socket	0	1784760475	2026-07-22T18:47:55-0400	tmp/seon-foreign-host-8553b3fa-d284-4c0c-b9a0-652010a6e32b.sock
socket	0	1784722513	2026-07-22T08:15:13-0400	tmp/seon-foreign-host-85d699f8-d38b-4258-b9a5-edeac0e81ccf.sock
socket	0	1784799377	2026-07-23T05:36:17-0400	tmp/seon-foreign-host-889614a9-8071-4e1b-9a50-2fb0e9f6c04e.sock
socket	0	1784817302	2026-07-23T10:35:02-0400	tmp/seon-foreign-host-88c63cfe-675a-4ed0-a8e0-b2c212e27d50.sock
socket	0	1784805157	2026-07-23T07:12:37-0400	tmp/seon-foreign-host-8982b1f8-432f-460e-9f69-c6ebc63476be.sock
socket	0	1784838197	2026-07-23T16:23:17-0400	tmp/seon-foreign-host-8a9c57a5-505b-4b9f-80bd-6e4d9fb91809.sock
socket	0	1784760807	2026-07-22T18:53:27-0400	tmp/seon-foreign-host-8c8538bc-3825-436b-ad05-21e016c91453.sock
socket	0	1784763102	2026-07-22T19:31:42-0400	tmp/seon-foreign-host-8cfff344-4558-47b0-8f23-fe7e48cab0e6.sock
socket	0	1784838618	2026-07-23T16:30:18-0400	tmp/seon-foreign-host-8f824cb4-0071-4be4-ae0e-962a26bfb52b.sock
socket	0	1784821834	2026-07-23T11:50:34-0400	tmp/seon-foreign-host-8fcf2127-1831-40a0-8dae-2410683f50a1.sock
socket	0	1784805508	2026-07-23T07:18:28-0400	tmp/seon-foreign-host-901f81b0-a762-4380-ab47-01c75916aa21.sock
socket	0	1784758967	2026-07-22T18:22:47-0400	tmp/seon-foreign-host-90aa2eeb-4e6b-41f3-a2c9-928a03743427.sock
socket	0	1784793023	2026-07-23T03:50:23-0400	tmp/seon-foreign-host-918dd464-b238-4ec1-82ef-5a5d1b8b372c.sock
socket	0	1784728049	2026-07-22T09:47:29-0400	tmp/seon-foreign-host-93e35ac6-f26b-4ba9-8642-0d64ec004a78.sock
socket	0	1784763789	2026-07-22T19:43:09-0400	tmp/seon-foreign-host-9754787b-5359-4d17-9166-b633dda80202.sock
socket	0	1784752579	2026-07-22T16:36:19-0400	tmp/seon-foreign-host-97de2d3f-5b65-473a-8340-298bf4a81644.sock
socket	0	1784723591	2026-07-22T08:33:11-0400	tmp/seon-foreign-host-9d510084-071b-460e-860c-3890dd2e4d52.sock
socket	0	1784807925	2026-07-23T07:58:45-0400	tmp/seon-foreign-host-a1e89551-2dd1-447e-9e38-95756860127b.sock
socket	0	1784723658	2026-07-22T08:34:18-0400	tmp/seon-foreign-host-a28e4992-f948-4a1e-9b04-ade21c984306.sock
socket	0	1784761694	2026-07-22T19:08:14-0400	tmp/seon-foreign-host-a69cde9b-68e4-434a-a652-f5950ee58de9.sock
socket	0	1784758791	2026-07-22T18:19:51-0400	tmp/seon-foreign-host-a7352f4f-50cf-494f-a2f4-b43a0a6d9e44.sock
socket	0	1784761248	2026-07-22T19:00:48-0400	tmp/seon-foreign-host-a7473be3-33c8-438d-8461-c06b75a50992.sock
socket	0	1784750164	2026-07-22T15:56:04-0400	tmp/seon-foreign-host-ab8281d9-82bb-437e-9aad-2af88fe9235b.sock
socket	0	1784756969	2026-07-22T17:49:29-0400	tmp/seon-foreign-host-af1396cb-c121-410b-bc33-40df60702c95.sock
socket	0	1784764057	2026-07-22T19:47:37-0400	tmp/seon-foreign-host-af377dad-571b-4eb0-a65d-00a0d879f1e5.sock
socket	0	1784805601	2026-07-23T07:20:01-0400	tmp/seon-foreign-host-b08bab97-2f62-45ea-9f74-9a59f88a85e8.sock
socket	0	1784863918	2026-07-23T23:31:58-0400	tmp/seon-foreign-host-b45fb7dd-83bc-4742-8ddc-b62bf1ee403b.sock
socket	0	1784817649	2026-07-23T10:40:49-0400	tmp/seon-foreign-host-b6de513e-cec6-4e97-8b14-f92bd02a4382.sock
socket	0	1784819227	2026-07-23T11:07:07-0400	tmp/seon-foreign-host-b78b8028-3911-45b3-9f12-fe15dcf6d276.sock
socket	0	1784752266	2026-07-22T16:31:06-0400	tmp/seon-foreign-host-ba16caad-546a-4419-9d8b-064134062337.sock
socket	0	1784756105	2026-07-22T17:35:05-0400	tmp/seon-foreign-host-ba341a51-78f5-4dd0-b50a-061a55ba03b1.sock
socket	0	1784812942	2026-07-23T09:22:22-0400	tmp/seon-foreign-host-bb1594ac-eab3-4dda-a6cf-e78006a0bf90.sock
socket	0	1784752011	2026-07-22T16:26:51-0400	tmp/seon-foreign-host-bb63a954-184e-44c3-8a37-20cecae87246.sock
socket	0	1784820630	2026-07-23T11:30:30-0400	tmp/seon-foreign-host-bcfaa76f-6147-4744-9521-7c6b84422a69.sock
socket	0	1784820283	2026-07-23T11:24:43-0400	tmp/seon-foreign-host-bdc01754-7419-49f9-93d2-a9325e9d599e.sock
socket	0	1784801263	2026-07-23T06:07:43-0400	tmp/seon-foreign-host-bee73325-b3c6-4006-95bc-9ec5d535cd31.sock
socket	0	1784761615	2026-07-22T19:06:55-0400	tmp/seon-foreign-host-bf0dc904-0f0e-42b1-ba78-3aba00589f8b.sock
socket	0	1784726010	2026-07-22T09:13:30-0400	tmp/seon-foreign-host-c16d2162-95d6-4b5e-90ae-d18fc7cc1e68.sock
socket	0	1784801878	2026-07-23T06:17:58-0400	tmp/seon-foreign-host-c4656ea0-30b6-45fa-9abf-4d0269d16c12.sock
socket	0	1784748253	2026-07-22T15:24:13-0400	tmp/seon-foreign-host-c53ccea0-b0a6-4075-8a46-69a6fa74d8af.sock
socket	0	1784747343	2026-07-22T15:09:03-0400	tmp/seon-foreign-host-c7b821e1-c992-43a1-815e-fa72387526ea.sock
socket	0	1784801766	2026-07-23T06:16:06-0400	tmp/seon-foreign-host-c7c9a3e0-26f2-4d3c-9c72-719cc4e16e4b.sock
socket	0	1784766108	2026-07-22T20:21:48-0400	tmp/seon-foreign-host-c7e1f550-8bcc-4065-8465-cf5881dfa432.sock
socket	0	1784838466	2026-07-23T16:27:46-0400	tmp/seon-foreign-host-c95560d0-9c3a-4925-ad3e-6c6c289f7c00.sock
socket	0	1784753421	2026-07-22T16:50:21-0400	tmp/seon-foreign-host-c996c4ab-c73f-4eb4-a616-2d9dc509d7a6.sock
socket	0	1784810758	2026-07-23T08:45:58-0400	tmp/seon-foreign-host-ca86181c-26c2-4375-a721-00ef35868cbb.sock
socket	0	1784744799	2026-07-22T14:26:39-0400	tmp/seon-foreign-host-cb32c489-c56a-4853-9414-f75cd9a5826d.sock
socket	0	1784761764	2026-07-22T19:09:24-0400	tmp/seon-foreign-host-ce679cc2-8557-47c7-b576-fee3a9fd8bc8.sock
socket	0	1784825493	2026-07-23T12:51:33-0400	tmp/seon-foreign-host-d0f85af8-0840-4373-9e8e-aa183aaa9fd9.sock
socket	0	1784761580	2026-07-22T19:06:20-0400	tmp/seon-foreign-host-d197fb6e-706e-4171-96d2-1b87ec0efc89.sock
socket	0	1784835694	2026-07-23T15:41:34-0400	tmp/seon-foreign-host-d2589467-b50e-400c-a609-dabe70f37aae.sock
socket	0	1784800175	2026-07-23T05:49:35-0400	tmp/seon-foreign-host-d3e2dbc1-cff9-4cf1-bf3c-fa0c5abe8146.sock
socket	0	1784723048	2026-07-22T08:24:08-0400	tmp/seon-foreign-host-d88357df-dbfb-4fdc-a150-0952f48c779b.sock
socket	0	1784761392	2026-07-22T19:03:12-0400	tmp/seon-foreign-host-da22b8df-8a57-4e4f-82f2-9541ffe27c5e.sock
socket	0	1784791687	2026-07-23T03:28:07-0400	tmp/seon-foreign-host-da250719-eb39-4e44-83bb-83e542e7c9c2.sock
socket	0	1784802861	2026-07-23T06:34:21-0400	tmp/seon-foreign-host-db5d10cb-600f-4f2b-92c2-0776a799e950.sock
socket	0	1784813974	2026-07-23T09:39:34-0400	tmp/seon-foreign-host-dba4bfff-f771-4754-b7ac-c0c3f38b1277.sock
socket	0	1784818416	2026-07-23T10:53:36-0400	tmp/seon-foreign-host-ddbd87c1-ceeb-4ea5-b882-67e886dbf6cb.sock
socket	0	1784809371	2026-07-23T08:22:51-0400	tmp/seon-foreign-host-dfc6fbfa-3555-466a-b634-169b47eff029.sock
socket	0	1784823312	2026-07-23T12:15:12-0400	tmp/seon-foreign-host-e06155f0-157c-4725-b5b9-550efcdbe2f2.sock
socket	0	1784807425	2026-07-23T07:50:25-0400	tmp/seon-foreign-host-e2c5386d-3708-42fe-9f29-d40578573a81.sock
socket	0	1784814385	2026-07-23T09:46:25-0400	tmp/seon-foreign-host-e2df3752-d03e-4816-af43-9bd619800dac.sock
socket	0	1784863664	2026-07-23T23:27:44-0400	tmp/seon-foreign-host-e55219b8-2a32-40c7-b694-633049d5b4fc.sock
socket	0	1784806815	2026-07-23T07:40:15-0400	tmp/seon-foreign-host-e5c22d94-0630-424f-8f45-baf0f99d01b3.sock
socket	0	1784744483	2026-07-22T14:21:23-0400	tmp/seon-foreign-host-e8022aeb-d432-4ad7-8232-eda4b908e15f.sock
socket	0	1784722632	2026-07-22T08:17:12-0400	tmp/seon-foreign-host-ea2bd506-2327-45ab-ace0-49cd1204678c.sock
socket	0	1784759224	2026-07-22T18:27:04-0400	tmp/seon-foreign-host-ea57f0b2-ad17-4a2e-982b-77e1002edd65.sock
socket	0	1784724868	2026-07-22T08:54:28-0400	tmp/seon-foreign-host-ea6a21c8-c3fe-4419-905d-2d42cc0e9af6.sock
socket	0	1784805990	2026-07-23T07:26:30-0400	tmp/seon-foreign-host-efc43d35-4ab6-43a1-9092-6db0d94813ac.sock
socket	0	1784816951	2026-07-23T10:29:11-0400	tmp/seon-foreign-host-f0a82b83-d5a2-4321-bf3e-be773130578d.sock
socket	0	1784812601	2026-07-23T09:16:41-0400	tmp/seon-foreign-host-f0ceea24-9593-4da5-99ce-3dfc5697356b.sock
socket	0	1784816203	2026-07-23T10:16:43-0400	tmp/seon-foreign-host-f1aeffa7-7384-45c4-9c72-9e4bc2ed0a05.sock
socket	0	1784761318	2026-07-22T19:01:58-0400	tmp/seon-foreign-host-f1b7e386-9191-424a-ab3a-3b76eadf80b7.sock
socket	0	1784836094	2026-07-23T15:48:14-0400	tmp/seon-foreign-host-f3a7a993-8b7a-4559-9b3b-8200dac1de2b.sock
socket	0	1784730592	2026-07-22T10:29:52-0400	tmp/seon-foreign-host-f5ee2c0f-af17-4b33-a4ac-1db3aaf6f006.sock
socket	0	1784730786	2026-07-22T10:33:06-0400	tmp/seon-foreign-host-f7ef7657-fa26-4c9d-aab8-85896699fe8b.sock
socket	0	1784825972	2026-07-23T12:59:32-0400	tmp/seon-foreign-host-f80effdb-a247-4c1a-87bc-b92a97f8059a.sock
socket	0	1784862803	2026-07-23T23:13:23-0400	tmp/seon-foreign-host-fb377f80-b58f-4baa-86b9-2c5d881afb28.sock
socket	0	1784836870	2026-07-23T16:01:10-0400	tmp/seon-foreign-host-fc413d21-87fb-45e5-8988-51676ad2bf4c.sock
socket	0	1784858185	2026-07-23T21:56:25-0400	tmp/seon-foreign-host-fca4f617-e362-478c-bfa7-549386177cf3.sock
socket	0	1784828148	2026-07-23T13:35:48-0400	tmp/seon-foreign-host-fd1e035f-814c-49d6-a539-a26a28bfb012.sock
socket	0	1784744525	2026-07-22T14:22:05-0400	tmp/seon-foreign-host-fe22b119-40d8-4e11-b9a5-413e854cca8a.sock
socket	0	1784730959	2026-07-22T10:35:59-0400	tmp/seon-foreign-host-fe38e4d3-33ce-4af0-9cbd-ade2b07096cd.sock
socket	0	1784722430	2026-07-22T08:13:50-0400	tmp/seon-foreign-host-fe734510-5b90-4195-9b1f-034733ab4933.sock
socket	0	1784759104	2026-07-22T18:25:04-0400	tmp/seon-foreign-host-fe748701-65af-4d2c-87de-1be053bbc929.sock
socket	0	1784894677	2026-07-24T08:04:37-0400	tmp/seon-host-eval-lifecycle.sock
socket	0	1784587899	2026-07-20T18:51:39-0400	tmp/seon-host-fake-writer-00a13f55-947a-468f-a2f7-f0c5e9f3a51b.sock
socket	0	1784724865	2026-07-22T08:54:25-0400	tmp/seon-host-fake-writer-00a91bdb-6541-4e14-b464-c5868d98ef56.sock
socket	0	1784605751	2026-07-20T23:49:11-0400	tmp/seon-host-fake-writer-00ab1ce4-08f7-4142-bd86-418a072495c6.sock
socket	0	1784651144	2026-07-21T12:25:44-0400	tmp/seon-host-fake-writer-019f214a-c0a6-45a3-aa6c-3ef0f28cd8ca.sock
socket	0	1784588331	2026-07-20T18:58:51-0400	tmp/seon-host-fake-writer-01c011b7-6562-4da8-8acc-8863b2071f0c.sock
socket	0	1784804844	2026-07-23T07:07:24-0400	tmp/seon-host-fake-writer-02f79052-f366-481e-bec1-9ccfe67a3dac.sock
socket	0	1784819278	2026-07-23T11:07:58-0400	tmp/seon-host-fake-writer-03f0c4c2-3b72-4532-916c-bc3b97e691b6.sock
socket	0	1784638995	2026-07-21T09:03:15-0400	tmp/seon-host-fake-writer-040a9087-f721-43e9-bf6f-79749b594ce0.sock
socket	0	1784689291	2026-07-21T23:01:31-0400	tmp/seon-host-fake-writer-06019bc4-6a6d-4688-b33c-8f1d57d4e876.sock
socket	0	1784639249	2026-07-21T09:07:29-0400	tmp/seon-host-fake-writer-06490b7e-e370-4bae-aa92-3fa705b60194.sock
socket	0	1784602438	2026-07-20T22:53:58-0400	tmp/seon-host-fake-writer-065814b8-ed95-4eb0-a95e-3f05d661874c.sock
socket	0	1784827702	2026-07-23T13:28:22-0400	tmp/seon-host-fake-writer-0888fb7e-7f54-402a-8028-ad743fcd0bb4.sock
socket	0	1784584637	2026-07-20T17:57:17-0400	tmp/seon-host-fake-writer-08b9b13d-03a5-4c36-a31a-addfca313fc2.sock
socket	0	1784613001	2026-07-21T01:50:01-0400	tmp/seon-host-fake-writer-09081983-a318-4976-b804-b5b175a5f9dd.sock
socket	0	1784677874	2026-07-21T19:51:14-0400	tmp/seon-host-fake-writer-093c86c7-8234-467a-ae79-744e858e2425.sock
socket	0	1784686923	2026-07-21T22:22:03-0400	tmp/seon-host-fake-writer-09ca391e-bd0a-458d-8e27-77067ee6c2a8.sock
socket	0	1784594619	2026-07-20T20:43:39-0400	tmp/seon-host-fake-writer-0a39b0d5-8d3c-42e2-91e1-dc81b64019c0.sock
socket	0	1784602293	2026-07-20T22:51:33-0400	tmp/seon-host-fake-writer-0aada3cb-69f2-4a1f-aff2-79bff1e21df7.sock
socket	0	1784605173	2026-07-20T23:39:33-0400	tmp/seon-host-fake-writer-0bdb7d16-0315-407f-b241-d10938a5d5c8.sock
socket	0	1784813385	2026-07-23T09:29:45-0400	tmp/seon-host-fake-writer-0c5775f4-cf57-4fbd-a4f2-c8f487d1bf31.sock
socket	0	1784691098	2026-07-21T23:31:38-0400	tmp/seon-host-fake-writer-0d030043-3cb9-4f5b-98bd-8c06b761c577.sock
socket	0	1784603070	2026-07-20T23:04:30-0400	tmp/seon-host-fake-writer-0d064737-99a7-40df-8a8e-8cbb96c717d6.sock
socket	0	1784604643	2026-07-20T23:30:43-0400	tmp/seon-host-fake-writer-0de355a3-f11a-41a3-9d6f-82794dfc9d09.sock
socket	0	1784670589	2026-07-21T17:49:49-0400	tmp/seon-host-fake-writer-0f8c458d-1efc-48b2-91f7-0a9fca13cb75.sock
socket	0	1784591977	2026-07-20T19:59:37-0400	tmp/seon-host-fake-writer-0fa3f627-9ff4-4e8f-824e-fb789789f643.sock
socket	0	1784805601	2026-07-23T07:20:01-0400	tmp/seon-host-fake-writer-0fd7ac96-33dd-430e-88bf-816471c499d7.sock
socket	0	1784591519	2026-07-20T19:51:59-0400	tmp/seon-host-fake-writer-104ab8d9-e77e-477e-aff4-8827a762b2a4.sock
socket	0	1784844904	2026-07-23T18:15:04-0400	tmp/seon-host-fake-writer-109d5354-360f-40b3-92dc-42671ecd85df.sock
socket	0	1784760805	2026-07-22T18:53:25-0400	tmp/seon-host-fake-writer-115d7f8a-b50c-46f3-91e6-778d22780711.sock
socket	0	1784801557	2026-07-23T06:12:37-0400	tmp/seon-host-fake-writer-11aef031-1252-4142-8d6f-f5ffa00890e3.sock
socket	0	1784645948	2026-07-21T10:59:08-0400	tmp/seon-host-fake-writer-12c3a13a-6bc1-413c-a4bd-12c440208366.sock
socket	0	1784744399	2026-07-22T14:19:59-0400	tmp/seon-host-fake-writer-136f053e-f09d-40f5-8dce-2cd4bd5efd96.sock
socket	0	1784838616	2026-07-23T16:30:16-0400	tmp/seon-host-fake-writer-157c7c26-3c32-401d-89b2-1b8f7ae85a5e.sock
socket	0	1784645577	2026-07-21T10:52:57-0400	tmp/seon-host-fake-writer-157e381e-dc71-44a7-a037-82ee87837d79.sock
socket	0	1784761313	2026-07-22T19:01:53-0400	tmp/seon-host-fake-writer-1666d775-13c4-4d11-b728-dad896976a97.sock
socket	0	1784730906	2026-07-22T10:35:06-0400	tmp/seon-host-fake-writer-16a1d965-83fa-4548-b216-d7fdfefe7c6b.sock
socket	0	1784813522	2026-07-23T09:32:02-0400	tmp/seon-host-fake-writer-17c7467d-fb8f-472c-a937-417f889ab87d.sock
socket	0	1784639652	2026-07-21T09:14:12-0400	tmp/seon-host-fake-writer-18161277-948e-4e34-ac17-c6563378ee94.sock
socket	0	1784591514	2026-07-20T19:51:54-0400	tmp/seon-host-fake-writer-181bf57f-0d21-4c00-bc1f-2fa2709943d7.sock
socket	0	1784688068	2026-07-21T22:41:08-0400	tmp/seon-host-fake-writer-188c51bd-b943-45fe-a043-c8e71c951a10.sock
socket	0	1784807923	2026-07-23T07:58:43-0400	tmp/seon-host-fake-writer-18cd3edd-c67a-4240-b043-5d8deee5bc7e.sock
socket	0	1784761919	2026-07-22T19:11:59-0400	tmp/seon-host-fake-writer-1a9e1b39-a5db-4502-a250-fcd2d63bf5f0.sock
socket	0	1784649326	2026-07-21T11:55:26-0400	tmp/seon-host-fake-writer-1b7e8b91-93eb-4fcf-925f-208bb3583b84.sock
socket	0	1784819224	2026-07-23T11:07:04-0400	tmp/seon-host-fake-writer-1b93f220-1fc7-4a15-9fe3-506508091cc2.sock
socket	0	1784692476	2026-07-21T23:54:36-0400	tmp/seon-host-fake-writer-1eae47a5-b7d8-45fa-b55b-06c8d4b94cea.sock
socket	0	1784692802	2026-07-22T00:00:02-0400	tmp/seon-host-fake-writer-1f6245b2-9a89-4b2e-aae5-1d2748ab9f03.sock
socket	0	1784596188	2026-07-20T21:09:48-0400	tmp/seon-host-fake-writer-1f9c532d-6fdb-488a-9cdb-6bbc04bc50dd.sock
socket	0	1784597352	2026-07-20T21:29:12-0400	tmp/seon-host-fake-writer-20053b25-572f-405e-9bb6-307cde2bad68.sock
socket	0	1784723631	2026-07-22T08:33:51-0400	tmp/seon-host-fake-writer-209c58d4-f85a-47fa-b026-ecebc291b82e.sock
socket	0	1784690515	2026-07-21T23:21:55-0400	tmp/seon-host-fake-writer-224e0642-83c3-4590-877e-8f8d8d7a9b38.sock
socket	0	1784606644	2026-07-21T00:04:04-0400	tmp/seon-host-fake-writer-2250face-c0db-4474-a661-8e28c03d2ea6.sock
socket	0	1784744523	2026-07-22T14:22:03-0400	tmp/seon-host-fake-writer-237f4c4e-bc2a-43d0-8d87-fa905da9c024.sock
socket	0	1784587590	2026-07-20T18:46:30-0400	tmp/seon-host-fake-writer-23b1dba9-b5da-4783-8b59-af203b43bab3.sock
socket	0	1784686951	2026-07-21T22:22:31-0400	tmp/seon-host-fake-writer-249702b1-3f79-4670-a19b-c457057c39ba.sock
socket	0	1784651812	2026-07-21T12:36:52-0400	tmp/seon-host-fake-writer-25088f4b-e26e-4bca-b9d5-45f4d887d61e.sock
socket	0	1784763786	2026-07-22T19:43:06-0400	tmp/seon-host-fake-writer-2565647d-0b07-4639-9d7e-0390fcf3a2bb.sock
socket	0	1784799872	2026-07-23T05:44:32-0400	tmp/seon-host-fake-writer-25d3f69a-6a26-4c78-9a4e-18853119de3b.sock
socket	0	1784772427	2026-07-22T22:07:07-0400	tmp/seon-host-fake-writer-262d2657-06bd-41af-817f-dc2178e4324f.sock
socket	0	1784584691	2026-07-20T17:58:11-0400	tmp/seon-host-fake-writer-2660a5da-976d-480e-a113-e5a133f10012.sock
socket	0	1784591237	2026-07-20T19:47:17-0400	tmp/seon-host-fake-writer-26ef82c6-9ff7-4667-9944-fa71924e00a3.sock
socket	0	1784590182	2026-07-20T19:29:42-0400	tmp/seon-host-fake-writer-2759162f-dc4a-4115-b677-2da8d81b624d.sock
socket	0	1784761692	2026-07-22T19:08:12-0400	tmp/seon-host-fake-writer-27d74f82-a2eb-4bef-9e7b-04f83d75d0e1.sock
socket	0	1784761388	2026-07-22T19:03:08-0400	tmp/seon-host-fake-writer-28548e24-3564-4163-be58-5ab5e2b8eb44.sock
socket	0	1784591504	2026-07-20T19:51:44-0400	tmp/seon-host-fake-writer-298158d9-a62f-4596-94dc-5897d6dbe59e.sock
socket	0	1784802860	2026-07-23T06:34:20-0400	tmp/seon-host-fake-writer-2afab49a-5d5d-4ffe-a33d-8f51576a7a52.sock
socket	0	1784761577	2026-07-22T19:06:17-0400	tmp/seon-host-fake-writer-2afe2f48-8263-421d-80e2-4132e8e65b84.sock
socket	0	1784761243	2026-07-22T19:00:43-0400	tmp/seon-host-fake-writer-2b4a93d4-9065-4ca8-9879-eb50a7801592.sock
socket	0	1784807077	2026-07-23T07:44:37-0400	tmp/seon-host-fake-writer-2c967767-5a97-408e-9443-bf6c7cf47fc0.sock
socket	0	1784590885	2026-07-20T19:41:25-0400	tmp/seon-host-fake-writer-2dc4325c-d5f3-45da-b029-bcc14ada076d.sock
socket	0	1784802083	2026-07-23T06:21:23-0400	tmp/seon-host-fake-writer-2e05ab7d-ca67-46c2-9012-588fda6b07cf.sock
socket	0	1784644464	2026-07-21T10:34:24-0400	tmp/seon-host-fake-writer-2e4a1c1d-d443-4770-a58b-c0b57343988f.sock
socket	0	1784799574	2026-07-23T05:39:34-0400	tmp/seon-host-fake-writer-2f0480bf-4815-4daa-b9e6-c05152fd0ea4.sock
socket	0	1784588026	2026-07-20T18:53:46-0400	tmp/seon-host-fake-writer-2f05a682-b022-49f4-96c6-1231f9e43721.sock
socket	0	1784643363	2026-07-21T10:16:03-0400	tmp/seon-host-fake-writer-2f9017b4-a601-4b1d-980d-ab6a1d8b4699.sock
socket	0	1784812466	2026-07-23T09:14:26-0400	tmp/seon-host-fake-writer-2fefbf89-1386-409e-a8a6-552f9b21c17c.sock
socket	0	1784692184	2026-07-21T23:49:44-0400	tmp/seon-host-fake-writer-308fad86-47eb-4bfe-8e4e-ca44077f1806.sock
socket	0	1784600636	2026-07-20T22:23:56-0400	tmp/seon-host-fake-writer-31624f7b-9e33-4187-a3ee-40024c284e13.sock
socket	0	1784690670	2026-07-21T23:24:30-0400	tmp/seon-host-fake-writer-316fabec-13f2-452e-811b-780a89d09102.sock
socket	0	1784686588	2026-07-21T22:16:28-0400	tmp/seon-host-fake-writer-31f7b405-d46f-4077-92fe-440239691374.sock
socket	0	1784692396	2026-07-21T23:53:16-0400	tmp/seon-host-fake-writer-32ce9eaf-de73-4c58-962e-18b8e0a16fa0.sock
socket	0	1784723046	2026-07-22T08:24:06-0400	tmp/seon-host-fake-writer-3315775f-a675-4995-a792-f06ca73d1fff.sock
socket	0	1784645782	2026-07-21T10:56:22-0400	tmp/seon-host-fake-writer-331af098-fb5c-4fbb-a340-a1588091bf40.sock
socket	0	1784641252	2026-07-21T09:40:52-0400	tmp/seon-host-fake-writer-347cbdf8-a10c-4f02-bd86-8e468c9e4653.sock
socket	0	1784617619	2026-07-21T03:06:59-0400	tmp/seon-host-fake-writer-352670a7-b70b-4ffa-b0d1-77dc5ad65569.sock
socket	0	1784596796	2026-07-20T21:19:56-0400	tmp/seon-host-fake-writer-3531dae4-ad1d-484a-855b-4135dbdf0b3e.sock
socket	0	1784838233	2026-07-23T16:23:53-0400	tmp/seon-host-fake-writer-355b5564-da4d-4f2e-9477-fe854a54a00e.sock
socket	0	1784820230	2026-07-23T11:23:50-0400	tmp/seon-host-fake-writer-37afc439-63b1-4b54-960b-2bea35177e39.sock
socket	0	1784668874	2026-07-21T17:21:14-0400	tmp/seon-host-fake-writer-39014a54-de34-43c0-b8bc-d84179185c8c.sock
socket	0	1784602016	2026-07-20T22:46:56-0400	tmp/seon-host-fake-writer-3a24d1a5-cf72-4813-a821-57eb68e50a0e.sock
socket	0	1784744481	2026-07-22T14:21:21-0400	tmp/seon-host-fake-writer-3a43f31a-c6ed-41a5-9476-9aa488776bfd.sock
socket	0	1784835490	2026-07-23T15:38:10-0400	tmp/seon-host-fake-writer-3a7c6091-fd25-4d55-baae-e4611b8f80c8.sock
socket	0	1784586471	2026-07-20T18:27:51-0400	tmp/seon-host-fake-writer-3bab057b-724a-48f0-8c62-5a1a631d549e.sock
socket	0	1784601687	2026-07-20T22:41:27-0400	tmp/seon-host-fake-writer-3c04352b-1a15-4e02-907f-089e88147ecc.sock
socket	0	1784838194	2026-07-23T16:23:14-0400	tmp/seon-host-fake-writer-3caee548-06e4-4aba-858c-67e4dfadbfa9.sock
socket	0	1784689402	2026-07-21T23:03:22-0400	tmp/seon-host-fake-writer-3ccc3546-f0f2-4f0a-aeaa-d3442651bcf8.sock
socket	0	1784642793	2026-07-21T10:06:33-0400	tmp/seon-host-fake-writer-3d5933e0-14ce-4145-afc1-ff69c27b9a56.sock
socket	0	1784587232	2026-07-20T18:40:32-0400	tmp/seon-host-fake-writer-3eb292b9-7c73-4f04-933c-f6aab9f029fb.sock
socket	0	1784601395	2026-07-20T22:36:35-0400	tmp/seon-host-fake-writer-3ef4da90-c5f3-40e6-a945-46167ef46eb5.sock
socket	0	1784639186	2026-07-21T09:06:26-0400	tmp/seon-host-fake-writer-3f58f5b9-f895-4b07-926e-e80e886f6dcb.sock
socket	0	1784602479	2026-07-20T22:54:39-0400	tmp/seon-host-fake-writer-3fa6c70d-06cf-42ed-aabb-51aed735b89e.sock
socket	0	1784694335	2026-07-22T00:25:35-0400	tmp/seon-host-fake-writer-3fac6a6c-5a86-4ef0-a696-378045fc1741.sock
socket	0	1784753741	2026-07-22T16:55:41-0400	tmp/seon-host-fake-writer-40466461-08ee-4357-ad04-d3362f79bd0f.sock
socket	0	1784584614	2026-07-20T17:56:54-0400	tmp/seon-host-fake-writer-4069f508-dc23-4ceb-a5f1-06ec5494dc27.sock
socket	0	1784864376	2026-07-23T23:39:36-0400	tmp/seon-host-fake-writer-4076e25e-b869-4d7b-a355-a13e36c0d07f.sock
socket	0	1784596897	2026-07-20T21:21:37-0400	tmp/seon-host-fake-writer-40b4697c-8b4d-4916-b71a-b09e11856f18.sock
socket	0	1784807868	2026-07-23T07:57:48-0400	tmp/seon-host-fake-writer-4145c342-e92a-482e-89a0-61162c6e38d8.sock
socket	0	1784639634	2026-07-21T09:13:54-0400	tmp/seon-host-fake-writer-417f83cd-dc93-4685-bf3b-0258ab52a352.sock
socket	0	1784759102	2026-07-22T18:25:02-0400	tmp/seon-host-fake-writer-41c6bba7-cc74-46e3-b134-e26a88f76f16.sock
socket	0	1784690804	2026-07-21T23:26:44-0400	tmp/seon-host-fake-writer-41d7261e-371a-4774-ab14-162f0a99860e.sock
socket	0	1784604563	2026-07-20T23:29:23-0400	tmp/seon-host-fake-writer-41e76bf8-0a00-459b-a207-fdcfacf22dae.sock
socket	0	1784594691	2026-07-20T20:44:51-0400	tmp/seon-host-fake-writer-42330048-236a-4271-a45b-61ff6f33fddc.sock
socket	0	1784646084	2026-07-21T11:01:24-0400	tmp/seon-host-fake-writer-42ba1a1c-e4c3-4023-8a69-97cf6022527e.sock
socket	0	1784818413	2026-07-23T10:53:33-0400	tmp/seon-host-fake-writer-42c6bbca-94fd-47c3-bea3-36e821a5b6d0.sock
socket	0	1784805507	2026-07-23T07:18:27-0400	tmp/seon-host-fake-writer-42ca3e46-f91d-4198-804f-05ce3e7de75d.sock
socket	0	1784594234	2026-07-20T20:37:14-0400	tmp/seon-host-fake-writer-446631ba-23a8-42c3-b5d6-45b4b276320b.sock
socket	0	1784790476	2026-07-23T03:07:56-0400	tmp/seon-host-fake-writer-45254592-a659-474f-9cc7-51acef9858cb.sock
socket	0	1784858098	2026-07-23T21:54:58-0400	tmp/seon-host-fake-writer-460e17dc-4a26-4ae2-8c6c-3454e5b13d69.sock
socket	0	1784593969	2026-07-20T20:32:49-0400	tmp/seon-host-fake-writer-46308676-c7e8-4f37-b552-617359d5cce3.sock
socket	0	1784694596	2026-07-22T00:29:56-0400	tmp/seon-host-fake-writer-464df34e-7f6f-4f6a-92ac-b22238a82827.sock
socket	0	1784752264	2026-07-22T16:31:04-0400	tmp/seon-host-fake-writer-467fc6b9-8ec5-4184-8856-664193c8fd9e.sock
socket	0	1784805157	2026-07-23T07:12:37-0400	tmp/seon-host-fake-writer-46f65642-6176-4432-97fe-a79fb8bbb154.sock
socket	0	1784802317	2026-07-23T06:25:17-0400	tmp/seon-host-fake-writer-47b07eef-435a-43e5-8e6e-d84a746144b3.sock
socket	0	1784649522	2026-07-21T11:58:42-0400	tmp/seon-host-fake-writer-480c5233-251c-41e5-a069-b18b8d093d47.sock
socket	0	1784688152	2026-07-21T22:42:32-0400	tmp/seon-host-fake-writer-4833bb23-92f7-4854-a064-26905a152b7b.sock
socket	0	1784604105	2026-07-20T23:21:45-0400	tmp/seon-host-fake-writer-48e7962d-74c6-4d3d-ab5c-ab8405e8ad3c.sock
socket	0	1784644467	2026-07-21T10:34:27-0400	tmp/seon-host-fake-writer-495030cc-62bb-4155-8948-b0b9d7cc2c54.sock
socket	0	1784723589	2026-07-22T08:33:09-0400	tmp/seon-host-fake-writer-49cd68b3-8abd-4fd0-9c42-bd389961fda3.sock
socket	0	1784690649	2026-07-21T23:24:09-0400	tmp/seon-host-fake-writer-4a6402f7-e16f-432a-9815-668918e6fe92.sock
socket	0	1784602176	2026-07-20T22:49:36-0400	tmp/seon-host-fake-writer-4a6c3225-d727-4afd-8d3b-ceadf148d97b.sock
socket	0	1784744389	2026-07-22T14:19:49-0400	tmp/seon-host-fake-writer-4aa556f2-8381-4f9d-ab20-768cea4d9622.sock
socket	0	1784676074	2026-07-21T19:21:14-0400	tmp/seon-host-fake-writer-4b4cb2f3-2d2b-4121-b1a0-a2ff1237a53f.sock
socket	0	1784584851	2026-07-20T18:00:51-0400	tmp/seon-host-fake-writer-4b54b5bc-31a9-49d4-b331-5fd23fde78c1.sock
socket	0	1784591458	2026-07-20T19:50:58-0400	tmp/seon-host-fake-writer-4b765d8d-012d-4283-9cb5-10e5ea4462a6.sock
socket	0	1784722510	2026-07-22T08:15:10-0400	tmp/seon-host-fake-writer-4ba1f158-8b08-4e73-98cb-57c72674dfe4.sock
socket	0	1784594216	2026-07-20T20:36:56-0400	tmp/seon-host-fake-writer-4bbd64a1-9323-4787-b83f-2b7e2d45822e.sock
socket	0	1784814382	2026-07-23T09:46:22-0400	tmp/seon-host-fake-writer-4c0cc125-5864-489f-aca3-84fb43d69bec.sock
socket	0	1784671611	2026-07-21T18:06:51-0400	tmp/seon-host-fake-writer-4c83a151-8b5f-4643-82d5-8a06e515d8a5.sock
socket	0	1784593626	2026-07-20T20:27:06-0400	tmp/seon-host-fake-writer-4de2cc70-5840-4b37-adfd-8cef58cf5e66.sock
socket	0	1784810437	2026-07-23T08:40:37-0400	tmp/seon-host-fake-writer-4f016385-3d08-4d0e-b717-8bff8e41ef95.sock
socket	0	1784669717	2026-07-21T17:35:17-0400	tmp/seon-host-fake-writer-4f754ac5-830f-4396-a0c5-18c239af5ff7.sock
socket	0	1784863915	2026-07-23T23:31:55-0400	tmp/seon-host-fake-writer-4fa152a4-e50a-46aa-93fc-f5266424c1c9.sock
socket	0	1784758964	2026-07-22T18:22:44-0400	tmp/seon-host-fake-writer-50c834a2-e90e-4827-b1a2-43b26262fb84.sock
socket	0	1784602406	2026-07-20T22:53:26-0400	tmp/seon-host-fake-writer-514720a8-f6c4-44a6-8fc3-b91ad9c0bf26.sock
socket	0	1784801766	2026-07-23T06:16:06-0400	tmp/seon-host-fake-writer-51d96f36-f670-4662-9930-e8ca84382b7d.sock
socket	0	1784604030	2026-07-20T23:20:30-0400	tmp/seon-host-fake-writer-51fc85d5-f8ee-43b8-bc62-aaf23c19dc12.sock
socket	0	1784689271	2026-07-21T23:01:11-0400	tmp/seon-host-fake-writer-521a24a1-8290-4a4d-9390-513c996f60f9.sock
socket	0	1784594539	2026-07-20T20:42:19-0400	tmp/seon-host-fake-writer-5248c504-bc8c-4b7e-85aa-a23a2181a7d4.sock
socket	0	1784643444	2026-07-21T10:17:24-0400	tmp/seon-host-fake-writer-52773f94-4594-4eab-b728-c6b4d587943c.sock
socket	0	1784601437	2026-07-20T22:37:17-0400	tmp/seon-host-fake-writer-530908f1-f355-4895-8a38-7a6049474f78.sock
socket	0	1784690717	2026-07-21T23:25:17-0400	tmp/seon-host-fake-writer-53ad9cd7-21a2-48df-b438-4b489f77d3a3.sock
socket	0	1784596869	2026-07-20T21:21:09-0400	tmp/seon-host-fake-writer-53c54648-eb43-4a81-8e0d-61b8b9a31619.sock
socket	0	1784816898	2026-07-23T10:28:18-0400	tmp/seon-host-fake-writer-5421729e-54a9-41cb-8ed1-05365e48aad6.sock
socket	0	1784793020	2026-07-23T03:50:20-0400	tmp/seon-host-fake-writer-55113c68-4c76-4c0e-b7d1-a9990133d873.sock
socket	0	1784613003	2026-07-21T01:50:03-0400	tmp/seon-host-fake-writer-5566dbf9-9c8b-458a-9fa1-9be436192468.sock
socket	0	1784800942	2026-07-23T06:02:22-0400	tmp/seon-host-fake-writer-5599b69c-aeef-4db5-9f1c-4ec70ffc9874.sock
socket	0	1784643332	2026-07-21T10:15:32-0400	tmp/seon-host-fake-writer-56bb86c4-3dd7-4665-adb1-381f2f94ef94.sock
socket	0	1784672757	2026-07-21T18:25:57-0400	tmp/seon-host-fake-writer-5818cec0-2e48-42fa-b2b8-671c1b1b302d.sock
socket	0	1784723664	2026-07-22T08:34:24-0400	tmp/seon-host-fake-writer-5824d00c-44a2-4a18-ae96-e26cb736fd7e.sock
socket	0	1784602099	2026-07-20T22:48:19-0400	tmp/seon-host-fake-writer-59ab7ab5-c84c-4439-be3f-5c587e8a62a8.sock
socket	0	1784648439	2026-07-21T11:40:39-0400	tmp/seon-host-fake-writer-5a1e5acf-90e2-4a5a-ba89-99c1380497c7.sock
socket	0	1784826851	2026-07-23T13:14:11-0400	tmp/seon-host-fake-writer-5a2d918c-994c-41b4-a268-df66501a1eea.sock
socket	0	1784826647	2026-07-23T13:10:47-0400	tmp/seon-host-fake-writer-5a764c0a-345e-43c4-94a8-c03fcff81e48.sock
socket	0	1784692612	2026-07-21T23:56:52-0400	tmp/seon-host-fake-writer-5b28d30f-79a2-4335-aa55-1357803d6afd.sock
socket	0	1784606816	2026-07-21T00:06:56-0400	tmp/seon-host-fake-writer-5bbe7acf-c76c-47fa-9551-4a4b19e531e5.sock
socket	0	1784587952	2026-07-20T18:52:32-0400	tmp/seon-host-fake-writer-5beddd6b-3d65-423f-8122-d3a0ab1eb2c5.sock
socket	0	1784604858	2026-07-20T23:34:18-0400	tmp/seon-host-fake-writer-5c6e67f0-86a4-4c71-b3f7-85a4ddd3c937.sock
socket	0	1784692234	2026-07-21T23:50:34-0400	tmp/seon-host-fake-writer-5ca3ca1d-c9c0-42d2-a508-784f47f1313f.sock
socket	0	1784589096	2026-07-20T19:11:36-0400	tmp/seon-host-fake-writer-5d3783cd-1696-45a7-b30e-691b41cf8034.sock
socket	0	1784690594	2026-07-21T23:23:14-0400	tmp/seon-host-fake-writer-5d3f24ce-39d6-4e32-aab7-009649725492.sock
socket	0	1784863661	2026-07-23T23:27:41-0400	tmp/seon-host-fake-writer-5d692412-f17b-46f0-9d6a-1bbc8531fa1b.sock
socket	0	1784812228	2026-07-23T09:10:28-0400	tmp/seon-host-fake-writer-5dd94316-f729-4e74-92ef-7a1b8fbf3b1c.sock
socket	0	1784864123	2026-07-23T23:35:23-0400	tmp/seon-host-fake-writer-5e7bf2a4-32e0-4efd-83d2-d6bb35c61e80.sock
socket	0	1784812271	2026-07-23T09:11:11-0400	tmp/seon-host-fake-writer-5e7e6b8a-3be5-476e-8ae1-675aed90af39.sock
socket	0	1784688038	2026-07-21T22:40:38-0400	tmp/seon-host-fake-writer-5e918156-dd99-4720-8de2-ed24a672a95a.sock
socket	0	1784674277	2026-07-21T18:51:17-0400	tmp/seon-host-fake-writer-6090be45-2f87-4443-a98c-d6f472313a67.sock
socket	0	1784677361	2026-07-21T19:42:41-0400	tmp/seon-host-fake-writer-60ac5ea6-843b-401c-84c4-a25e074940a6.sock
socket	0	1784645818	2026-07-21T10:56:58-0400	tmp/seon-host-fake-writer-617d2ef3-73fb-4ac4-b6cd-f0f9699c24a1.sock
socket	0	1784858183	2026-07-23T21:56:23-0400	tmp/seon-host-fake-writer-61e585a3-c5cb-4cdd-9849-05966ba5e4ad.sock
socket	0	1784585277	2026-07-20T18:07:57-0400	tmp/seon-host-fake-writer-64770f76-bed4-4795-b3f2-eead8fb4f58e.sock
socket	0	1784604608	2026-07-20T23:30:08-0400	tmp/seon-host-fake-writer-6605b758-0006-41c6-af77-243e48061b93.sock
socket	0	1784752577	2026-07-22T16:36:17-0400	tmp/seon-host-fake-writer-664c7900-3a0f-4297-866f-503beb3f9065.sock
socket	0	1784689423	2026-07-21T23:03:43-0400	tmp/seon-host-fake-writer-67abb72f-b610-44d4-a71d-04166750a282.sock
socket	0	1784835691	2026-07-23T15:41:31-0400	tmp/seon-host-fake-writer-68702170-948d-48d4-8e50-c0040c7148e4.sock
socket	0	1784826454	2026-07-23T13:07:34-0400	tmp/seon-host-fake-writer-6a0ed273-0871-4ea8-8e2e-6815d48f5403.sock
socket	0	1784688227	2026-07-21T22:43:47-0400	tmp/seon-host-fake-writer-6ad6355b-d0c9-47b8-8f90-7fe868e687ca.sock
socket	0	1784593663	2026-07-20T20:27:43-0400	tmp/seon-host-fake-writer-6b65726d-bee5-4779-900f-6988dc135c42.sock
socket	0	1784691246	2026-07-21T23:34:06-0400	tmp/seon-host-fake-writer-6b8248c5-7502-40ee-a769-96900d642212.sock
socket	0	1784591459	2026-07-20T19:50:59-0400	tmp/seon-host-fake-writer-6c374ff5-1f40-460b-9728-0e5bbe254482.sock
socket	0	1784588957	2026-07-20T19:09:17-0400	tmp/seon-host-fake-writer-6e69e40f-aab9-47b0-b391-336470378e13.sock
socket	0	1784817299	2026-07-23T10:34:59-0400	tmp/seon-host-fake-writer-6f589706-a40b-4355-bbb6-e0dc8011a89c.sock
socket	0	1784766728	2026-07-22T20:32:08-0400	tmp/seon-host-fake-writer-6fdace63-7b18-4101-b033-be33b769b275.sock
socket	0	1784604582	2026-07-20T23:29:42-0400	tmp/seon-host-fake-writer-702264ee-acf8-4660-8695-4699b65cac58.sock
socket	0	1784603221	2026-07-20T23:07:01-0400	tmp/seon-host-fake-writer-7089b0cf-3487-4117-bfaa-6774ccd4c48b.sock
socket	0	1784689626	2026-07-21T23:07:06-0400	tmp/seon-host-fake-writer-70ba3aec-9010-4184-84bd-706f2d92fd9c.sock
socket	0	1784766661	2026-07-22T20:31:01-0400	tmp/seon-host-fake-writer-711079f0-d4f5-44b1-bcb4-f483a38879b6.sock
socket	0	1784761761	2026-07-22T19:09:21-0400	tmp/seon-host-fake-writer-711328fe-557b-485d-b998-3cff142b791a.sock
socket	0	1784640523	2026-07-21T09:28:43-0400	tmp/seon-host-fake-writer-718d0044-cf4b-4e93-a410-9df26d0231a5.sock
socket	0	1784645622	2026-07-21T10:53:42-0400	tmp/seon-host-fake-writer-719d06fe-8ece-49f1-a88e-1d26cc906fa0.sock
socket	0	1784838463	2026-07-23T16:27:43-0400	tmp/seon-host-fake-writer-71e828a9-4656-4d10-9a17-ce94eb78c123.sock
socket	0	1784722971	2026-07-22T08:22:51-0400	tmp/seon-host-fake-writer-724af95b-9394-4dfe-9578-4f7d9673a272.sock
socket	0	1784761614	2026-07-22T19:06:54-0400	tmp/seon-host-fake-writer-724dd90e-66ed-4482-b8e8-18ceaa5b75a7.sock
socket	0	1784751969	2026-07-22T16:26:09-0400	tmp/seon-host-fake-writer-7353441c-c26e-4f69-9937-e0586b6eb62b.sock
socket	0	1784669704	2026-07-21T17:35:04-0400	tmp/seon-host-fake-writer-74ed1164-eecc-4615-b881-556a7b8dc055.sock
socket	0	1784766486	2026-07-22T20:28:06-0400	tmp/seon-host-fake-writer-7532c788-6554-43a1-915c-1dfea3b6150b.sock
socket	0	1784585065	2026-07-20T18:04:25-0400	tmp/seon-host-fake-writer-7584ebd4-95b5-4dbd-a7b5-108d168e529c.sock
socket	0	1784640357	2026-07-21T09:25:57-0400	tmp/seon-host-fake-writer-759e3fb2-bc01-41b0-ac72-f2fc0d7472bd.sock
socket	0	1784752018	2026-07-22T16:26:58-0400	tmp/seon-host-fake-writer-766f8e05-7c80-4ec3-9afa-2b86c1f0783a.sock
socket	0	1784765772	2026-07-22T20:16:12-0400	tmp/seon-host-fake-writer-766fe1e6-e843-4b74-ac64-65497b71f90c.sock
socket	0	1784801877	2026-07-23T06:17:57-0400	tmp/seon-host-fake-writer-778aa92a-5324-4fac-b261-1928ebe2e87b.sock
socket	0	1784825969	2026-07-23T12:59:29-0400	tmp/seon-host-fake-writer-78ff7857-2bdb-48c0-a341-2974ec98dd3f.sock
socket	0	1784597047	2026-07-20T21:24:07-0400	tmp/seon-host-fake-writer-7927f2d0-73d3-47ae-957f-bee4eab11cda.sock
socket	0	1784825490	2026-07-23T12:51:30-0400	tmp/seon-host-fake-writer-7998741a-82cd-4e6e-853a-85bf3abbade7.sock
socket	0	1784586502	2026-07-20T18:28:22-0400	tmp/seon-host-fake-writer-79d5001b-41a8-41d3-9afe-6830ff32d9f1.sock
socket	0	1784690962	2026-07-21T23:29:22-0400	tmp/seon-host-fake-writer-79d8cd89-ce0f-4dfa-99a2-573dbb827183.sock
socket	0	1784610717	2026-07-21T01:11:57-0400	tmp/seon-host-fake-writer-79fed67c-28a6-4217-aa79-6299468fcdd9.sock
socket	0	1784584708	2026-07-20T17:58:28-0400	tmp/seon-host-fake-writer-7a083ab5-5e81-4aa1-b159-286d0f5bb839.sock
socket	0	1784764054	2026-07-22T19:47:34-0400	tmp/seon-host-fake-writer-7a6dc235-6352-40ca-a1c1-da4a1c8c9f0b.sock
socket	0	1784645625	2026-07-21T10:53:45-0400	tmp/seon-host-fake-writer-7a852742-332a-479f-8db9-dbdc9c4d0afb.sock
socket	0	1784593693	2026-07-20T20:28:13-0400	tmp/seon-host-fake-writer-7ae52908-d566-4097-801a-408c88076f18.sock
socket	0	1784591419	2026-07-20T19:50:19-0400	tmp/seon-host-fake-writer-7bd956eb-5ca7-4a57-a045-3e344a6d65b2.sock
socket	0	1784674458	2026-07-21T18:54:18-0400	tmp/seon-host-fake-writer-7d09db31-5e48-474e-ad23-5639cea4d0e8.sock
socket	0	1784763100	2026-07-22T19:31:40-0400	tmp/seon-host-fake-writer-7e026e80-d7be-4b03-bf44-07091c7d745d.sock
socket	0	1784801993	2026-07-23T06:19:53-0400	tmp/seon-host-fake-writer-7e163ed6-1654-47cd-be67-fc509321a53e.sock
socket	0	1784799375	2026-07-23T05:36:15-0400	tmp/seon-host-fake-writer-7e4b36a2-f92d-44cf-81cf-c43dc8114fdb.sock
socket	0	1784752029	2026-07-22T16:27:09-0400	tmp/seon-host-fake-writer-7e677e87-d6fb-4dd8-afaa-30a285455413.sock
socket	0	1784692870	2026-07-22T00:01:10-0400	tmp/seon-host-fake-writer-7e7b8aa5-663e-4246-8977-1af0216d116b.sock
socket	0	1784694432	2026-07-22T00:27:12-0400	tmp/seon-host-fake-writer-7e8a0fef-ee47-47ca-a4ec-5cd1a5f3b1d6.sock
socket	0	1784586837	2026-07-20T18:33:57-0400	tmp/seon-host-fake-writer-804c1a0d-ed57-4d91-82c7-c7863f3e1592.sock
socket	0	1784612673	2026-07-21T01:44:33-0400	tmp/seon-host-fake-writer-8073d931-128d-4e07-9d89-1b0bec41b635.sock
socket	0	1784747892	2026-07-22T15:18:12-0400	tmp/seon-host-fake-writer-80756dac-1023-47b0-ba70-975b195d01fe.sock
socket	0	1784690329	2026-07-21T23:18:49-0400	tmp/seon-host-fake-writer-80e65d1b-da08-4bb4-9c29-d40ef85fc6d5.sock
socket	0	1784645479	2026-07-21T10:51:19-0400	tmp/seon-host-fake-writer-80e6c501-7b80-4a92-9772-5ab66db944af.sock
socket	0	1784762352	2026-07-22T19:19:12-0400	tmp/seon-host-fake-writer-80ed1e00-9afe-463f-8958-d9e5bda7d33e.sock
socket	0	1784606599	2026-07-21T00:03:19-0400	tmp/seon-host-fake-writer-81a31d76-f92c-4015-a561-32d2b455185d.sock
socket	0	1784753419	2026-07-22T16:50:19-0400	tmp/seon-host-fake-writer-81b41632-db3f-48d8-9f9f-c57dea845bd0.sock
socket	0	1784638837	2026-07-21T09:00:37-0400	tmp/seon-host-fake-writer-822ca4d4-e4c6-4b3b-97aa-1a81d94c589f.sock
socket	0	1784644191	2026-07-21T10:29:51-0400	tmp/seon-host-fake-writer-824ff18c-727a-4bd6-a174-657b5acc9879.sock
socket	0	1784602906	2026-07-20T23:01:46-0400	tmp/seon-host-fake-writer-832278b1-f2fd-4b51-a708-922abe2b4f63.sock
socket	0	1784669524	2026-07-21T17:32:04-0400	tmp/seon-host-fake-writer-846aea1d-0428-483b-b45d-73c0413bc682.sock
socket	0	1784591251	2026-07-20T19:47:31-0400	tmp/seon-host-fake-writer-84bdcc27-2c7f-47ed-a5f1-7d136b610aec.sock
socket	0	1784584890	2026-07-20T18:01:30-0400	tmp/seon-host-fake-writer-874339d7-99dd-4199-8860-d8d364c73921.sock
socket	0	1784728046	2026-07-22T09:47:26-0400	tmp/seon-host-fake-writer-885c5b9e-f275-409d-a5d4-42303da5c843.sock
socket	0	1784820627	2026-07-23T11:30:27-0400	tmp/seon-host-fake-writer-88650a38-81d0-413d-8863-d2b0e2f14f49.sock
socket	0	1784586430	2026-07-20T18:27:10-0400	tmp/seon-host-fake-writer-888a5366-23bf-4b02-8d78-a03de3246252.sock
socket	0	1784588139	2026-07-20T18:55:39-0400	tmp/seon-host-fake-writer-894e5210-df66-43ec-81b0-bf69b15d9739.sock
socket	0	1784729612	2026-07-22T10:13:32-0400	tmp/seon-host-fake-writer-89508755-a9fc-46f9-8b12-40f6f7afdf5a.sock
socket	0	1784687931	2026-07-21T22:38:51-0400	tmp/seon-host-fake-writer-89bafa4b-2c75-4733-a322-4c94860ce554.sock
socket	0	1784723725	2026-07-22T08:35:25-0400	tmp/seon-host-fake-writer-89fad8b9-971e-4bfa-ab78-e3028def2e53.sock
socket	0	1784590900	2026-07-20T19:41:40-0400	tmp/seon-host-fake-writer-8b239003-2aaf-4aa5-a03c-551d09eea604.sock
socket	0	1784591472	2026-07-20T19:51:12-0400	tmp/seon-host-fake-writer-8b6e28f0-0907-4ab8-b4b8-3c22de33e0c6.sock
socket	0	1784640448	2026-07-21T09:27:28-0400	tmp/seon-host-fake-writer-8b8c2f2f-68a2-4d8f-9137-27524d29aa45.sock
socket	0	1784725366	2026-07-22T09:02:46-0400	tmp/seon-host-fake-writer-8c328201-9f41-4f18-8177-426090424b55.sock
socket	0	1784597532	2026-07-20T21:32:12-0400	tmp/seon-host-fake-writer-8d8bbd74-fb22-416e-9931-6d3ba752733b.sock
socket	0	1784586484	2026-07-20T18:28:04-0400	tmp/seon-host-fake-writer-8df8bdbf-79d1-45be-90ad-ae25edebcf7d.sock
socket	0	1784646072	2026-07-21T11:01:12-0400	tmp/seon-host-fake-writer-8e1c3bd6-ef02-4c6c-92ba-47fe99ef892d.sock
socket	0	1784584688	2026-07-20T17:58:08-0400	tmp/seon-host-fake-writer-8f0baa2a-a239-428b-9261-74228826ec2b.sock
socket	0	1784585431	2026-07-20T18:10:31-0400	tmp/seon-host-fake-writer-8f7b5454-224b-44c3-aa9b-8e2efac44398.sock
socket	0	1784591394	2026-07-20T19:49:54-0400	tmp/seon-host-fake-writer-903f33ac-c14a-4480-a6d6-7a267fb2f156.sock
socket	0	1784807833	2026-07-23T07:57:13-0400	tmp/seon-host-fake-writer-909b9ae6-b67c-4c79-b1f4-200442b6bcab.sock
socket	0	1784761665	2026-07-22T19:07:45-0400	tmp/seon-host-fake-writer-90b358f6-bc54-4986-a31f-389dedc9494d.sock
socket	0	1784761782	2026-07-22T19:09:42-0400	tmp/seon-host-fake-writer-910e725a-8ccb-4026-b030-f60d2e9ffe50.sock
socket	0	1784595247	2026-07-20T20:54:07-0400	tmp/seon-host-fake-writer-91934b2e-f9cd-43e5-a6a7-d21429e482b7.sock
socket	0	1784639118	2026-07-21T09:05:18-0400	tmp/seon-host-fake-writer-91bc9fbb-208e-4fc3-ae17-01e919516f7c.sock
socket	0	1784649387	2026-07-21T11:56:27-0400	tmp/seon-host-fake-writer-922f8cf6-b7cf-47bb-96fe-f6f6e015fe8e.sock
socket	0	1784730590	2026-07-22T10:29:50-0400	tmp/seon-host-fake-writer-9325cbd1-c8c1-4be6-9bb0-438e6942b2cb.sock
socket	0	1784593767	2026-07-20T20:29:27-0400	tmp/seon-host-fake-writer-933c8bd4-c5c9-449e-8de4-5be2b9ed02ba.sock
socket	0	1784669581	2026-07-21T17:33:01-0400	tmp/seon-host-fake-writer-95074d31-3de6-4c52-88a4-1e75525a9b97.sock
socket	0	1784596689	2026-07-20T21:18:09-0400	tmp/seon-host-fake-writer-950f973d-e8dc-4320-b7ed-468560589bb7.sock
socket	0	1784639633	2026-07-21T09:13:53-0400	tmp/seon-host-fake-writer-981885dc-e1e7-4922-8770-2893eadd1c65.sock
socket	0	1784603622	2026-07-20T23:13:42-0400	tmp/seon-host-fake-writer-995b409d-d092-455f-96a3-09b45dcec9cf.sock
socket	0	1784690205	2026-07-21T23:16:45-0400	tmp/seon-host-fake-writer-9aba7cf4-e5b0-4938-bd79-28730cd01973.sock
socket	0	1784643083	2026-07-21T10:11:23-0400	tmp/seon-host-fake-writer-9ac7a6ca-a59e-424b-956a-e1c179763cd1.sock
socket	0	1784602154	2026-07-20T22:49:14-0400	tmp/seon-host-fake-writer-9acb20ec-e274-4893-ab23-bfba6067fd5a.sock
socket	0	1784687009	2026-07-21T22:23:29-0400	tmp/seon-host-fake-writer-9b042272-77de-4957-84f2-f6ffef3c0857.sock
socket	0	1784816199	2026-07-23T10:16:39-0400	tmp/seon-host-fake-writer-9b6d3e1d-a542-47da-a0d4-adcb55225971.sock
socket	0	1784593830	2026-07-20T20:30:30-0400	tmp/seon-host-fake-writer-9c67f57e-c690-4bcb-82cf-9aea987a71f7.sock
socket	0	1784792949	2026-07-23T03:49:09-0400	tmp/seon-host-fake-writer-9d017390-845d-4842-85d1-871492615a2a.sock
socket	0	1784646037	2026-07-21T11:00:37-0400	tmp/seon-host-fake-writer-9e0939a2-c8d5-4e75-aeb2-675b46b56e4c.sock
socket	0	1784823789	2026-07-23T12:23:09-0400	tmp/seon-host-fake-writer-9ef0669d-bb62-4a9d-a181-9a0979a734fd.sock
socket	0	1784602100	2026-07-20T22:48:20-0400	tmp/seon-host-fake-writer-9fb0b872-18ae-4c34-9567-8426fa429ce9.sock
socket	0	1784601197	2026-07-20T22:33:17-0400	tmp/seon-host-fake-writer-9fde5c52-1db3-4f8a-a53f-939e81d5e8f5.sock
socket	0	1784845475	2026-07-23T18:24:35-0400	tmp/seon-host-fake-writer-a051c50b-e60f-4d0e-ac93-1d29b0d30861.sock
socket	0	1784765848	2026-07-22T20:17:28-0400	tmp/seon-host-fake-writer-a1f020a4-04b4-42e8-992f-97335fc647c3.sock
socket	0	1784644386	2026-07-21T10:33:06-0400	tmp/seon-host-fake-writer-a2507633-7fe2-4266-b69d-697267864c0e.sock
socket	0	1784810755	2026-07-23T08:45:55-0400	tmp/seon-host-fake-writer-a2666659-4685-4742-9c02-0fcee6aa5b65.sock
socket	0	1784616300	2026-07-21T02:45:00-0400	tmp/seon-host-fake-writer-a3c7dab0-bb4c-4146-a70e-4c95e5ed3b02.sock
socket	0	1784766976	2026-07-22T20:36:16-0400	tmp/seon-host-fake-writer-a531e75d-3dfd-40f8-9fd3-6f7dc780105a.sock
socket	0	1784586457	2026-07-20T18:27:37-0400	tmp/seon-host-fake-writer-a61132ab-34c0-4b6a-9b4c-4a937ee4ab7b.sock
socket	0	1784605609	2026-07-20T23:46:49-0400	tmp/seon-host-fake-writer-a6177b70-378f-4c3e-b93d-99f0d7b67c95.sock
socket	0	1784601795	2026-07-20T22:43:15-0400	tmp/seon-host-fake-writer-a6c6544b-de69-4dcd-8d01-87a776318a9f.sock
socket	0	1784807425	2026-07-23T07:50:25-0400	tmp/seon-host-fake-writer-a7c6cbf1-83d9-47e7-ae92-b32b103f9dc9.sock
socket	0	1784639220	2026-07-21T09:07:00-0400	tmp/seon-host-fake-writer-a82dfaa6-4862-4eb5-82e9-1bbb682c7e57.sock
socket	0	1784823310	2026-07-23T12:15:10-0400	tmp/seon-host-fake-writer-a842c4d3-d834-4a61-9a77-fd6adb6391b3.sock
socket	0	1784820281	2026-07-23T11:24:41-0400	tmp/seon-host-fake-writer-a875df8f-397c-4f58-92d3-4d17b4841d33.sock
socket	0	1784644242	2026-07-21T10:30:42-0400	tmp/seon-host-fake-writer-a8c30d51-ee2b-4f8e-a88e-38b03f20e540.sock
socket	0	1784755694	2026-07-22T17:28:14-0400	tmp/seon-host-fake-writer-a90c607a-fd0c-49a0-b87e-368d966704e1.sock
socket	0	1784610390	2026-07-21T01:06:30-0400	tmp/seon-host-fake-writer-a9432afc-bd1f-489b-8949-c1526c1437de.sock
socket	0	1784604054	2026-07-20T23:20:54-0400	tmp/seon-host-fake-writer-a94c1b0e-dd20-4ebd-8278-4682bdae1a0a.sock
socket	0	1784604100	2026-07-20T23:21:40-0400	tmp/seon-host-fake-writer-a9b8fa43-b013-4dc9-be8d-45225f07b571.sock
socket	0	1784690045	2026-07-21T23:14:05-0400	tmp/seon-host-fake-writer-aa506485-b9ee-4d2c-8100-2cf8ad873ae9.sock
socket	0	1784596284	2026-07-20T21:11:24-0400	tmp/seon-host-fake-writer-aa640121-c11a-4c6c-881a-dc3a17f3c429.sock
socket	0	1784805989	2026-07-23T07:26:29-0400	tmp/seon-host-fake-writer-aa6d7429-8103-4be1-af1e-4ed0290097c8.sock
socket	0	1784647092	2026-07-21T11:18:12-0400	tmp/seon-host-fake-writer-aa707a18-8bf0-4b41-8f2b-3424816f3332.sock
socket	0	1784806815	2026-07-23T07:40:15-0400	tmp/seon-host-fake-writer-aa9d1b8c-5c55-4f0d-a8cc-dafa1a96db37.sock
socket	0	1784753433	2026-07-22T16:50:33-0400	tmp/seon-host-fake-writer-aba5e406-e5d5-45f3-ac91-c3e5e6ec2c74.sock
socket	0	1784760473	2026-07-22T18:47:53-0400	tmp/seon-host-fake-writer-ac9733a4-c44e-4766-85eb-ac6ea941ea7d.sock
socket	0	1784669781	2026-07-21T17:36:21-0400	tmp/seon-host-fake-writer-acbb0f08-4449-4650-8419-d8f6e3fd2338.sock
socket	0	1784687096	2026-07-21T22:24:56-0400	tmp/seon-host-fake-writer-ad7464d3-04d3-485c-b07e-d5205a972a2c.sock
socket	0	1784590871	2026-07-20T19:41:11-0400	tmp/seon-host-fake-writer-ad856694-8aff-4d78-bcef-56554271fa68.sock
socket	0	1784809368	2026-07-23T08:22:48-0400	tmp/seon-host-fake-writer-aef9969c-e071-4e8a-a068-8bea5f31a193.sock
socket	0	1784720612	2026-07-22T07:43:32-0400	tmp/seon-host-fake-writer-af390822-2ea9-4ec0-aaf1-5e3cedb39061.sock
socket	0	1784601952	2026-07-20T22:45:52-0400	tmp/seon-host-fake-writer-af677c12-dd1d-46e7-be4f-e1ec61147184.sock
socket	0	1784748251	2026-07-22T15:24:11-0400	tmp/seon-host-fake-writer-af87c063-b159-4b79-85dc-614565630517.sock
socket	0	1784596154	2026-07-20T21:09:14-0400	tmp/seon-host-fake-writer-b0dbbf32-88f3-4c0d-8b42-197457856097.sock
socket	0	1784692556	2026-07-21T23:55:56-0400	tmp/seon-host-fake-writer-b0f84718-e0b3-4d71-8486-980fc9a5f344.sock
socket	0	1784744796	2026-07-22T14:26:36-0400	tmp/seon-host-fake-writer-b1189eef-28e5-4276-ab92-a016207a8620.sock
socket	0	1784821831	2026-07-23T11:50:31-0400	tmp/seon-host-fake-writer-b1362c07-4146-4341-95a2-cd21a89afd66.sock
socket	0	1784600782	2026-07-20T22:26:22-0400	tmp/seon-host-fake-writer-b3ad3924-688b-4546-bd54-6974336da637.sock
socket	0	1784690639	2026-07-21T23:23:59-0400	tmp/seon-host-fake-writer-b4bb872c-f2f4-4e34-a1b6-e579774d523a.sock
socket	0	1784775265	2026-07-22T22:54:25-0400	tmp/seon-host-fake-writer-b534ab81-6497-49f1-bbc1-e4a5acdb2e90.sock
socket	0	1784645069	2026-07-21T10:44:29-0400	tmp/seon-host-fake-writer-b643160d-b978-4431-b289-ea8aefb2449f.sock
socket	0	1784692829	2026-07-22T00:00:29-0400	tmp/seon-host-fake-writer-b7ae089c-fcd4-4f97-a287-942de0c99f93.sock
socket	0	1784833141	2026-07-23T14:59:01-0400	tmp/seon-host-fake-writer-b7da8f86-ba83-4ec9-aa6f-d26fb077f047.sock
socket	0	1784602559	2026-07-20T22:55:59-0400	tmp/seon-host-fake-writer-b9324497-34c1-4896-b14c-fcac99584fc6.sock
socket	0	1784821064	2026-07-23T11:37:44-0400	tmp/seon-host-fake-writer-b9fc662b-2ce1-4472-a07e-b33ef8d037e6.sock
socket	0	1784639783	2026-07-21T09:16:23-0400	tmp/seon-host-fake-writer-baaf5d6f-a4fd-45a9-ac91-c617835f78c4.sock
socket	0	1784594096	2026-07-20T20:34:56-0400	tmp/seon-host-fake-writer-bba73bdf-0e05-4ec2-9462-542801f173ad.sock
socket	0	1784836091	2026-07-23T15:48:11-0400	tmp/seon-host-fake-writer-bbda45ee-5eb6-428d-9f1c-681d8ea66ff7.sock
socket	0	1784586415	2026-07-20T18:26:55-0400	tmp/seon-host-fake-writer-bbf07bfc-d49e-42d1-93c0-13ee527f16d9.sock
socket	0	1784601008	2026-07-20T22:30:08-0400	tmp/seon-host-fake-writer-bc1f8a31-27a0-4ece-ba29-9b9da68a0812.sock
socket	0	1784791684	2026-07-23T03:28:04-0400	tmp/seon-host-fake-writer-bc7adadb-e9df-4caa-b21c-b30293aebda9.sock
socket	0	1784595594	2026-07-20T20:59:54-0400	tmp/seon-host-fake-writer-bcd0510f-3c15-462d-b33a-e144112b45b3.sock
socket	0	1784585087	2026-07-20T18:04:47-0400	tmp/seon-host-fake-writer-bf0cae16-2308-4062-8fee-b88092b4b80b.sock
socket	0	1784642746	2026-07-21T10:05:46-0400	tmp/seon-host-fake-writer-bf18de52-8ac4-4d4c-aa24-602409cd96b7.sock
socket	0	1784691201	2026-07-21T23:33:21-0400	tmp/seon-host-fake-writer-bf3b7c6b-c887-4b39-b88b-63cc94319031.sock
socket	0	1784688963	2026-07-21T22:56:03-0400	tmp/seon-host-fake-writer-bf99cc30-5c2e-46df-b74c-c44b01c76b96.sock
socket	0	1784835887	2026-07-23T15:44:47-0400	tmp/seon-host-fake-writer-c19ddb8a-55ac-4f7f-bfeb-69a7c3f9bcc0.sock
socket	0	1784761491	2026-07-22T19:04:51-0400	tmp/seon-host-fake-writer-c1c11a65-3fed-4402-afe5-77d92be777ec.sock
socket	0	1784837487	2026-07-23T16:11:27-0400	tmp/seon-host-fake-writer-c1ca17eb-9a25-4122-9f2e-9a0050042524.sock
socket	0	1784722298	2026-07-22T08:11:38-0400	tmp/seon-host-fake-writer-c1d0a428-f152-43a1-8bd3-78948f3c1dfa.sock
socket	0	1784688158	2026-07-21T22:42:38-0400	tmp/seon-host-fake-writer-c2c736a5-e971-46e6-a47b-2812dfa89121.sock
socket	0	1784588527	2026-07-20T19:02:07-0400	tmp/seon-host-fake-writer-c2f8488f-6215-44ee-90d1-ad234a32876c.sock
socket	0	1784597072	2026-07-20T21:24:32-0400	tmp/seon-host-fake-writer-c351289c-affa-4803-b793-7b37b368444b.sock
socket	0	1784817646	2026-07-23T10:40:46-0400	tmp/seon-host-fake-writer-c3f5e3e9-f3c2-43b3-8bc1-6bfba05c2eab.sock
socket	0	1784602221	2026-07-20T22:50:21-0400	tmp/seon-host-fake-writer-c410e94e-1caa-49c9-9aba-95cbc56f0616.sock
socket	0	1784587674	2026-07-20T18:47:54-0400	tmp/seon-host-fake-writer-c430315c-d9ce-4741-b936-a651deddfafc.sock
socket	0	1784686910	2026-07-21T22:21:50-0400	tmp/seon-host-fake-writer-c433f1b5-dd37-4846-a96c-a94e80cd419e.sock
socket	0	1784593263	2026-07-20T20:21:03-0400	tmp/seon-host-fake-writer-c468cfb0-f3ea-4783-83b0-656b1ff82913.sock
socket	0	1784690155	2026-07-21T23:15:55-0400	tmp/seon-host-fake-writer-c6226d46-e6b6-4439-b078-2364b404a1cf.sock
socket	0	1784812598	2026-07-23T09:16:38-0400	tmp/seon-host-fake-writer-c6cec560-7354-4c53-b5b8-b928364366c9.sock
socket	0	1784800174	2026-07-23T05:49:34-0400	tmp/seon-host-fake-writer-c7e8e39a-e7a3-4735-9cf4-ff2009913942.sock
socket	0	1784601419	2026-07-20T22:36:59-0400	tmp/seon-host-fake-writer-c7f59005-88bc-412d-8080-084648125fc9.sock
socket	0	1784584869	2026-07-20T18:01:09-0400	tmp/seon-host-fake-writer-c825666d-e6d3-4dbb-9701-6afebc89015e.sock
socket	0	1784640983	2026-07-21T09:36:23-0400	tmp/seon-host-fake-writer-c9015411-972a-4bf0-9f1a-768818bd5d88.sock
socket	0	1784588950	2026-07-20T19:09:10-0400	tmp/seon-host-fake-writer-c902bbb3-3121-485e-a0e0-9194b98eb834.sock
socket	0	1784601577	2026-07-20T22:39:37-0400	tmp/seon-host-fake-writer-c97914f8-3c1d-444a-ae25-e237f264d347.sock
socket	0	1784838528	2026-07-23T16:28:48-0400	tmp/seon-host-fake-writer-ca1a7f2a-ec89-48cd-bb0e-6bccc4d57604.sock
socket	0	1784596171	2026-07-20T21:09:31-0400	tmp/seon-host-fake-writer-cab2b067-168e-4b23-a4ad-e4221e87c521.sock
socket	0	1784590855	2026-07-20T19:40:55-0400	tmp/seon-host-fake-writer-cb6a6ff2-ffd8-480e-835c-f91993ec8408.sock
socket	0	1784801266	2026-07-23T06:07:46-0400	tmp/seon-host-fake-writer-cbcf7efe-d0f3-45a8-9788-3b1d4112a28a.sock
socket	0	1784722167	2026-07-22T08:09:27-0400	tmp/seon-host-fake-writer-cc17e93c-7fd8-4c56-82aa-ada6cc7dd737.sock
socket	0	1784644544	2026-07-21T10:35:44-0400	tmp/seon-host-fake-writer-cc26a726-832b-4745-94ea-92a5c27b1a50.sock
socket	0	1784605682	2026-07-20T23:48:02-0400	tmp/seon-host-fake-writer-cc84779a-eb05-4585-a4e9-be7ff0425515.sock
socket	0	1784816949	2026-07-23T10:29:09-0400	tmp/seon-host-fake-writer-cda75d65-c68b-4de8-9504-a126014b4ecb.sock
socket	0	1784668108	2026-07-21T17:08:28-0400	tmp/seon-host-fake-writer-ce24c5c6-8e96-4db7-9e7c-582ed556decb.sock
socket	0	1784807768	2026-07-23T07:56:08-0400	tmp/seon-host-fake-writer-ce2aa4d7-8ec0-4aae-9302-7ed6a6f2a0de.sock
socket	0	1784828145	2026-07-23T13:35:45-0400	tmp/seon-host-fake-writer-cef5bb13-3c9b-43da-aa6b-6086e954f451.sock
socket	0	1784645378	2026-07-21T10:49:38-0400	tmp/seon-host-fake-writer-cef5ce32-11d9-46b9-9c45-a2f17b0bc149.sock
socket	0	1784722630	2026-07-22T08:17:10-0400	tmp/seon-host-fake-writer-cf041c0c-6539-4c4e-b064-8881f4bfca9f.sock
socket	0	1784677410	2026-07-21T19:43:30-0400	tmp/seon-host-fake-writer-cf9dcbb0-07e4-4309-9911-ad87e25941a7.sock
socket	0	1784671358	2026-07-21T18:02:38-0400	tmp/seon-host-fake-writer-cfc2efc7-e49d-4a59-b918-5ad484a9c105.sock
socket	0	1784838348	2026-07-23T16:25:48-0400	tmp/seon-host-fake-writer-d289df03-0153-488a-8330-d33d9d9cdeb2.sock
socket	0	1784643267	2026-07-21T10:14:27-0400	tmp/seon-host-fake-writer-d2a3cc5c-40ca-4a84-b6df-c652937c6dad.sock
socket	0	1784602642	2026-07-20T22:57:22-0400	tmp/seon-host-fake-writer-d31e06b3-e6f4-46a8-9cf4-71010430b7a7.sock
socket	0	1784752010	2026-07-22T16:26:50-0400	tmp/seon-host-fake-writer-d42aff96-2095-4af6-8206-fb98b24aa347.sock
socket	0	1784602179	2026-07-20T22:49:39-0400	tmp/seon-host-fake-writer-d45a60c7-9b2c-4e4e-aa57-41caa43be8f3.sock
socket	0	1784643131	2026-07-21T10:12:11-0400	tmp/seon-host-fake-writer-d4a5c5d9-c61e-478f-b26f-3147f7637bbe.sock
socket	0	1784821364	2026-07-23T11:42:44-0400	tmp/seon-host-fake-writer-d526a67f-6fa7-4ce9-8cad-1d8c24184c60.sock
socket	0	1784642616	2026-07-21T10:03:36-0400	tmp/seon-host-fake-writer-d5d1f98b-7e1e-4ab7-8b06-07c332bd0fbb.sock
socket	0	1784687977	2026-07-21T22:39:37-0400	tmp/seon-host-fake-writer-d5f18fc7-9a55-4668-84f3-94c7f5cbbe48.sock
socket	0	1784722427	2026-07-22T08:13:47-0400	tmp/seon-host-fake-writer-d63eff4b-c442-4621-9f9f-3f6709fac5ca.sock
socket	0	1784613052	2026-07-21T01:50:52-0400	tmp/seon-host-fake-writer-d6990052-b9c2-443e-9c6d-6604f301da43.sock
socket	0	1784639138	2026-07-21T09:05:38-0400	tmp/seon-host-fake-writer-d6f0c291-2943-4941-af2a-0ffc370c9a8e.sock
socket	0	1784730784	2026-07-22T10:33:04-0400	tmp/seon-host-fake-writer-d741be81-15b4-468b-909d-6c5882d8e3de.sock
socket	0	1784690566	2026-07-21T23:22:46-0400	tmp/seon-host-fake-writer-d75006dd-db8e-4f49-9f32-2829a01b286d.sock
socket	0	1784760433	2026-07-22T18:47:13-0400	tmp/seon-host-fake-writer-d75c8fb4-172e-464d-9a1b-ba8bf8ada2ed.sock
socket	0	1784610504	2026-07-21T01:08:24-0400	tmp/seon-host-fake-writer-d76053a6-a65b-4c94-9faf-56bc0ef15520.sock
socket	0	1784730956	2026-07-22T10:35:56-0400	tmp/seon-host-fake-writer-d79e9034-a0aa-4566-b0e0-2d27dea1ba1a.sock
socket	0	1784584893	2026-07-20T18:01:33-0400	tmp/seon-host-fake-writer-d7b4b1fe-a2ed-47ac-a90d-10b4da7f86d7.sock
socket	0	1784812940	2026-07-23T09:22:20-0400	tmp/seon-host-fake-writer-d8877483-32d5-41a5-9daa-5b3c19484ad8.sock
socket	0	1784723656	2026-07-22T08:34:16-0400	tmp/seon-host-fake-writer-da0874f2-d750-401c-be31-349c69021989.sock
socket	0	1784593245	2026-07-20T20:20:45-0400	tmp/seon-host-fake-writer-da7dc435-9d4c-4057-91ad-07e6064935a5.sock
socket	0	1784646423	2026-07-21T11:07:03-0400	tmp/seon-host-fake-writer-db053319-cb20-469f-9dd6-894abeb15d35.sock
socket	0	1784603295	2026-07-20T23:08:15-0400	tmp/seon-host-fake-writer-db317281-bada-43b5-84a8-7c30aa342ee8.sock
socket	0	1784649600	2026-07-21T12:00:00-0400	tmp/seon-host-fake-writer-db7e5a91-c375-45a5-9d74-57ed14b841c6.sock
socket	0	1784694533	2026-07-22T00:28:53-0400	tmp/seon-host-fake-writer-dc0a3000-d806-44f4-aa17-4e395b003994.sock
socket	0	1784756102	2026-07-22T17:35:02-0400	tmp/seon-host-fake-writer-dc5a6480-4ebe-4af7-bd4d-6442902af16f.sock
socket	0	1784758884	2026-07-22T18:21:24-0400	tmp/seon-host-fake-writer-dcd9aec1-5239-40ac-adb2-3aa3749d9613.sock
socket	0	1784828811	2026-07-23T13:46:51-0400	tmp/seon-host-fake-writer-dd7ac0fe-9e44-46f5-bd80-aa5fba68d9f0.sock
socket	0	1784644297	2026-07-21T10:31:37-0400	tmp/seon-host-fake-writer-dd952275-2aba-4913-aadd-9b1af1ffd40f.sock
socket	0	1784604026	2026-07-20T23:20:26-0400	tmp/seon-host-fake-writer-de01f02a-4cfe-4d17-aa4b-f7434e2a26ee.sock
socket	0	1784752119	2026-07-22T16:28:39-0400	tmp/seon-host-fake-writer-dec05d98-5ce9-4204-8dc4-1ca1bf7e4794.sock
socket	0	1784801263	2026-07-23T06:07:43-0400	tmp/seon-host-fake-writer-defdf3cd-7131-4d01-b995-1e38f7991bef.sock
socket	0	1784723399	2026-07-22T08:29:59-0400	tmp/seon-host-fake-writer-df861c6f-36bb-4667-b9ce-d6c1a6bd9c9b.sock
socket	0	1784723593	2026-07-22T08:33:13-0400	tmp/seon-host-fake-writer-dfd10c8d-7fe8-4eb5-a3b0-b8c692b31d04.sock
socket	0	1784677707	2026-07-21T19:48:27-0400	tmp/seon-host-fake-writer-dff27480-f703-4ce6-96db-a4470f20d800.sock
socket	0	1784651379	2026-07-21T12:29:39-0400	tmp/seon-host-fake-writer-dff8162c-7fc5-48aa-8540-e2d88ea9427d.sock
socket	0	1784750161	2026-07-22T15:56:01-0400	tmp/seon-host-fake-writer-e09004f5-8f3f-405f-aabf-10760c470b5a.sock
socket	0	1784752590	2026-07-22T16:36:30-0400	tmp/seon-host-fake-writer-e0bb520d-4254-4649-86bf-945f04db67d2.sock
socket	0	1784766106	2026-07-22T20:21:46-0400	tmp/seon-host-fake-writer-e0c29b4b-3b27-459f-bd02-6cc649847c02.sock
socket	0	1784605092	2026-07-20T23:38:12-0400	tmp/seon-host-fake-writer-e1c82a97-2f5f-4c01-aa84-b925d6b1991e.sock
socket	0	1784805827	2026-07-23T07:23:47-0400	tmp/seon-host-fake-writer-e1d0d3c3-e092-4e97-b033-5600b9b12881.sock
socket	0	1784690756	2026-07-21T23:25:56-0400	tmp/seon-host-fake-writer-e2873136-731a-489a-a067-18588d50b971.sock
socket	0	1784604069	2026-07-20T23:21:09-0400	tmp/seon-host-fake-writer-e2dadca9-237a-4b85-9fa0-0b9f923591b0.sock
socket	0	1784588260	2026-07-20T18:57:40-0400	tmp/seon-host-fake-writer-e318fb82-3271-4e67-bd19-2b1d56ce34f2.sock
socket	0	1784807900	2026-07-23T07:58:20-0400	tmp/seon-host-fake-writer-e3bd35b1-82ab-4982-964b-a55d3aec955a.sock
socket	0	1784591266	2026-07-20T19:47:46-0400	tmp/seon-host-fake-writer-e3fe521b-8570-4365-8cfa-e03b9e91338b.sock
socket	0	1784669676	2026-07-21T17:34:36-0400	tmp/seon-host-fake-writer-e6111372-fbbe-41f5-93e6-bde2d8c5d911.sock
socket	0	1784603610	2026-07-20T23:13:30-0400	tmp/seon-host-fake-writer-e6eca52c-3726-4d85-a2b1-cf5de66b6665.sock
socket	0	1784588964	2026-07-20T19:09:24-0400	tmp/seon-host-fake-writer-e6f0df06-3044-4de1-ab30-327259031151.sock
socket	0	1784585316	2026-07-20T18:08:36-0400	tmp/seon-host-fake-writer-e78ece98-b487-426f-816a-6e7e7c6f7b89.sock
socket	0	1784584592	2026-07-20T17:56:32-0400	tmp/seon-host-fake-writer-e7bf9017-8052-448c-9190-33837961c14f.sock
socket	0	1784747340	2026-07-22T15:09:00-0400	tmp/seon-host-fake-writer-e7e86101-461b-466e-a8f8-e040a58cddfd.sock
socket	0	1784813971	2026-07-23T09:39:31-0400	tmp/seon-host-fake-writer-e7eb143a-c687-46a7-b0a4-7f5a5d47eb3a.sock
socket	0	1784596208	2026-07-20T21:10:08-0400	tmp/seon-host-fake-writer-e8d461dc-3f1f-436a-8e1e-15581cecc051.sock
socket	0	1784801627	2026-07-23T06:13:47-0400	tmp/seon-host-fake-writer-e8e12f6a-af03-4ac7-8944-a376a22d0f6b.sock
socket	0	1784759220	2026-07-22T18:27:00-0400	tmp/seon-host-fake-writer-e8f43051-130e-4638-8559-6b07f854bea3.sock
socket	0	1784671558	2026-07-21T18:05:58-0400	tmp/seon-host-fake-writer-e907089c-abf0-4b76-808b-2590128d624a.sock
socket	0	1784645940	2026-07-21T10:59:00-0400	tmp/seon-host-fake-writer-e90caf13-f5cc-4882-bf8a-c906d6584d3d.sock
socket	0	1784761221	2026-07-22T19:00:21-0400	tmp/seon-host-fake-writer-e98e4312-0de8-4649-b915-acd5af3953e1.sock
socket	0	1784746229	2026-07-22T14:50:29-0400	tmp/seon-host-fake-writer-ea45cc47-872a-4033-8ac8-8107508d733a.sock
socket	0	1784726007	2026-07-22T09:13:27-0400	tmp/seon-host-fake-writer-ea648b1d-3be9-4dc4-b0ef-d39cf917270a.sock
socket	0	1784585047	2026-07-20T18:04:07-0400	tmp/seon-host-fake-writer-ea9fc2c4-36db-4287-aa85-80c69288bb16.sock
socket	0	1784591294	2026-07-20T19:48:14-0400	tmp/seon-host-fake-writer-eb0db947-ae8c-4b9a-ac78-f62f52c66ad0.sock
socket	0	1784761519	2026-07-22T19:05:19-0400	tmp/seon-host-fake-writer-eb3c73a1-baec-4a65-8892-17057baf9aff.sock
socket	0	1784692298	2026-07-21T23:51:38-0400	tmp/seon-host-fake-writer-ed9c1e61-d54a-4bf3-a09e-9604bf09f1d4.sock
socket	0	1784669559	2026-07-21T17:32:39-0400	tmp/seon-host-fake-writer-eecaa533-6e12-4adb-bffa-640be7d3d13f.sock
socket	0	1784858191	2026-07-23T21:56:31-0400	tmp/seon-host-fake-writer-ef1bcd63-a416-4b32-86c6-96869088618a.sock
socket	0	1784591406	2026-07-20T19:50:06-0400	tmp/seon-host-fake-writer-ef995b06-bb79-423d-9676-9ece6a18022e.sock
socket	0	1784677708	2026-07-21T19:48:28-0400	tmp/seon-host-fake-writer-f07e6c06-7ba8-430e-94ac-2997a847c8bd.sock
socket	0	1784803689	2026-07-23T06:48:09-0400	tmp/seon-host-fake-writer-f0d269b5-84da-4da3-9b4b-7e32c853b810.sock
socket	0	1784722422	2026-07-22T08:13:42-0400	tmp/seon-host-fake-writer-f1614a8d-09eb-45d7-b201-c1214259297f.sock
socket	0	1784819711	2026-07-23T11:15:11-0400	tmp/seon-host-fake-writer-f16d3357-9196-4b17-85ca-e7780bbb454a.sock
socket	0	1784586403	2026-07-20T18:26:43-0400	tmp/seon-host-fake-writer-f1e8d0c5-166a-47b3-a4fa-a7d19e669487.sock
socket	0	1784723139	2026-07-22T08:25:39-0400	tmp/seon-host-fake-writer-f3ad3153-7293-4b01-a5c2-6fbcc306af71.sock
socket	0	1784588599	2026-07-20T19:03:19-0400	tmp/seon-host-fake-writer-f4514ab7-2ef9-4ca3-91d3-fb31ca255a44.sock
socket	0	1784605721	2026-07-20T23:48:41-0400	tmp/seon-host-fake-writer-f66931c8-2f35-419c-8c4e-66c0cad46c53.sock
socket	0	1784645824	2026-07-21T10:57:04-0400	tmp/seon-host-fake-writer-f675f9e0-307d-4115-9dcb-e07aa6822860.sock
socket	0	1784822025	2026-07-23T11:53:45-0400	tmp/seon-host-fake-writer-f6d7b73e-354f-47fe-8c44-5314e048f5e5.sock
socket	0	1784686981	2026-07-21T22:23:01-0400	tmp/seon-host-fake-writer-f786cf5e-a723-4e5d-9dd6-1046a27d3caf.sock
socket	0	1784801338	2026-07-23T06:08:58-0400	tmp/seon-host-fake-writer-f8734b4a-60ed-4581-b162-ec67c81466f6.sock
socket	0	1784725540	2026-07-22T09:05:40-0400	tmp/seon-host-fake-writer-f89d2be1-f51f-42e1-a06e-7fe8f399c188.sock
socket	0	1784862800	2026-07-23T23:13:20-0400	tmp/seon-host-fake-writer-f8b80dfc-47a5-4d2c-8005-64a789f3d86d.sock
socket	0	1784758788	2026-07-22T18:19:48-0400	tmp/seon-host-fake-writer-f932ff2f-5eb5-42e4-acd6-3f8c861fadc5.sock
socket	0	1784601290	2026-07-20T22:34:50-0400	tmp/seon-host-fake-writer-f935d6d6-6aee-4fb3-9d29-14ac3a5d9805.sock
socket	0	1784594730	2026-07-20T20:45:30-0400	tmp/seon-host-fake-writer-f9c2504c-4658-4199-a7c4-20873bdf31ee.sock
socket	0	1784645533	2026-07-21T10:52:13-0400	tmp/seon-host-fake-writer-fabcf45b-accc-4923-bc70-607f192f1fe7.sock
socket	0	1784668901	2026-07-21T17:21:41-0400	tmp/seon-host-fake-writer-fb642249-5a55-4ec1-a0dc-d38c3609b50c.sock
socket	0	1784690870	2026-07-21T23:27:50-0400	tmp/seon-host-fake-writer-fb6c3c76-5e31-4e8f-bce2-2dfa0a6e304e.sock
socket	0	1784836868	2026-07-23T16:01:08-0400	tmp/seon-host-fake-writer-fb94da28-1bc7-412c-91f2-c11f8cf86153.sock
socket	0	1784594841	2026-07-20T20:47:21-0400	tmp/seon-host-fake-writer-fc322915-ef31-46c6-b699-5cd9d8d5b5fa.sock
socket	0	1784808119	2026-07-23T08:01:59-0400	tmp/seon-host-fake-writer-fc7fb733-ea3a-451a-a2cd-3ac43a05b884.sock
socket	0	1784686854	2026-07-21T22:20:54-0400	tmp/seon-host-fake-writer-fcba487c-0f0e-407b-acff-985806ca35ed.sock
socket	0	1784645504	2026-07-21T10:51:44-0400	tmp/seon-host-fake-writer-fce9dd47-1278-42d6-8dd0-a5fd803417f0.sock
socket	0	1784600888	2026-07-20T22:28:08-0400	tmp/seon-host-fake-writer-fe93fb98-d0ac-4068-bceb-3e11a580bc4c.sock
socket	0	1784756967	2026-07-22T17:49:27-0400	tmp/seon-host-fake-writer-ffb08d8f-ba87-44b5-9213-30a4caff452d.sock
socket	0	1784584206	2026-07-20T17:50:06-0400	tmp/seon-host-probe-67599.sock
socket	0	1784592166	2026-07-20T20:02:46-0400	tmp/seon-host-u15b.sock
socket	0	1784817302	2026-07-23T10:35:02-0400	tmp/seon-host-wire-safe-writer-04707f4c-1265-40f4-bc1f-c543a4b929f7.sock
socket	0	1784813388	2026-07-23T09:29:48-0400	tmp/seon-host-wire-safe-writer-0af92d05-7b1e-4305-a0ea-2e6f5d86c0ce.sock
socket	0	1784822028	2026-07-23T11:53:48-0400	tmp/seon-host-wire-safe-writer-0bce5c43-0c95-41a9-a7d4-350b15926fc5.sock
socket	0	1784862803	2026-07-23T23:13:23-0400	tmp/seon-host-wire-safe-writer-0cfa7330-7c50-4255-8861-adbfb207f679.sock
socket	0	1784812942	2026-07-23T09:22:22-0400	tmp/seon-host-wire-safe-writer-138396a5-131e-49e7-a733-9691f4e33c50.sock
socket	0	1784828148	2026-07-23T13:35:48-0400	tmp/seon-host-wire-safe-writer-179a296f-64ef-4241-bbfb-f390d0d59516.sock
socket	0	1784816951	2026-07-23T10:29:11-0400	tmp/seon-host-wire-safe-writer-17c1e3e2-9919-4f82-a9e0-a1cb0c5ce7b9.sock
socket	0	1784836871	2026-07-23T16:01:11-0400	tmp/seon-host-wire-safe-writer-247cdbb6-1035-48cd-9a56-cdce1c033c7a.sock
socket	0	1784837490	2026-07-23T16:11:30-0400	tmp/seon-host-wire-safe-writer-2da10616-4d79-49a8-9f71-c30e3d6fa27d.sock
socket	0	1784826457	2026-07-23T13:07:37-0400	tmp/seon-host-wire-safe-writer-31913bcd-9b54-4808-b758-d25a4c0eb9a4.sock
socket	0	1784826854	2026-07-23T13:14:14-0400	tmp/seon-host-wire-safe-writer-4103048e-b5ed-4488-866f-b339551773e2.sock
socket	0	1784821367	2026-07-23T11:42:47-0400	tmp/seon-host-wire-safe-writer-43235b0d-5998-49fa-8908-79cb2e064fdd.sock
socket	0	1784833144	2026-07-23T14:59:04-0400	tmp/seon-host-wire-safe-writer-48d8ea11-c002-4cf0-84ea-7ef9e9786cff.sock
socket	0	1784823312	2026-07-23T12:15:12-0400	tmp/seon-host-wire-safe-writer-49f65f43-75d4-4b67-89a2-7868c7190ad8.sock
socket	0	1784864378	2026-07-23T23:39:38-0400	tmp/seon-host-wire-safe-writer-5a872637-376e-4ba0-8b3a-bec12d2186f6.sock
socket	0	1784812944	2026-07-23T09:22:24-0400	tmp/seon-host-wire-safe-writer-5faaf770-841a-479a-8026-4f65cf0fffe5.sock
socket	0	1784812921	2026-07-23T09:22:01-0400	tmp/seon-host-wire-safe-writer-60675a65-0b26-4150-9253-21985e588c73.sock
socket	0	1784826650	2026-07-23T13:10:50-0400	tmp/seon-host-wire-safe-writer-62a6d777-3cd7-4507-9e95-524e79cdfbf9.sock
socket	0	1784838350	2026-07-23T16:25:50-0400	tmp/seon-host-wire-safe-writer-68d51cc5-c5ad-4ebf-8ec9-a5cd19b5190b.sock
socket	0	1784835493	2026-07-23T15:38:13-0400	tmp/seon-host-wire-safe-writer-6a159090-ba5a-4746-8426-8c1bf3804526.sock
socket	0	1784814185	2026-07-23T09:43:05-0400	tmp/seon-host-wire-safe-writer-6a1e0300-744e-4da6-8c00-67b7bf1363b8.sock
socket	0	1784819227	2026-07-23T11:07:07-0400	tmp/seon-host-wire-safe-writer-6aedd55e-e607-4762-a590-f1702ef11c59.sock
socket	0	1784838197	2026-07-23T16:23:17-0400	tmp/seon-host-wire-safe-writer-6d059b03-294f-4bbe-ac2a-71006714033a.sock
socket	0	1784814385	2026-07-23T09:46:25-0400	tmp/seon-host-wire-safe-writer-7455560a-e551-4377-bfab-3634ebd6eefe.sock
socket	0	1784825972	2026-07-23T12:59:32-0400	tmp/seon-host-wire-safe-writer-7c767a52-ce4f-47ec-bbe7-07fcfbd27cb7.sock
socket	0	1784827704	2026-07-23T13:28:24-0400	tmp/seon-host-wire-safe-writer-81d33532-e637-449d-98fb-6efa2a6a1bf6.sock
socket	0	1784813859	2026-07-23T09:37:39-0400	tmp/seon-host-wire-safe-writer-820060c7-3a6e-4c01-b0c7-24eec4d1ddf7.sock
socket	0	1784825493	2026-07-23T12:51:33-0400	tmp/seon-host-wire-safe-writer-82a72916-1213-466e-aaef-bc945f8271ba.sock
socket	0	1784812969	2026-07-23T09:22:49-0400	tmp/seon-host-wire-safe-writer-82b289cc-9a50-4a12-8aee-b9d9c423bea8.sock
socket	0	1784816901	2026-07-23T10:28:21-0400	tmp/seon-host-wire-safe-writer-881f99b2-80cc-4414-8a2f-37fceeb9a43a.sock
socket	0	1784816203	2026-07-23T10:16:43-0400	tmp/seon-host-wire-safe-writer-88525a91-6e72-44ce-ae01-0095edc91684.sock
socket	0	1784858186	2026-07-23T21:56:26-0400	tmp/seon-host-wire-safe-writer-8b68176b-9e9e-43fd-99e5-c8ec4ee0c5a2.sock
socket	0	1784818416	2026-07-23T10:53:36-0400	tmp/seon-host-wire-safe-writer-8f45af61-6420-463a-980b-a3b9cafa5be1.sock
socket	0	1784819714	2026-07-23T11:15:14-0400	tmp/seon-host-wire-safe-writer-94da74d2-8c8e-4928-90f7-3161aa2d492f.sock
socket	0	1784823791	2026-07-23T12:23:11-0400	tmp/seon-host-wire-safe-writer-96bd80cd-7d55-4b37-9079-0ccf54c508c2.sock
socket	0	1784835694	2026-07-23T15:41:34-0400	tmp/seon-host-wire-safe-writer-a8d01f35-054f-4ac9-bbff-7b5b1d8720e5.sock
socket	0	1784863664	2026-07-23T23:27:44-0400	tmp/seon-host-wire-safe-writer-a91754bc-ff29-483f-9d86-37b813b421b0.sock
socket	0	1784864126	2026-07-23T23:35:26-0400	tmp/seon-host-wire-safe-writer-b4132ce4-6eac-4d9f-96cd-eea8a6a55675.sock
socket	0	1784819281	2026-07-23T11:08:01-0400	tmp/seon-host-wire-safe-writer-b61be98d-46ed-4821-a7b7-fcc53bf15742.sock
socket	0	1784820283	2026-07-23T11:24:43-0400	tmp/seon-host-wire-safe-writer-b7e0147c-861c-4fb2-a80c-5676bb980a1a.sock
socket	0	1784820630	2026-07-23T11:30:30-0400	tmp/seon-host-wire-safe-writer-b9abab5e-0371-42e1-8887-aad50371dd2a.sock
socket	0	1784821067	2026-07-23T11:37:47-0400	tmp/seon-host-wire-safe-writer-c298f1fa-87c5-4508-b1f6-b6fa15ed7efa.sock
socket	0	1784820233	2026-07-23T11:23:53-0400	tmp/seon-host-wire-safe-writer-c80303d8-01db-403c-8281-d71ade954e7d.sock
socket	0	1784817649	2026-07-23T10:40:49-0400	tmp/seon-host-wire-safe-writer-d795ef30-57af-4bfd-b96e-996fd2382fff.sock
socket	0	1784813975	2026-07-23T09:39:35-0400	tmp/seon-host-wire-safe-writer-dd11dd68-8695-4423-8bb5-306ac3ad7abc.sock
socket	0	1784812993	2026-07-23T09:23:13-0400	tmp/seon-host-wire-safe-writer-e122ba90-ba16-47a2-b538-f5550643367a.sock
socket	0	1784835889	2026-07-23T15:44:49-0400	tmp/seon-host-wire-safe-writer-e30ea56a-1975-49ce-b24d-cdaf91084648.sock
socket	0	1784863918	2026-07-23T23:31:58-0400	tmp/seon-host-wire-safe-writer-e93a9bb6-7af2-4572-a509-1fde135e9619.sock
socket	0	1784828814	2026-07-23T13:46:54-0400	tmp/seon-host-wire-safe-writer-ea837ba5-6f68-4534-945f-1d297bfd6bcd.sock
socket	0	1784813525	2026-07-23T09:32:05-0400	tmp/seon-host-wire-safe-writer-f5db6cec-30a8-43b9-b333-cf712d25d675.sock
socket	0	1784821834	2026-07-23T11:50:34-0400	tmp/seon-host-wire-safe-writer-f927d5a3-84d9-4611-a10c-01144bc46025.sock
socket	0	1784836094	2026-07-23T15:48:14-0400	tmp/seon-host-wire-safe-writer-f9da0443-fb4e-419c-aab2-62585e37c405.sock
socket	0	1784761550	2026-07-22T19:05:50-0400	tmp/seon-probe-8c83d4f3-8ee4-438b-aff5-9a93f982fa72.sock
socket	0	1784761479	2026-07-22T19:04:39-0400	tmp/seon-probe-de289346-99eb-4951-899c-596bd6d4e6bf.sock
socket	0	1784797929	2026-07-23T05:12:09-0400	tmp/seon-query-admission-cancel-request-54fb3b6b-525b-4363-9687-bacb381cc3fc.sock
socket	0	1784844038	2026-07-23T18:00:38-0400	tmp/seon-query-admission-cancel-request-69da431f-653e-4bf6-b1e3-9849c61c514c.sock
socket	0	1784770875	2026-07-22T21:41:15-0400	tmp/seon-query-admission-cancel-request-aef18b3a-86a2-4d12-9726-ffdc31d30bbb.sock
socket	0	1784815454	2026-07-23T10:04:14-0400	tmp/seon-session-frame-ceiling-5b7d773c-c205-44aa-88ec-5b26c5d7aea7.sock
socket	0	1784815076	2026-07-23T09:57:56-0400	tmp/seon-session-frame-ceiling-5e2b821b-fea2-4a14-b6b7-d4a6a36cba17.sock
socket	0	1784815454	2026-07-23T10:04:14-0400	tmp/seon-session-open-capacity-44a09c36-86bc-4250-aeda-3ae4e56874b6.sock
socket	0	1784815076	2026-07-23T09:57:56-0400	tmp/seon-session-open-capacity-5d412c2e-d8d1-4155-9bb8-874e5b432d87.sock
socket	0	1784815074	2026-07-23T09:57:54-0400	tmp/seon-transport-addressed-send-2d43c632-13d0-4d61-9b05-7c9f0587382b.sock
socket	0	1784815452	2026-07-23T10:04:12-0400	tmp/seon-transport-addressed-send-3f3c41bd-8a57-45d6-8e2f-c426b56c59bd.sock
socket	0	1784815454	2026-07-23T10:04:14-0400	tmp/seon-transport-authority-pressure-78b27d52-d136-4e57-9dc2-5fb58197b563.sock
socket	0	1784815076	2026-07-23T09:57:56-0400	tmp/seon-transport-authority-pressure-d961cab4-31f2-42c0-93e7-5763bd265ed7.sock
socket	0	1784815074	2026-07-23T09:57:54-0400	tmp/seon-transport-bounded-close-9614b798-d92a-4a5b-b222-677eda952985.sock
socket	0	1784815452	2026-07-23T10:04:12-0400	tmp/seon-transport-bounded-close-dcd43f03-70ca-43bb-a8e7-c09dbd98b629.sock
socket	0	1784815452	2026-07-23T10:04:12-0400	tmp/seon-transport-cleanup-capacity-20a2e262-b4ff-4342-af9f-aa9711d8773a.sock
socket	0	1784815074	2026-07-23T09:57:54-0400	tmp/seon-transport-cleanup-capacity-f26f4b15-30d5-4e5d-bac5-ee462d37505e.sock
socket	0	1784815452	2026-07-23T10:04:12-0400	tmp/seon-transport-encode-failure-0fa46e25-c0b4-484a-a942-8ece22aa9d6f.sock
socket	0	1784815074	2026-07-23T09:57:54-0400	tmp/seon-transport-encode-failure-13a761ee-9f17-46f9-84f1-74269cf2edef.sock
socket	0	1784815452	2026-07-23T10:04:12-0400	tmp/seon-transport-encoding-close-19c0d5b8-4fe0-4912-b52e-f4a3e227a4be.sock
socket	0	1784815074	2026-07-23T09:57:54-0400	tmp/seon-transport-encoding-close-81bc7a47-e33b-4718-becb-5c3be7a862fe.sock
socket	0	1784815452	2026-07-23T10:04:12-0400	tmp/seon-transport-exact-pressure-1bad0633-46de-4d01-a90f-234161b878c3.sock
socket	0	1784815074	2026-07-23T09:57:54-0400	tmp/seon-transport-exact-pressure-d4efde12-d7f8-4cef-a705-118051170a74.sock
socket	0	1784815074	2026-07-23T09:57:54-0400	tmp/seon-transport-owner-close-01c096d7-079c-48a6-b7ba-11afb8591def.sock
socket	0	1784815452	2026-07-23T10:04:12-0400	tmp/seon-transport-owner-close-3fe6ce84-8f6b-4b60-a4d8-31e6b7425c33.sock
socket	0	1784815074	2026-07-23T09:57:54-0400	tmp/seon-transport-send-during-request-18d51376-af14-49b9-8aac-0bc998964c55.sock
socket	0	1784815452	2026-07-23T10:04:12-0400	tmp/seon-transport-send-during-request-2e23f226-4f69-4a02-b710-3bc21cd41673.sock
socket	0	1784815452	2026-07-23T10:04:12-0400	tmp/seon-transport-send-parallel-7351f053-d8c3-4ac4-a2b7-0d2911ddef4e.sock
socket	0	1784815074	2026-07-23T09:57:54-0400	tmp/seon-transport-send-parallel-c02e5b78-cc11-465d-8cdd-00602cfc79db.sock
socket	0	1784815074	2026-07-23T09:57:54-0400	tmp/seon-transport-session-pressure-369878b6-b663-403b-812f-be3950610ba8.sock
socket	0	1784676180	2026-07-21T19:23:00-0400	tmp/seon-transport-session-pressure-698ac2f9-fdfd-4233-9144-57dc5ea61213.sock
socket	0	1784815452	2026-07-23T10:04:12-0400	tmp/seon-transport-session-pressure-e6dcd657-6a2a-40ae-99f9-f2a6ae254299.sock
socket	0	1784815452	2026-07-23T10:04:12-0400	tmp/seon-transport-small-fanout-2a1b4b55-973b-4072-914c-c2e84a5d8e36.sock
socket	0	1784815074	2026-07-23T09:57:54-0400	tmp/seon-transport-small-fanout-8e61b705-c7b5-40d8-b384-32e51e5d0707.sock
socket	0	1784672496	2026-07-21T18:21:36-0400	tmp/wrc-deadline-8fc9f936.sock
symlink	0	1785146850	2026-07-27T06:07:30-0400	tmp/test-cljs-latest.log
symlink	0	1785146850	2026-07-27T06:07:30-0400	tmp/test-cljs-latest.report.edn
symlink	0	1783902411	2026-07-12T20:26:51-0400	tmp/test-latest.log
test-runs/container	24800	1785885295	2026-08-04T19:14:55-0400	tmp/test-runs
test-runs/run	6200	1785885296	2026-08-04T19:14:56-0400	tmp/test-runs/run.EULmqH
test-runs/run	6200	1785885143	2026-08-04T19:12:23-0400	tmp/test-runs/run.SupVG0
test-runs/run	6200	1785885275	2026-08-04T19:14:35-0400	tmp/test-runs/run.ouoi1c
test-runs/run	6200	1785885175	2026-08-04T19:12:55-0400	tmp/test-runs/run.zYMcRU
