event	test	log_line	category	boundary_path	location	observation
FAIL	seon.schema-test/declared-reference-maps-accept-the-pull-reference-grammar	118	baseline failure: ambiguous-error candidate fixture	test/seon/schema_test.clj	schema_test.clj:387	(m/validate structural row)
FAIL	seon.schema-test/registry-generation-operation-counts	157	step-1 measurement or construction; corrected	test/seon/schema_test.clj	schema_test.clj:54	(zero? (:named-compiles (clojure.core/deref counts)))
ERROR	seon.config-test/a-refused-read-is-returned-as-the-cause-not-reported-as-missing-facts	216	foreign boundary: database/error conversion (1a)	src/seon/db.clj	instrument.clj:768	clojure.lang.ExceptionInfo: seon.db/pull refused database at []: expected must be an immutable Datahike database value, got a map. Fix: must be an immutable Datahike database value Called from seon.config (config.clj:586).
ERROR	seon.config-test/caps-refused-for-want-of-a-cluster-carry-that-refusal-as-the-cause	263	outside-step-1 observed boundary; cause unproved	src/seon/config.clj	instrument.clj:768	clojure.lang.ExceptionInfo: seon.config/result-caps refused effective at [:seon.config.agent/turn-completion-backstop-ms]: expected the required key :seon.config.agent/turn-completion-backstop-ms with an integer, got a map missing :seon.config.agent/turn-completion-backstop-ms. Fix: Supply :seon.config.agent/turn-completion-backstop-ms with an integer. Called from seon.config-test (config_test.clj:593).
FAIL	seon.config-test/cluster-scoped-config-refuses-an-omitted-cluster	302	stale retired-field expectation	test/seon/config_test.clj	config_test.clj:358	(= :seon.instrument/contract-violated (:seon.error/kind refusal))
FAIL	seon.config-test/cluster-scoped-config-refuses-an-omitted-cluster	306	stale retired-field expectation	test/seon/config_test.clj	config_test.clj:359	(= caller (:seon.instrument/contract-violated refusal))
FAIL	seon.config-test/cluster-scoped-config-refuses-an-omitted-cluster	310	stale retired-field expectation	test/seon/config_test.clj	config_test.clj:358	(= :seon.instrument/contract-violated (:seon.error/kind refusal))
FAIL	seon.config-test/cluster-scoped-config-refuses-an-omitted-cluster	314	stale retired-field expectation	test/seon/config_test.clj	config_test.clj:359	(= caller (:seon.instrument/contract-violated refusal))
FAIL	seon.config-test/cluster-scoped-config-refuses-an-omitted-cluster	318	stale retired-field expectation	test/seon/config_test.clj	config_test.clj:358	(= :seon.instrument/contract-violated (:seon.error/kind refusal))
FAIL	seon.config-test/cluster-scoped-config-refuses-an-omitted-cluster	322	stale retired-field expectation	test/seon/config_test.clj	config_test.clj:359	(= caller (:seon.instrument/contract-violated refusal))
FAIL	seon.config-test/compiler-ignores-extra-keys-and-refuses-invalid-declared-values	328	stale retired-field expectation	test/seon/config_test.clj	config_test.clj:489	(= :seon.instrument/contract-violated (:seon.error/kind data))
FAIL	seon.config-test/compiler-ignores-extra-keys-and-refuses-invalid-declared-values	333	stale retired-field expectation	test/seon/config_test.clj	config_test.clj:490	(= (quote seon.config/compile-manifest) (:seon.instrument/contract-violated data))
FAIL	seon.config-test/config-loads-the-packaged-population-in-a-fresh-jvm	340	step-1 measurement or construction; corrected	test/seon/config_test.clj	config_test.clj:136	exited?
ERROR	seon.config-test/two-clusters-on-one-jvm-have-no-config-bleed	367	outside-step-1 observed boundary; cause unproved	src/seon/config.clj	instrument.clj:768	clojure.lang.ExceptionInfo: seon.config/effective refused return value at [:seon.config.agent/turn-completion-backstop-ms]: expected the required key :seon.config.agent/turn-completion-backstop-ms with an integer, got a map missing :seon.config.agent/turn-completion-backstop-ms. Fix: Supply :seon.config.agent/turn-completion-backstop-ms with an integer. Called from seon.config-test (config_test.clj:624).
FAIL	seon.instrument-test/semantic-admission-explicitly-declares-every-error-facet	503	foreign boundary: error facet census	src/seon/sci/admit.clj;src/seon/error.clj	instrument_test.clj:1196	(= (error/facet-keys projection) (:seon.instrument/declared declared))
FAIL	seon.instrument-test/semantic-admission-explicitly-declares-every-error-facet	508	foreign boundary: error facet census	src/seon/sci/admit.clj;src/seon/error.clj	instrument_test.clj:1196	(= (error/facet-keys projection) (:seon.instrument/declared declared))
FAIL	seon.instrument-test/semantic-admission-explicitly-declares-every-error-facet	513	foreign boundary: error facet census	src/seon/sci/admit.clj;src/seon/error.clj	instrument_test.clj:1196	(= (error/facet-keys projection) (:seon.instrument/declared declared))
ERROR	seon.db-test/a-write-naming-another-clusters-branch-is-refused-naming-both	545	foreign boundary: database/error conversion (1a)	src/seon/db.clj	instrument.clj:768	clojure.lang.ExceptionInfo: seon.db/transact! refused return value at [:db-before]: expected the required key :db-before with must be an immutable Datahike database value, got a map missing :db-before. Fix: Supply :db-before with must be an immutable Datahike database value. Called from seon.db-test (db_test.clj:1757).
ERROR	seon.db-test/every-database-value-reader-answers-for-all-four-view-shapes	627	foreign boundary: database/error conversion (1a)	src/seon/db.clj	instrument.clj:768	clojure.lang.ExceptionInfo: seon.db/database-value-identity refused return value at [:db-name]: expected the required key :db-name with a keyword, got a map missing :db-name. Fix: Supply :db-name with a keyword. Called from seon.db-test (db_test.clj:905).
ERROR	seon.db-test/every-public-read-preserves-an-upstream-database-error	666	foreign boundary: database/error conversion (1a)	src/seon/db.clj	instrument.clj:768	clojure.lang.ExceptionInfo: seon.db/connection-identity refused connection at []: expected must be a Datahike connection object, live or released, got a map. Fix: must be a Datahike connection object, live or released Called from seon.db-test (db_test.clj:608).
ERROR	seon.db-test/every-public-read-preserves-an-upstream-database-error	704	foreign boundary: database/error conversion (1a)	src/seon/db.clj	instrument.clj:768	clojure.lang.ExceptionInfo: seon.db/database-value-identity refused database at []: expected must be an immutable Datahike database value, got a map. Fix: must be an immutable Datahike database value Called from seon.db-test (db_test.clj:609).
ERROR	seon.db-test/every-public-read-preserves-an-upstream-database-error	742	foreign boundary: database/error conversion (1a)	src/seon/db.clj	instrument.clj:768	clojure.lang.ExceptionInfo: seon.db/read-evidence-current? refused database at []: expected must be an immutable Datahike database value, got a map. Fix: must be an immutable Datahike database value Called from seon.db-test (db_test.clj:610).
ERROR	seon.db-test/every-public-read-preserves-an-upstream-database-error	780	foreign boundary: database/error conversion (1a)	src/seon/db.clj	instrument.clj:768	clojure.lang.ExceptionInfo: seon.db/db refused connection at []: expected must be a Datahike connection object, live or released, got a map. Fix: must be a Datahike connection object, live or released Called from seon.db-test (db_test.clj:611).
ERROR	seon.db-test/every-public-read-preserves-an-upstream-database-error	818	foreign boundary: database/error conversion (1a)	src/seon/db.clj	instrument.clj:768	clojure.lang.ExceptionInfo: seon.db/pull refused database-or-selector at []: expected must be an immutable Datahike database value, got a map. Fix: must be an immutable Datahike database value Called from seon.db-test (db_test.clj:616).
ERROR	seon.db-test/every-public-read-preserves-an-upstream-database-error	856	foreign boundary: database/error conversion (1a)	src/seon/db.clj	instrument.clj:768	clojure.lang.ExceptionInfo: seon.db/pull refused database at []: expected must be an immutable Datahike database value, got a map. Fix: must be an immutable Datahike database value Called from seon.db-test (db_test.clj:618).
ERROR	seon.db-test/every-public-read-preserves-an-upstream-database-error	894	foreign boundary: database/error conversion (1a)	src/seon/db.clj	instrument.clj:768	clojure.lang.ExceptionInfo: seon.db/pull-many refused database-or-selector at []: expected must be an immutable Datahike database value, got a map. Fix: must be an immutable Datahike database value Called from seon.db-test (db_test.clj:620).
ERROR	seon.db-test/every-public-read-preserves-an-upstream-database-error	932	foreign boundary: database/error conversion (1a)	src/seon/db.clj	instrument.clj:768	clojure.lang.ExceptionInfo: seon.db/pull-many refused database at []: expected must be an immutable Datahike database value, got a map. Fix: must be an immutable Datahike database value Called from seon.db-test (db_test.clj:623).
ERROR	seon.db-test/every-public-read-preserves-an-upstream-database-error	970	foreign boundary: database/error conversion (1a)	src/seon/db.clj	instrument.clj:768	clojure.lang.ExceptionInfo: seon.db/entity refused database at []: expected must be an immutable Datahike database value, got a map. Fix: must be an immutable Datahike database value Called from seon.db-test (db_test.clj:624).
ERROR	seon.db-test/every-public-read-preserves-an-upstream-database-error	1008	foreign boundary: database/error conversion (1a)	src/seon/db.clj	instrument.clj:768	clojure.lang.ExceptionInfo: seon.db/datoms refused database-or-index at []: expected must be an immutable Datahike database value, got a map. Fix: must be an immutable Datahike database value Called from seon.db-test (db_test.clj:625).
ERROR	seon.db-test/every-public-read-preserves-an-upstream-database-error	1046	foreign boundary: database/error conversion (1a)	src/seon/db.clj	instrument.clj:768	clojure.lang.ExceptionInfo: seon.db/commit-id refused database at []: expected must be an immutable Datahike database value, got a map. Fix: must be an immutable Datahike database value Called from seon.db-test (db_test.clj:626).
ERROR	seon.db-test/every-public-read-preserves-an-upstream-database-error	1084	foreign boundary: database/error conversion (1a)	src/seon/db.clj	instrument.clj:768	clojure.lang.ExceptionInfo: seon.db/committed-value-identity refused database at []: expected must be an immutable Datahike database value, got a map. Fix: must be an immutable Datahike database value Called from seon.db-test (db_test.clj:628).
ERROR	seon.db-test/every-public-read-preserves-an-upstream-database-error	1122	foreign boundary: database/error conversion (1a)	src/seon/db.clj	instrument.clj:768	clojure.lang.ExceptionInfo: seon.db/history refused database at []: expected must be an immutable Datahike database value, got a map. Fix: must be an immutable Datahike database value Called from seon.db-test (db_test.clj:629).
ERROR	seon.db-test/every-public-read-preserves-an-upstream-database-error	1160	foreign boundary: database/error conversion (1a)	src/seon/db.clj	instrument.clj:768	clojure.lang.ExceptionInfo: seon.db/as-of refused database at []: expected must be an immutable Datahike database value, got a map. Fix: must be an immutable Datahike database value Called from seon.db-test (db_test.clj:630).
ERROR	seon.db-test/every-public-read-preserves-an-upstream-database-error	1198	foreign boundary: database/error conversion (1a)	src/seon/db.clj	instrument.clj:768	clojure.lang.ExceptionInfo: seon.db/since refused database at []: expected must be an immutable Datahike database value, got a map. Fix: must be an immutable Datahike database value Called from seon.db-test (db_test.clj:631).
ERROR	seon.db-test/non-temporal-reads-return-one-flat-error-before-datahike	1261	foreign boundary: database/error conversion (1a)	src/seon/db.clj	instrument.clj:768	clojure.lang.ExceptionInfo: seon.db/history refused return value at []: expected must be an immutable Datahike database value, got a map. Fix: must be an immutable Datahike database value Called from seon.db-test (db_test.clj:1504).
ERROR	seon.db-test/non-unique-writer-rejections-retain-their-datahike-data	1303	foreign boundary: database/error conversion (1a)	src/seon/db.clj	instrument.clj:768	clojure.lang.ExceptionInfo: seon.db/transact-call refused return value at [:db-before]: expected the required key :db-before with must be an immutable Datahike database value, got a map missing :db-before. Fix: Supply :db-before with must be an immutable Datahike database value. Called from seon.db (db.clj:4457).
ERROR	seon.db-test/transaction-wrappers-cannot-hide-a-classified-refusal	1385	foreign boundary: database/error conversion (1a)	src/seon/db.clj	instrument.clj:768	clojure.lang.ExceptionInfo: seon.db/transact-call refused return value at [:db-before]: expected the required key :db-before with must be an immutable Datahike database value, got a map missing :db-before. Fix: Supply :db-before with must be an immutable Datahike database value. Called from seon.db (db.clj:4457).
ERROR	seon.db-test/transaction-wrappers-cannot-hide-a-classified-refusal	1423	foreign boundary: database/error conversion (1a)	src/seon/db.clj	instrument.clj:768	clojure.lang.ExceptionInfo: seon.db/transact-call refused return value at [:db-before]: expected the required key :db-before with must be an immutable Datahike database value, got a map missing :db-before. Fix: Supply :db-before with must be an immutable Datahike database value. Called from seon.db (db.clj:4457).
ERROR	seon.db-test/unique-rejection-names-the-existing-owner-as-data	1475	foreign boundary: database/error conversion (1a)	src/seon/db.clj	instrument.clj:768	clojure.lang.ExceptionInfo: seon.db/transact-call refused return value at [:db-before]: expected the required key :db-before with must be an immutable Datahike database value, got a map missing :db-before. Fix: Supply :db-before with must be an immutable Datahike database value. Called from seon.db (db.clj:4457).
ERROR	seon.fn-test/a-refused-reference-read-refuses-gate-set-derivation	1524	foreign boundary: held fn producer; fixture base corrected	src/seon/fn.clj	instrument.clj:768	clojure.lang.ExceptionInfo: seon.error/diagnostic refused observation at [:seon.error/at]: expected the required key :seon.error/at with a value satisfying should be an inst, got a map missing :seon.error/at. Fix: Supply :seon.error/at with a value satisfying should be an inst. Called from seon.fn-test (fn_test.clj:1554).
ERROR	seon.fn-test/analyze-form-refuses-an-unresolvable-namespace-reference	1569	foreign boundary: held fn producer; fixture base corrected	src/seon/fn.clj	instrument.clj:768	clojure.lang.ExceptionInfo: seon.error/diagnostic refused observation at [:seon.error/at]: expected the required key :seon.error/at with a value satisfying should be an inst, got a map missing :seon.error/at. Fix: Supply :seon.error/at with a value satisfying should be an inst. Called from seon.fn (fn.clj:971).
FAIL	my.background-test/poll-and-await-derive-terminal-presence-without-acknowledging	1740	outside-step-1 observed boundary; cause unproved	test/my/background_test.clj	background_test.clj:69	(:db-after written)
ERROR	my.background-test/poll-and-await-derive-terminal-presence-without-acknowledging	1745	outside-step-1 observed boundary; cause unproved	src/seon/background.clj	instrument.clj:768	clojure.lang.ExceptionInfo: seon.background/poll refused return value at [:seon.effect/id]: expected the required key :seon.effect/id with a string, got a map missing :seon.effect/id. Fix: Supply :seon.effect/id with a string. Called from my.background-test (background_test.clj:73).
ERROR	my.background-test/poll-and-await-derive-terminal-presence-without-acknowledging	1781	outside-step-1 observed boundary; cause unproved	src/seon/background.clj	instrument.clj:768	clojure.lang.ExceptionInfo: seon.background/poll refused return value at [:seon.effect/id]: expected the required key :seon.effect/id with a string, got a map missing :seon.effect/id. Fix: Supply :seon.effect/id with a string. Called from seon.background (background.clj:87).
FAIL	my.background-test/poll-and-await-derive-terminal-presence-without-acknowledging	1817	outside-step-1 observed boundary; cause unproved	test/my/background_test.clj	background_test.clj:81	"(= ""background-agent"" (get-in (db/pull (clojure.core/deref connection) [#:seon.effect{:notify [:seon.agent/id]}] [:seon.effect/id ""background-result""]) [:seon.effect/notify :seon.agent/id]))"
FAIL	my.edit-test/public-entries-declare-resolvable-io-capabilities	1829	outside-step-1 observed boundary; cause unproved	test/my/edit_test.clj	edit_test.clj:44	(true? (:seon.fn/private? declaration))
FAIL	my.edit-test/public-entries-declare-resolvable-io-capabilities	1834	outside-step-1 observed boundary; cause unproved	test/my/edit_test.clj	edit_test.clj:45	(string? (:seon.fn/spec declaration))
FAIL	my.edit-test/public-entries-declare-resolvable-io-capabilities	1839	outside-step-1 observed boundary; cause unproved	test/my/edit_test.clj	edit_test.clj:44	(true? (:seon.fn/private? declaration))
FAIL	my.edit-test/public-entries-declare-resolvable-io-capabilities	1844	outside-step-1 observed boundary; cause unproved	test/my/edit_test.clj	edit_test.clj:45	(string? (:seon.fn/spec declaration))
FAIL	my.edit-test/public-entries-declare-resolvable-io-capabilities	1849	outside-step-1 observed boundary; cause unproved	test/my/edit_test.clj	edit_test.clj:44	(true? (:seon.fn/private? declaration))
FAIL	my.edit-test/public-entries-declare-resolvable-io-capabilities	1854	outside-step-1 observed boundary; cause unproved	test/my/edit_test.clj	edit_test.clj:45	(string? (:seon.fn/spec declaration))
FAIL	my.fs-test/public-entries-declare-resolvable-io-capabilities	1865	outside-step-1 observed boundary; cause unproved	test/my/fs_test.clj	fs_test.clj:50	(true? (:seon.fn/private? declaration))
FAIL	my.fs-test/public-entries-declare-resolvable-io-capabilities	1870	outside-step-1 observed boundary; cause unproved	test/my/fs_test.clj	fs_test.clj:51	(string? (:seon.fn/spec declaration))
FAIL	my.fs-test/public-entries-declare-resolvable-io-capabilities	1875	outside-step-1 observed boundary; cause unproved	test/my/fs_test.clj	fs_test.clj:50	(true? (:seon.fn/private? declaration))
FAIL	my.fs-test/public-entries-declare-resolvable-io-capabilities	1880	outside-step-1 observed boundary; cause unproved	test/my/fs_test.clj	fs_test.clj:51	(string? (:seon.fn/spec declaration))
FAIL	my.fs-test/public-entries-declare-resolvable-io-capabilities	1885	outside-step-1 observed boundary; cause unproved	test/my/fs_test.clj	fs_test.clj:50	(true? (:seon.fn/private? declaration))
FAIL	my.fs-test/public-entries-declare-resolvable-io-capabilities	1890	outside-step-1 observed boundary; cause unproved	test/my/fs_test.clj	fs_test.clj:51	(string? (:seon.fn/spec declaration))
FAIL	my.fs-test/public-entries-declare-resolvable-io-capabilities	1895	outside-step-1 observed boundary; cause unproved	test/my/fs_test.clj	fs_test.clj:50	(true? (:seon.fn/private? declaration))
FAIL	my.fs-test/public-entries-declare-resolvable-io-capabilities	1900	outside-step-1 observed boundary; cause unproved	test/my/fs_test.clj	fs_test.clj:51	(string? (:seon.fn/spec declaration))
ERROR	my.message-test/a-bad-argument-is-an-error-value-never-a-throw	1913	outside-step-1 observed boundary; cause unproved	src/seon/cluster/message.clj	instrument.clj:768	clojure.lang.ExceptionInfo: seon.cluster.message/send refused return value at [:my.message/to]: expected the required key :my.message/to with a string, got a map missing :my.message/to. Fix: Supply :my.message/to with a string. Called from my.message-test (message_test.clj:143).
FAIL	my.message-test/a-contract-forbidden-argument-is-a-value-the-agent-reads	1952	stale retired-field expectation	test/my/message_test.clj	message_test.clj:194	(keyword? (:seon.error/kind value))
FAIL	my.message-test/a-contract-forbidden-argument-is-a-value-the-agent-reads	1957	stale retired-field expectation	test/my/message_test.clj	message_test.clj:194	(keyword? (:seon.error/kind value))
FAIL	my.message-test/a-contract-forbidden-argument-is-a-value-the-agent-reads	1962	stale retired-field expectation	test/my/message_test.clj	message_test.clj:194	(keyword? (:seon.error/kind value))
FAIL	my.message-test/a-contract-forbidden-argument-is-a-value-the-agent-reads	1967	stale retired-field expectation	test/my/message_test.clj	message_test.clj:194	(keyword? (:seon.error/kind value))
FAIL	my.message-test/a-contract-forbidden-argument-is-a-value-the-agent-reads	1972	stale retired-field expectation	test/my/message_test.clj	message_test.clj:194	(keyword? (:seon.error/kind value))
FAIL	my.message-test/a-contract-forbidden-argument-is-a-value-the-agent-reads	1977	stale retired-field expectation	test/my/message_test.clj	message_test.clj:194	(keyword? (:seon.error/kind value))
FAIL	my.message-test/a-contract-forbidden-argument-is-a-value-the-agent-reads	1982	stale retired-field expectation	test/my/message_test.clj	message_test.clj:194	(keyword? (:seon.error/kind value))
FAIL	my.message-test/a-contract-forbidden-argument-is-a-value-the-agent-reads	1987	stale retired-field expectation	test/my/message_test.clj	message_test.clj:194	(keyword? (:seon.error/kind value))
FAIL	my.message-test/a-contract-forbidden-argument-is-a-value-the-agent-reads	1992	stale retired-field expectation	test/my/message_test.clj	message_test.clj:194	(keyword? (:seon.error/kind value))
FAIL	my.message-test/a-contract-forbidden-argument-is-a-value-the-agent-reads	1997	stale retired-field expectation	test/my/message_test.clj	message_test.clj:194	(keyword? (:seon.error/kind value))
FAIL	my.message-test/a-contract-forbidden-argument-is-a-value-the-agent-reads	2002	stale retired-field expectation	test/my/message_test.clj	message_test.clj:194	(keyword? (:seon.error/kind value))
FAIL	my.message-test/a-contract-forbidden-argument-is-a-value-the-agent-reads	2007	stale retired-field expectation	test/my/message_test.clj	message_test.clj:194	(keyword? (:seon.error/kind value))
FAIL	my.message-test/a-contract-forbidden-argument-is-a-value-the-agent-reads	2012	stale retired-field expectation	test/my/message_test.clj	message_test.clj:194	(keyword? (:seon.error/kind value))
FAIL	my.message-test/a-contract-forbidden-argument-is-a-value-the-agent-reads	2017	stale retired-field expectation	test/my/message_test.clj	message_test.clj:194	(keyword? (:seon.error/kind value))
FAIL	my.message-test/a-contract-forbidden-argument-is-a-value-the-agent-reads	2022	stale retired-field expectation	test/my/message_test.clj	message_test.clj:194	(keyword? (:seon.error/kind value))
FAIL	my.message-test/a-contract-forbidden-argument-is-a-value-the-agent-reads	2027	stale retired-field expectation	test/my/message_test.clj	message_test.clj:194	(keyword? (:seon.error/kind value))
FAIL	my.message-test/a-contract-forbidden-argument-is-a-value-the-agent-reads	2032	stale retired-field expectation	test/my/message_test.clj	message_test.clj:194	(keyword? (:seon.error/kind value))
FAIL	my.message-test/a-contract-forbidden-argument-is-a-value-the-agent-reads	2037	stale retired-field expectation	test/my/message_test.clj	message_test.clj:194	(keyword? (:seon.error/kind value))
FAIL	my.message-test/a-contract-forbidden-argument-is-a-value-the-agent-reads	2042	stale retired-field expectation	test/my/message_test.clj	message_test.clj:194	(keyword? (:seon.error/kind value))
FAIL	my.message-test/a-contract-forbidden-argument-is-a-value-the-agent-reads	2047	stale retired-field expectation	test/my/message_test.clj	message_test.clj:194	(keyword? (:seon.error/kind value))
FAIL	my.message-test/a-contract-forbidden-argument-is-a-value-the-agent-reads	2052	stale retired-field expectation	test/my/message_test.clj	message_test.clj:194	(keyword? (:seon.error/kind value))
FAIL	my.message-test/a-contract-forbidden-argument-is-a-value-the-agent-reads	2057	stale retired-field expectation	test/my/message_test.clj	message_test.clj:194	(keyword? (:seon.error/kind value))
FAIL	my.message-test/a-contract-forbidden-argument-is-a-value-the-agent-reads	2062	stale retired-field expectation	test/my/message_test.clj	message_test.clj:194	(keyword? (:seon.error/kind value))
FAIL	my.message-test/a-contract-forbidden-argument-is-a-value-the-agent-reads	2067	stale retired-field expectation	test/my/message_test.clj	message_test.clj:194	(keyword? (:seon.error/kind value))
FAIL	my.message-test/a-contract-forbidden-argument-is-a-value-the-agent-reads	2072	stale retired-field expectation	test/my/message_test.clj	message_test.clj:194	(keyword? (:seon.error/kind value))
FAIL	my.message-test/a-contract-forbidden-argument-is-a-value-the-agent-reads	2077	stale retired-field expectation	test/my/message_test.clj	message_test.clj:194	(keyword? (:seon.error/kind value))
FAIL	my.message-test/a-contract-forbidden-argument-is-a-value-the-agent-reads	2082	stale retired-field expectation	test/my/message_test.clj	message_test.clj:194	(keyword? (:seon.error/kind value))
FAIL	my.message-test/a-contract-forbidden-argument-is-a-value-the-agent-reads	2087	stale retired-field expectation	test/my/message_test.clj	message_test.clj:194	(keyword? (:seon.error/kind value))
FAIL	my.message-test/a-contract-forbidden-argument-is-a-value-the-agent-reads	2092	stale retired-field expectation	test/my/message_test.clj	message_test.clj:194	(keyword? (:seon.error/kind value))
FAIL	my.message-test/a-contract-forbidden-argument-is-a-value-the-agent-reads	2097	stale retired-field expectation	test/my/message_test.clj	message_test.clj:194	(keyword? (:seon.error/kind value))
FAIL	my.message-test/a-contract-forbidden-argument-is-a-value-the-agent-reads	2102	stale retired-field expectation	test/my/message_test.clj	message_test.clj:194	(keyword? (:seon.error/kind value))
FAIL	my.message-test/a-contract-forbidden-argument-is-a-value-the-agent-reads	2107	stale retired-field expectation	test/my/message_test.clj	message_test.clj:194	(keyword? (:seon.error/kind value))
FAIL	my.message-test/a-contract-forbidden-argument-is-a-value-the-agent-reads	2112	stale retired-field expectation	test/my/message_test.clj	message_test.clj:194	(keyword? (:seon.error/kind value))
FAIL	my.message-test/a-contract-forbidden-argument-is-a-value-the-agent-reads	2117	stale retired-field expectation	test/my/message_test.clj	message_test.clj:194	(keyword? (:seon.error/kind value))
FAIL	my.message-test/a-contract-forbidden-argument-is-a-value-the-agent-reads	2122	stale retired-field expectation	test/my/message_test.clj	message_test.clj:194	(keyword? (:seon.error/kind value))
FAIL	my.message-test/a-contract-forbidden-argument-is-a-value-the-agent-reads	2127	stale retired-field expectation	test/my/message_test.clj	message_test.clj:194	(keyword? (:seon.error/kind value))
ERROR	my.message-test/send-preserves-routing-until-turn-settlement	2205	outside-step-1 observed boundary; cause unproved	src/seon/cluster/message.clj	instrument.clj:768	clojure.lang.ExceptionInfo: seon.cluster.message/read refused database at []: expected must be an immutable Datahike database value, got nil. Fix: must be an immutable Datahike database value Called from seon.cluster.message (message.clj:690).
ERROR	my.message-test/the-error-value-is-the-registered-one	2244	outside-step-1 observed boundary; cause unproved	src/seon/cluster/message.clj	instrument.clj:768	clojure.lang.ExceptionInfo: seon.cluster.message/send refused return value at [:my.message/to]: expected the required key :my.message/to with a string, got a map missing :my.message/to. Fix: Supply :my.message/to with a string. Called from my.message-test (message_test.clj:207).
FAIL	my.note-test/add-upserts-current-content-by-identity	2290	outside-step-1 observed boundary; cause unproved	test/my/note_test.clj	note_test.clj:18	(:db-after written)
ERROR	my.note-test/add-upserts-current-content-by-identity	2298	foreign boundary: database/error conversion (1a)	src/seon/db.clj	instrument.clj:768	clojure.lang.ExceptionInfo: seon.db/transact-call refused return value at [:db-before]: expected the required key :db-before with must be an immutable Datahike database value, got a map missing :db-before. Fix: Supply :db-before with must be an immutable Datahike database value. Called from seon.db (db.clj:4457).
ERROR	my.note-test/add-upserts-current-content-by-identity	2337	foreign boundary: database/error conversion (1a)	src/seon/db.clj	instrument.clj:768	clojure.lang.ExceptionInfo: seon.db/transact-call refused return value at [:db-before]: expected the required key :db-before with must be an immutable Datahike database value, got a map missing :db-before. Fix: Supply :db-before with must be an immutable Datahike database value. Called from seon.db (db.clj:4457).
FAIL	my.note-test/add-upserts-current-content-by-identity	2373	outside-step-1 observed boundary; cause unproved	test/my/note_test.clj	note_test.clj:41	"(= 1 (db/q (quote [:find (count ?note) . :where [?note :my.note/id ""design""]]) (clojure.core/deref connection)))"
FAIL	my.note-test/add-upserts-current-content-by-identity	2377	outside-step-1 observed boundary; cause unproved	test/my/note_test.clj	note_test.clj:45	"(= ""Prefer current facts only."" (db/q (quote [:find ?content . :where [?note :my.note/id ""design""] [?note :my.note/content ?content]]) (clojure.core/deref connection)))"
FAIL	my.note-test/add-upserts-current-content-by-identity	2381	outside-step-1 observed boundary; cause unproved	test/my/note_test.clj	note_test.clj:51	"((seon.schema/projection-validator (seon.schema/handed-projection) :my.note/note) (first (note/notes (clojure.core/deref connection) ""alice"")))"
FAIL	my.note-test/forget-retracts-current-entity-and-history-keeps-content	2388	outside-step-1 observed boundary; cause unproved	test/my/note_test.clj	note_test.clj:18	(:db-after written)
ERROR	my.note-test/forget-retracts-current-entity-and-history-keeps-content	2396	foreign boundary: database/error conversion (1a)	src/seon/db.clj	instrument.clj:768	clojure.lang.ExceptionInfo: seon.db/transact-call refused return value at [:db-before]: expected the required key :db-before with must be an immutable Datahike database value, got a map missing :db-before. Fix: Supply :db-before with must be an immutable Datahike database value. Called from seon.db (db.clj:4457).
FAIL	my.note-test/notes-is-agent-scoped-current-and-whole	2436	outside-step-1 observed boundary; cause unproved	test/my/note_test.clj	note_test.clj:18	(:db-after written)
ERROR	my.note-test/notes-is-agent-scoped-current-and-whole	2444	foreign boundary: database/error conversion (1a)	src/seon/db.clj	instrument.clj:768	clojure.lang.ExceptionInfo: seon.db/transact-call refused return value at [:db-before]: expected the required key :db-before with must be an immutable Datahike database value, got a map missing :db-before. Fix: Supply :db-before with must be an immutable Datahike database value. Called from seon.db (db.clj:4457).
FAIL	my.note-test/rebirth-renders-only-the-current-facts	2484	outside-step-1 observed boundary; cause unproved	test/my/note_test.clj	note_test.clj:18	(:db-after written)
ERROR	my.note-test/rebirth-renders-only-the-current-facts	2492	foreign boundary: database/error conversion (1a)	src/seon/db.clj	instrument.clj:768	clojure.lang.ExceptionInfo: seon.db/transact-call refused return value at [:db-before]: expected the required key :db-before with must be an immutable Datahike database value, got a map missing :db-before. Fix: Supply :db-before with must be an immutable Datahike database value. Called from seon.db (db.clj:4457).
ERROR	my.plan-test/a-refused-derivation-renders-a-typed-line-where-instructions-belong	2539	outside-step-1 observed boundary; cause unproved	src/seon/plan.clj	instrument.clj:768	clojure.lang.ExceptionInfo: seon.plan/plan refused return value at [:seon.agent/id]: expected the required key :seon.agent/id with a string, got a map missing :seon.agent/id. Fix: Supply :seon.agent/id with a string. Called from my.plan-test (plan_test.clj:90).
ERROR	my.plan-test/compact-reads-and-writes-preserve-ownership-and-dependencies	2583	foreign boundary: database/error conversion (1a)	src/seon/db.clj	instrument.clj:768	clojure.lang.ExceptionInfo: seon.db/transact-call refused return value at [:db-before]: expected the required key :db-before with must be an immutable Datahike database value, got a map missing :db-before. Fix: Supply :db-before with must be an immutable Datahike database value. Called from seon.db (db.clj:4457).
ERROR	my.plan-test/compact-reads-and-writes-preserve-ownership-and-dependencies	2620	foreign boundary: database/error conversion (1a)	src/seon/db.clj	instrument.clj:768	clojure.lang.ExceptionInfo: seon.db/transact-call refused return value at [:db-before]: expected the required key :db-before with must be an immutable Datahike database value, got a map missing :db-before. Fix: Supply :db-before with must be an immutable Datahike database value. Called from seon.db (db.clj:4457).
ERROR	my.plan-test/whole-tree-reconciliation-refuses-incoherent-documents	2686	outside-step-1 observed boundary; cause unproved	src/seon/plan.clj	instrument.clj:768	clojure.lang.ExceptionInfo: seon.plan/plan! refused return value at [:my.plan/converged?]: expected the required key :my.plan/converged? with a boolean, got a map missing :my.plan/converged?. Fix: Supply :my.plan/converged? with a boolean. Called from my.plan-test (plan_test.clj:344).
ERROR	my.plan-test/whole-tree-reconciliation-refuses-incoherent-documents	2723	outside-step-1 observed boundary; cause unproved	src/seon/plan.clj	instrument.clj:768	clojure.lang.ExceptionInfo: seon.plan/plan! refused return value at [:my.plan/converged?]: expected the required key :my.plan/converged? with a boolean, got a map missing :my.plan/converged?. Fix: Supply :my.plan/converged? with a boolean. Called from my.plan-test (plan_test.clj:354).
ERROR	my.plan-test/whole-tree-reconciliation-refuses-incoherent-documents	2760	outside-step-1 observed boundary; cause unproved	src/seon/plan.clj	instrument.clj:768	clojure.lang.ExceptionInfo: seon.plan/plan! refused return value at [:my.plan/converged?]: expected the required key :my.plan/converged? with a boolean, got a map missing :my.plan/converged?. Fix: Supply :my.plan/converged? with a boolean. Called from my.plan-test (plan_test.clj:368).
ERROR	my.plan-test/whole-tree-reconciliation-refuses-incoherent-documents	2797	outside-step-1 observed boundary; cause unproved	src/seon/plan.clj	instrument.clj:768	clojure.lang.ExceptionInfo: seon.plan/plan! refused return value at [:my.plan/converged?]: expected the required key :my.plan/converged? with a boolean, got a map missing :my.plan/converged?. Fix: Supply :my.plan/converged? with a boolean. Called from my.plan-test (plan_test.clj:376).
ERROR	my.turn-test/a-blank-completion-is-an-error-value-not-a-throw	2842	outside-step-1 observed boundary; cause unproved	src/seon/run.clj	instrument.clj:768	clojure.lang.ExceptionInfo: seon.run/complete refused return value at [:my.turn/disposition]: expected the required key :my.turn/disposition with a value satisfying should be :completed, got a map missing :my.turn/disposition. Fix: Supply :my.turn/disposition with a value satisfying should be :completed. Called from my.turn-test (turn_test.clj:38).
FAIL	my.turn-test/a-contract-forbidden-argument-is-a-value-the-agent-reads	2881	stale retired-field expectation	test/my/turn_test.clj	turn_test.clj:62	(keyword? (:seon.error/kind value))
FAIL	my.turn-test/a-contract-forbidden-argument-is-a-value-the-agent-reads	2886	stale retired-field expectation	test/my/turn_test.clj	turn_test.clj:62	(keyword? (:seon.error/kind value))
FAIL	my.turn-test/a-contract-forbidden-argument-is-a-value-the-agent-reads	2891	stale retired-field expectation	test/my/turn_test.clj	turn_test.clj:62	(keyword? (:seon.error/kind value))
FAIL	my.turn-test/a-contract-forbidden-argument-is-a-value-the-agent-reads	2896	stale retired-field expectation	test/my/turn_test.clj	turn_test.clj:62	(keyword? (:seon.error/kind value))
FAIL	my.turn-test/a-contract-forbidden-argument-is-a-value-the-agent-reads	2901	stale retired-field expectation	test/my/turn_test.clj	turn_test.clj:62	(keyword? (:seon.error/kind value))
FAIL	my.turn-test/a-contract-forbidden-argument-is-a-value-the-agent-reads	2906	stale retired-field expectation	test/my/turn_test.clj	turn_test.clj:62	(keyword? (:seon.error/kind value))
FAIL	my.turn-test/a-contract-forbidden-argument-is-a-value-the-agent-reads	2911	stale retired-field expectation	test/my/turn_test.clj	turn_test.clj:62	(keyword? (:seon.error/kind value))
FAIL	my.turn-test/a-contract-forbidden-argument-is-a-value-the-agent-reads	2916	stale retired-field expectation	test/my/turn_test.clj	turn_test.clj:62	(keyword? (:seon.error/kind value))
FAIL	my.turn-test/a-contract-forbidden-argument-is-a-value-the-agent-reads	2921	stale retired-field expectation	test/my/turn_test.clj	turn_test.clj:62	(keyword? (:seon.error/kind value))
FAIL	my.turn-test/a-contract-forbidden-argument-is-a-value-the-agent-reads	2926	stale retired-field expectation	test/my/turn_test.clj	turn_test.clj:62	(keyword? (:seon.error/kind value))
FAIL	my.turn-test/a-contract-forbidden-argument-is-a-value-the-agent-reads	2931	stale retired-field expectation	test/my/turn_test.clj	turn_test.clj:62	(keyword? (:seon.error/kind value))
FAIL	my.turn-test/a-contract-forbidden-argument-is-a-value-the-agent-reads	2936	stale retired-field expectation	test/my/turn_test.clj	turn_test.clj:62	(keyword? (:seon.error/kind value))
ERROR	seon.ai-test/a-foreign-document-either-yields-text-or-says-why	2967	outside-step-1 observed boundary; cause unproved	src/seon/ai.clj	instrument.clj:768	clojure.lang.ExceptionInfo: seon.ai/completion-text refused return value at [:seon.ai/text]: expected the required key :seon.ai/text with a string, got a map missing :seon.ai/text. Fix: Supply :seon.ai/text with a string. Contract: :seon.ai/completion. Called from seon.ai-test (ai_test.clj:780).
ERROR	seon.ai-test/a-missing-credential-is-loud-in-the-value	3006	outside-step-1 observed boundary; cause unproved	src/seon/ai.clj	instrument.clj:768	clojure.lang.ExceptionInfo: seon.ai/complete refused return value at [:seon.ai/text]: expected the required key :seon.ai/text with a string, got a map missing :seon.ai/text. Fix: Supply :seon.ai/text with a string. Contract: :seon.ai/completion. Called from seon.ai-test (ai_test.clj:1025).
ERROR	seon.ai-test/a-missing-credential-is-terminal-even-with-a-backup	3045	outside-step-1 observed boundary; cause unproved	src/seon/ai.clj	instrument.clj:768	clojure.lang.ExceptionInfo: seon.ai/complete refused return value at [:seon.ai/text]: expected the required key :seon.ai/text with a string, got a map missing :seon.ai/text. Fix: Supply :seon.ai/text with a string. Contract: :seon.ai/completion. Called from seon.ai-test (ai_test.clj:1483).
ERROR	seon.ai-test/a-reasoning-only-response-is-a-named-evidenced-error	3094	outside-step-1 observed boundary; cause unproved	src/seon/ai.clj	instrument.clj:768	clojure.lang.ExceptionInfo: seon.ai/completion-text refused return value at [:seon.ai/text]: expected the required key :seon.ai/text with a string, got a map missing :seon.ai/text. Fix: Supply :seon.ai/text with a string. Contract: :seon.ai/completion. Called from seon.ai-test (ai_test.clj:830).
ERROR	seon.ai-test/a-truncated-stream-never-reports-output-that-never-arrived	3141	outside-step-1 observed boundary; cause unproved	src/seon/ai.clj	instrument.clj:768	clojure.lang.ExceptionInfo: seon.ai/disposition refused argument 0 (0-based) at [:seon.error/value :seon.error/at]: expected the required key :seon.error/at with a value satisfying should be an inst, got a map missing :seon.error/at. Fix: Supply :seon.error/at with a value satisfying should be an inst. Contract: :seon.ai/disposition-request. Called from seon.ai-test (ai_test.clj:1009).
ERROR	seon.ai-test/an-empty-normal-stop-is-a-reply-but-malformed-json-is-a-provider-refusal	3182	outside-step-1 observed boundary; cause unproved	src/seon/cluster/reply.clj	instrument.clj:768	clojure.lang.ExceptionInfo: seon.cluster.reply/sources refused return value at []: expected a collection member satisfying a map, got a collection member that is a vector. Fix: Supply a map at []. Called from seon.cluster.reply (reply.clj:330).
ERROR	seon.ai-test/an-empty-normal-stop-is-a-reply-but-malformed-json-is-a-provider-refusal	3218	outside-step-1 observed boundary; cause unproved	src/seon/cluster/reply.clj	instrument.clj:768	clojure.lang.ExceptionInfo: seon.cluster.reply/sources refused return value at []: expected a collection member satisfying a map, got a collection member that is a vector. Fix: Supply a map at []. Called from seon.cluster.reply (reply.clj:330).
ERROR	seon.ai-test/an-empty-normal-stop-is-a-reply-but-malformed-json-is-a-provider-refusal	3254	outside-step-1 observed boundary; cause unproved	src/seon/ai.clj	instrument.clj:768	clojure.lang.ExceptionInfo: seon.ai/stream-event refused return value at [:seon.ai/text]: expected the required key :seon.ai/text with a string, got a map missing :seon.ai/text. Fix: Supply :seon.ai/text with a string. Called from seon.ai (ai.clj:853).
ERROR	seon.ai-test/an-extra-body-conflict-refuses-before-the-http-leaf	3293	outside-step-1 observed boundary; cause unproved	src/seon/ai.clj	instrument.clj:768	clojure.lang.ExceptionInfo: seon.ai/request-body refused return value at [:seon.error/kind]: expected a string, got a keyword :seon.error/kind. Fix: Supply a string at [:seon.error/kind]. Contract: :seon.ai/request-body. Called from seon.ai (ai.clj:1479).
FAIL	seon.ai-test/every-cost-evidence-partition-has-one-derived-disposition	3344	outside-step-1 observed boundary; cause unproved	test/seon/ai_test.clj	test_support.clj:935	passed?
ERROR	seon.ai-test/explicit-credential-selection-survives-provider-resolution	3354	outside-step-1 observed boundary; cause unproved	src/seon/ai.clj	instrument.clj:768	clojure.lang.ExceptionInfo: seon.ai/complete refused return value at [:seon.ai/text]: expected the required key :seon.ai/text with a string, got a map missing :seon.ai/text. Fix: Supply :seon.ai/text with a string. Contract: :seon.ai/completion. Called from seon.ai-test (ai_test.clj:353).
ERROR	seon.ai-test/extra-body-merges-last-but-cannot-rewrite-any-builder-owned-key	3395	outside-step-1 observed boundary; cause unproved	src/seon/ai.clj	instrument.clj:768	clojure.lang.ExceptionInfo: seon.ai/request-body refused return value at [:seon.error/kind]: expected a string, got a keyword :seon.error/kind. Fix: Supply a string at [:seon.error/kind]. Contract: :seon.ai/request-body. Called from seon.ai-test (ai_test.clj:725).
ERROR	seon.ai-test/one-attempt-means-one-attempt	3442	outside-step-1 observed boundary; cause unproved	src/seon/ai.clj	instrument.clj:768	clojure.lang.ExceptionInfo: seon.ai/complete refused return value at [:seon.ai/text]: expected the required key :seon.ai/text with a string, got a map missing :seon.ai/text. Fix: Supply :seon.ai/text with a string. Contract: :seon.ai/completion. Called from seon.ai-test (ai_test.clj:1081).
ERROR	seon.ai-test/payment-required-primary-is-terminal-with-a-configured-backup	3485	outside-step-1 observed boundary; cause unproved	src/seon/ai.clj	instrument.clj:768	clojure.lang.ExceptionInfo: seon.ai/complete refused return value at [:seon.ai/text]: expected the required key :seon.ai/text with a string, got a map missing :seon.ai/text. Fix: Supply :seon.ai/text with a string. Contract: :seon.ai/completion. Called from seon.ai-test (ai_test.clj:1265).
ERROR	seon.ai-test/possibly-paid-work-never-repeats	3524	outside-step-1 observed boundary; cause unproved	src/seon/ai.clj	instrument.clj:768	clojure.lang.ExceptionInfo: seon.ai/disposition refused argument 0 (0-based) at [:seon.error/value :seon.error/at]: expected the required key :seon.error/at with a value satisfying should be an inst, got a map missing :seon.error/at. Fix: Supply :seon.error/at with a value satisfying should be an inst. Contract: :seon.ai/disposition-request. Called from seon.ai-test (ai_test.clj:1346).
ERROR	seon.ai-test/the-deadline-fires-as-an-outcome-not-a-bug-report	3576	outside-step-1 observed boundary; cause unproved	src/seon/ai.clj	instrument.clj:768	clojure.lang.ExceptionInfo: seon.ai/complete refused return value at [:seon.ai/text]: expected the required key :seon.ai/text with a string, got a map missing :seon.ai/text. Fix: Supply :seon.ai/text with a string. Contract: :seon.ai/completion. Called from seon.ai-test (ai_test.clj:1066).
ERROR	seon.ai-test/the-leaf-records-phase-from-the-jdks-own-taxonomy	3615	outside-step-1 observed boundary; cause unproved	src/seon/ai.clj	instrument.clj:768	clojure.lang.ExceptionInfo: seon.ai/complete refused return value at [:seon.ai/text]: expected the required key :seon.ai/text with a string, got a map missing :seon.ai/text. Fix: Supply :seon.ai/text with a string. Contract: :seon.ai/completion. Called from seon.ai-test (ai_test.clj:1457).
ERROR	seon.ai-test/transport-failure-is-an-ordinary-value	3664	outside-step-1 observed boundary; cause unproved	src/seon/ai.clj	instrument.clj:768	clojure.lang.ExceptionInfo: seon.ai/complete refused return value at [:seon.ai/text]: expected the required key :seon.ai/text with a string, got a map missing :seon.ai/text. Fix: Supply :seon.ai/text with a string. Contract: :seon.ai/completion. Called from seon.ai-test (ai_test.clj:1056).
ERROR	seon.blob-test/binary-content-round-trips-on-both-sides-of-the-inline-threshold	3713	outside-step-1 observed boundary; cause unproved	test/seon/blob_test.clj	test_support.clj:331	clojure.lang.ExceptionInfo: Fixture write was refused at the write: Complete component validation refused: unowned-entity; bound :seon.config.db/validation-node-limit=250000; #:seon.db{:entity 2, :entity-value #:seon.config.eval.result{:blob-threshold 4096}}.
ERROR	seon.blob-test/interrupted-staging-leaves-the-store-unchanged	3822	outside-step-1 observed boundary; cause unproved	test/seon/blob_test.clj	test_support.clj:331	clojure.lang.ExceptionInfo: Fixture write was refused at the write: Complete component validation refused: unowned-entity; bound :seon.config.db/validation-node-limit=250000; #:seon.db{:entity 2, :entity-value #:seon.config.eval.result{:blob-threshold 4096}}.
ERROR	seon.blob-test/large-binary-write-and-small-chunk-have-bounded-allocation	3863	outside-step-1 observed boundary; cause unproved	test/seon/blob_test.clj	test_support.clj:331	clojure.lang.ExceptionInfo: Fixture write was refused at the write: Complete component validation refused: unowned-entity; bound :seon.config.db/validation-node-limit=250000; #:seon.db{:entity 2, :entity-value #:seon.config.eval.result{:blob-threshold 4096}}.
ERROR	seon.bootstrap-test/every-opening-candidate-subject-is-an-entity-lookup	3919	stale fixture declaration	src/seon/db.clj	test_support.clj:331	"clojure.lang.ExceptionInfo: Fixture write was refused at the write: seon.db/transact! refused transaction data at [0 :seon.fn/sym]: expected a namespaced symbol, got a string. Fix: Supply a namespaced symbol at [0 :seon.fn/sym]. Offending row 0: {:seon.fn/sym ""my.agents.bootstrap-agent/current-items"", :seon.schema.admission/source :core, :seon.fn/ns [:seon.ns/name my.agents.bootstrap-agent], :seon.fn/source ""(defn current-items [items] items)"", :seon.fn/arglists ""([items])"", :seon.fn/private? false, :seon.fn/spec ""[:=> [:cat [:vector :int]] [:vector :int]]""}."
ERROR	seon.bootstrap-test/intent-membership-is-the-only-opening-delta-and-is-budgeted	3960	stale fixture declaration	src/seon/db.clj	test_support.clj:331	"clojure.lang.ExceptionInfo: Fixture write was refused at the write: seon.db/transact! refused transaction data at [1 :seon.fn/sym]: expected a namespaced symbol, got a string. Fix: Supply a namespaced symbol at [1 :seon.fn/sym]. Offending row 1: {:seon.fn/sym ""fixture.intent/target"", :seon.schema.admission/source :core, :seon.fn/ns [:seon.ns/name fixture.intent], :seon.fn/source ""(defn target [x] (inc x))"", :seon.fn/arglists ""([x])"", :seon.fn/private? false, :seon.fn/spec ""[:=> [:cat :int] :int]""}."
ERROR	seon.bootstrap-test/missing-or-failed-membership-is-not-a-fixed-point	3999	outside-step-1 observed boundary; cause unproved	src/seon/bootstrap.clj	instrument.clj:768	clojure.lang.ExceptionInfo: seon.bootstrap/next-entry refused return value at []: expected nil, got a map. Fix: Supply nil at []. Called from seon.bootstrap-test (bootstrap_test.clj:423).
ERROR	seon.bootstrap-test/reborn-opening-retains-authored-namespace-membership	4038	stale fixture declaration	src/seon/db.clj	test_support.clj:331	"clojure.lang.ExceptionInfo: Fixture write was refused at the write: seon.db/transact! refused transaction data at [0 :seon.fn/sym]: expected a namespaced symbol, got a string. Fix: Supply a namespaced symbol at [0 :seon.fn/sym]. Offending row 0: {:seon.fn/sym ""my.agents.bootstrap-agent/current-items"", :seon.schema.admission/source :core, :seon.fn/ns [:seon.ns/name my.agents.bootstrap-agent], :seon.fn/source ""(defn current-items [items] items)"", :seon.fn/arglists ""([items])"", :seon.fn/private? false, :seon.fn/spec ""[:=> [:cat [:vector :int]] [:vector :int]]""}."
ERROR	seon.maintenance-schema-test/empty-maintenance-memberships-retain-their-positive-observation	4183	outside-step-1 observed boundary; cause unproved	src/seon/maintenance.clj	instrument.clj:768	clojure.lang.ExceptionInfo: seon.maintenance/project-cluster-cleanup-result refused result at [:seon.operator.cluster-cleanup/collection :seon.operator.collect/store-id]: expected the required key :seon.operator.collect/store-id with a value satisfying should be a uuid, got a map missing :seon.operator.collect/store-id. Fix: Supply :seon.operator.collect/store-id with a value satisfying should be a uuid. Contract: :seon.operator.cluster-cleanup/result. Called from seon.maintenance-schema-test (maintenance_schema_test.clj:371).
FAIL	seon.maintenance-schema-test/the-cleanup-collection-slot-declares-both-arms-it-can-carry	4228	outside-step-1 observed boundary; cause unproved	test/seon/maintenance_schema_test.clj	maintenance_schema_test.clj:305	(true? ((schema/projection-validator (schema/handed-projection) component-key) value))
ERROR	seon.maintenance-test/a-refused-collection-keeps-its-typed-error-on-the-same-slot	4240	foreign boundary: database/error conversion (1a)	src/seon/db.clj	test_support.clj:331	"clojure.lang.ExceptionInfo: Fixture write was refused at the write: seon.db/transact! refused transaction data at [0 :seon.operator.cluster-cleanup/collection]: expected an installed attribute, got an undeclared attribute :seon.operator.cluster-cleanup/collection. Fix: Use a declared attribute from the entity's schema. Offending row 0: {:seon.operator.cluster-cleanup/remaining [], :seon.operator.cluster-cleanup/live-instance-stopped? true, :seon.operator.cluster-cleanup/reclaimed-bytes 8192, :seon.operator.cluster-cleanup/branch-retired? true, :seon.boot/cluster-name ""retired"", :seon.operator."
FAIL	seon.maintenance-test/cluster-cleanup-projection-keeps-result-evidence-queryable	4281	outside-step-1 observed boundary; cause unproved	test/seon/maintenance_test.clj	maintenance_test.clj:211	(true? ((schema/projection-validator (schema/handed-projection) :seon.operator.cluster-cleanup/result) public-result))
ERROR	seon.maintenance-test/cluster-cleanup-projection-keeps-result-evidence-queryable	4285	foreign boundary: database/error conversion (1a)	src/seon/db.clj	test_support.clj:331	"clojure.lang.ExceptionInfo: Fixture write was refused at the write: seon.db/transact! refused transaction data at [0 :seon.operator.cluster-cleanup/collection]: expected an installed attribute, got an undeclared attribute :seon.operator.cluster-cleanup/collection. Fix: Use a declared attribute from the entity's schema. Offending row 0: {:seon.operator.cluster-cleanup/remaining [], :seon.operator.cluster-cleanup/live-instance-stopped? true, :seon.operator.cluster-cleanup/reclaimed-bytes 8192, :seon.operator.cluster-cleanup/branch-retired? true, :seon.boot/cluster-name ""retired"", :seon.operator."
ERROR	seon.maintenance-test/last-collection-answers-when-a-root-was-collected-and-what-it-reclaimed	4326	outside-step-1 observed boundary; cause unproved	src/seon/error.clj	instrument.clj:768	clojure.lang.ExceptionInfo: seon.error/diagnostic refused observation at [:seon.error/at]: expected the required key :seon.error/at with a value satisfying should be an inst, got a map missing :seon.error/at. Fix: Supply :seon.error/at with a value satisfying should be an inst. Called from seon.maintenance (maintenance.clj:335).
ERROR	seon.maintenance-test/report-renders-no-run-green-and-latest-red-facts	4369	outside-step-1 observed boundary; cause unproved	test/seon/maintenance_test.clj	maintenance.clj:419	java.lang.ClassCastException: class clojure.lang.Symbol cannot be cast to class java.lang.String (clojure.lang.Symbol is in unnamed module of loader 'app'; java.lang.String is in module java.base of loader 'bootstrap')
ERROR	seon.maintenance-test/report-renders-no-run-green-and-latest-red-facts	4406	outside-step-1 observed boundary; cause unproved	test/seon/maintenance_test.clj	maintenance.clj:419	java.lang.ClassCastException: class clojure.lang.Symbol cannot be cast to class java.lang.String (clojure.lang.Symbol is in unnamed module of loader 'app'; java.lang.String is in module java.base of loader 'bootstrap')
FAIL	seon.maintenance-test/result-projection-is-declared-and-keeps-census-evidence-queryable	4445	outside-step-1 observed boundary; cause unproved	test/seon/maintenance_test.clj	maintenance_test.clj:58	(true? ((schema/projection-validator (schema/handed-projection) :seon.operator.process-census/result) public-result))
ERROR	seon.maintenance-test/result-projection-is-declared-and-keeps-census-evidence-queryable	4450	foreign boundary: database/error conversion (1a)	src/seon/db.clj	test_support.clj:331	"clojure.lang.ExceptionInfo: Fixture write was refused at the write: seon.db/transact! refused transaction data at [0 :seon.operator.process-census/processes]: expected an installed attribute, got an undeclared attribute :seon.operator.process-census/processes. Fix: Use a declared attribute from the entity's schema. Offending row 0: {:seon.operator.process-census/complete? false, :seon.operator.process-census/processes [{:seon.dev.process/generation #uuid ""11111111-1111-1111-1111-111111111111"", :seon.dev.process/pid 41, :seon.dev.process/start-instant ""2026-08-05T12:00:00Z"", :seon.dev.process/r"
ERROR	seon.problems-test/a-deleted-function-var-is-derived-from-the-loaded-image	4493	outside-step-1 observed boundary; cause unproved	src/seon/problems.clj	instrument.clj:768	clojure.lang.ExceptionInfo: seon.problems/problems refused return value at [:seon.problems/errored-receipts 0 :seon.cluster.eval/id]: expected a string, got a keyword :seon.db/invalid-read. Fix: Supply a string at [:seon.problems/errored-receipts 0 :seon.cluster.eval/id]. Called from seon.problems-test (problems_test.clj:269).
ERROR	seon.problems-test/a-deleted-function-var-is-derived-from-the-loaded-image	4530	outside-step-1 observed boundary; cause unproved	src/seon/problems.clj	instrument.clj:768	clojure.lang.ExceptionInfo: seon.problems/problems refused return value at [:seon.problems/errored-receipts 0 :seon.cluster.eval/id]: expected a string, got a keyword :seon.db/invalid-read. Fix: Supply a string at [:seon.problems/errored-receipts 0 :seon.cluster.eval/id]. Called from seon.problems-test (problems_test.clj:269).
ERROR	seon.problems-test/a-healthy-cluster-derives-an-empty-value	4569	outside-step-1 observed boundary; cause unproved	src/seon/problems.clj	instrument.clj:768	clojure.lang.ExceptionInfo: seon.problems/problems refused return value at [:seon.problems/errored-receipts 0 :seon.cluster.eval/id]: expected a string, got a keyword :seon.db/invalid-read. Fix: Supply a string at [:seon.problems/errored-receipts 0 :seon.cluster.eval/id]. Called from seon.problems-test (problems_test.clj:57).
ERROR	seon.problems-test/a-matching-model-registry-row-prevents-the-finding	4608	outside-step-1 observed boundary; cause unproved	src/seon/problems.clj	instrument.clj:768	clojure.lang.ExceptionInfo: seon.problems/problems refused return value at [:seon.problems/errored-receipts 0 :seon.cluster.eval/id]: expected a string, got a keyword :seon.db/invalid-read. Fix: Supply a string at [:seon.problems/errored-receipts 0 :seon.cluster.eval/id]. Called from seon.problems-test (problems_test.clj:57).
ERROR	seon.problems-test/a-matching-model-registry-row-prevents-the-finding	4644	outside-step-1 observed boundary; cause unproved	src/seon/problems.clj	instrument.clj:768	clojure.lang.ExceptionInfo: seon.problems/problems refused return value at [:seon.problems/errored-receipts 0 :seon.cluster.eval/id]: expected a string, got a keyword :seon.db/invalid-read. Fix: Supply a string at [:seon.problems/errored-receipts 0 :seon.cluster.eval/id]. Called from seon.problems-test (problems_test.clj:57).
ERROR	seon.problems-test/a-run-that-closed-with-an-error-says-why	4682	outside-step-1 observed boundary; cause unproved	src/seon/problems.clj	instrument.clj:768	clojure.lang.ExceptionInfo: seon.problems/problems refused return value at [:seon.problems/error-signatures 0 :seon.error/at]: expected the required key :seon.error/at with a value satisfying should be an inst, got a map missing :seon.error/at. Fix: Supply :seon.error/at with a value satisfying should be an inst. Called from seon.problems-test (problems_test.clj:57).
ERROR	seon.problems-test/absent-facts-produce-no-entries	4721	outside-step-1 observed boundary; cause unproved	src/seon/problems.clj	instrument.clj:768	clojure.lang.ExceptionInfo: seon.problems/problems refused return value at [:seon.problems/errored-receipts 0 :seon.cluster.eval/id]: expected a string, got a keyword :seon.db/invalid-read. Fix: Supply a string at [:seon.problems/errored-receipts 0 :seon.cluster.eval/id]. Called from seon.problems-test (problems_test.clj:57).
ERROR	seon.problems-test/an-errored-receipt-is-a-problem-without-being-a-fault	4760	stale fixture declaration	src/seon/db.clj	test_support.clj:331	"clojure.lang.ExceptionInfo: Fixture write was refused at the write: seon.db/transact! refused transaction data at [1 :seon.error/kind]: expected an installed attribute, got an undeclared attribute :seon.error/kind. Fix: Use a declared attribute from the entity's schema. Offending row 1: {:seon.cluster.eval/id ""receipt-1"", :seon.cluster.eval/run [:seon.turn/id ""run-with-receipt""], :seon.cluster.eval/ordinal 0, :seon.cluster.eval/at #inst ""2026-07-27T21:00:00.000-00:00"", :seon.error/kind :seon.sci.eval/evaluation-failed, :seon.cluster.eval/error ""Unable to resolve symbol: widgets"", :seon.cluster"
ERROR	seon.problems-test/configured-models-without-registry-rows-are-derived	4799	outside-step-1 observed boundary; cause unproved	src/seon/problems.clj	instrument.clj:768	clojure.lang.ExceptionInfo: seon.problems/problems refused return value at [:seon.problems/errored-receipts 0 :seon.cluster.eval/id]: expected a string, got a keyword :seon.db/invalid-read. Fix: Supply a string at [:seon.problems/errored-receipts 0 :seon.cluster.eval/id]. Called from seon.problems-test (problems_test.clj:57).
ERROR	seon.problems-test/errors-are-grouped-by-signature-not-listed-one-by-one	4838	outside-step-1 observed boundary; cause unproved	src/seon/problems.clj	instrument.clj:768	clojure.lang.ExceptionInfo: seon.problems/problems refused return value at [:seon.problems/error-signatures 0 :seon.error/at]: expected the required key :seon.error/at with a value satisfying should be an inst, got a map missing :seon.error/at. Fix: Supply :seon.error/at with a value satisfying should be an inst. Called from seon.problems-test (problems_test.clj:57).
ERROR	seon.problems-test/every-committed-error-fact-shape-is-projectable	4877	outside-step-1 observed boundary; cause unproved	src/seon/error.clj	instrument.clj:768	clojure.lang.ExceptionInfo: seon.error/commit-tx refused request at [:seon.error/fact :seon.error/layer]: expected the required key :seon.error/layer with a namespaced keyword, got a map missing :seon.error/layer. Fix: Supply :seon.error/layer with a namespaced keyword. Called from seon.problems-test (problems_test.clj:337).
ERROR	seon.problems-test/incomplete-error-entities-are-refused	4917	outside-step-1 observed boundary; cause unproved	src/seon/problems.clj	instrument.clj:768	clojure.lang.ExceptionInfo: seon.problems/problems refused return value at [:seon.problems/errored-receipts 0 :seon.cluster.eval/id]: expected a string, got a keyword :seon.db/invalid-read. Fix: Supply a string at [:seon.problems/errored-receipts 0 :seon.cluster.eval/id]. Called from seon.problems-test (problems_test.clj:57).
FAIL	seon.problems-test/missing-projection-is-a-refusal-not-query-rows	4959	stale retired-field expectation	test/seon/problems_test.clj	problems_test.clj:481	(= :seon.schema/missing-projection (:seon.error/kind result))
FAIL	seon.problems-test/missing-projection-is-a-refusal-not-query-rows	4963	outside-step-1 observed boundary; cause unproved	test/seon/problems_test.clj	problems_test.clj:482	(= (quote seon.problems/problems) (get-in result [:seon.error/data :seon.db/operation]))
ERROR	seon.problems-test/the-block-derives-at-the-units-own-database-value	4971	outside-step-1 observed boundary; cause unproved	src/seon/problems.clj	instrument.clj:768	clojure.lang.ExceptionInfo: seon.problems/problems refused return value at [:seon.problems/errored-receipts 0 :seon.cluster.eval/id]: expected a string, got a keyword :seon.db/invalid-read. Fix: Supply a string at [:seon.problems/errored-receipts 0 :seon.cluster.eval/id]. Called from seon.problems (problems.clj:535).
ERROR	seon.problems-test/the-block-derives-at-the-units-own-database-value	5008	outside-step-1 observed boundary; cause unproved	src/seon/problems.clj	instrument.clj:768	clojure.lang.ExceptionInfo: seon.problems/problems refused return value at [:seon.problems/error-signatures 0 :seon.error/at]: expected the required key :seon.error/at with a value satisfying should be an inst, got a map missing :seon.error/at. Fix: Supply :seon.error/at with a value satisfying should be an inst. Called from seon.problems (problems.clj:535).
ERROR	seon.problems-test/the-block-derives-at-the-units-own-database-value	5044	outside-step-1 observed boundary; cause unproved	src/seon/problems.clj	instrument.clj:768	clojure.lang.ExceptionInfo: seon.problems/problems refused return value at [:seon.problems/error-signatures 0 :seon.error/at]: expected the required key :seon.error/at with a value satisfying should be an inst, got a map missing :seon.error/at. Fix: Supply :seon.error/at with a value satisfying should be an inst. Called from seon.problems (problems.clj:535).
FAIL	seon.program-test/opening-basis-divergence-is-only-claimed-when-it-is-measurable	5114	stale retired-field expectation	test/seon/program_test.clj	program_test.clj:626	(= :seon.turn/refused (:seon.error/kind data))
FAIL	seon.program-test/opening-basis-divergence-is-only-claimed-when-it-is-measurable	5119	outside-step-1 observed boundary; cause unproved	test/seon/program_test.clj	program_test.clj:627	(= :seon.turn/run-opening-basis-unreadable (:seon.turn/rule data))
FAIL	seon.program-test/runtime-schema-declarations-project-namespaced-properties	5142	stale retired-field expectation	test/seon/program_test.clj	program_test.clj:805	(= true (:seon.error/class row))
ERROR	seon.render.data-test/index-pages-enforce-native-bounds	5166	foreign boundary: database/error conversion (1a)	src/seon/db.clj	instrument.clj:768	clojure.lang.ExceptionInfo: seon.db/index-page refused return value at [:datahike.index-page/datoms]: expected the required key :datahike.index-page/datoms with a vector, got a map missing :datahike.index-page/datoms. Fix: Supply :datahike.index-page/datoms with a vector. Called from seon.render.data-test (data_test.clj:142).
ERROR	seon.render.data-test/index-pages-enforce-native-bounds	5202	foreign boundary: database/error conversion (1a)	src/seon/db.clj	instrument.clj:768	clojure.lang.ExceptionInfo: seon.db/index-page refused return value at [:datahike.index-page/datoms]: expected the required key :datahike.index-page/datoms with a vector, got a map missing :datahike.index-page/datoms. Fix: Supply :datahike.index-page/datoms with a vector. Called from seon.render.data-test (data_test.clj:142).
ERROR	seon.render.hiccup-test/a-refused-value-serializes-to-nothing-rather-than-to-edn	5248	outside-step-1 observed boundary; cause unproved	src/seon/render/hiccup.clj	instrument.clj:768	clojure.lang.ExceptionInfo: seon.render.hiccup/shorthand refused return value at [:seon.render.hiccup/tag]: expected the required key :seon.render.hiccup/tag with a string, got a map missing :seon.render.hiccup/tag. Fix: Supply :seon.render.hiccup/tag with a string. Called from seon.render.hiccup (hiccup.clj:422).
ERROR	seon.render.hiccup-test/tag-shorthand	5309	outside-step-1 observed boundary; cause unproved	src/seon/render/hiccup.clj	instrument.clj:768	clojure.lang.ExceptionInfo: seon.render.hiccup/shorthand refused return value at [:seon.render.hiccup/tag]: expected the required key :seon.render.hiccup/tag with a string, got a map missing :seon.render.hiccup/tag. Fix: Supply :seon.render.hiccup/tag with a string. Called from seon.render.hiccup-test (hiccup_test.clj:222).
ERROR	seon.render.hiccup-test/tag-shorthand	5347	outside-step-1 observed boundary; cause unproved	src/seon/render/hiccup.clj	instrument.clj:768	clojure.lang.ExceptionInfo: seon.render.hiccup/shorthand refused return value at [:seon.render.hiccup/tag]: expected the required key :seon.render.hiccup/tag with a string, got a map missing :seon.render.hiccup/tag. Fix: Supply :seon.render.hiccup/tag with a string. Called from seon.render.hiccup-test (hiccup_test.clj:222).
ERROR	seon.render.hiccup-test/tag-shorthand	5385	outside-step-1 observed boundary; cause unproved	src/seon/render/hiccup.clj	instrument.clj:768	clojure.lang.ExceptionInfo: seon.render.hiccup/shorthand refused return value at [:seon.render.hiccup/tag]: expected the required key :seon.render.hiccup/tag with a string, got a map missing :seon.render.hiccup/tag. Fix: Supply :seon.render.hiccup/tag with a string. Called from seon.render.hiccup-test (hiccup_test.clj:222).
FAIL	seon.render.root-pull-test/compiled-root-plan-cache-hit-never-compares-the-selector	5446	outside-step-1 observed boundary; cause unproved	test/seon/render/root_pull_test.clj	root_pull_test.clj:239	(zero? (clojure.core/deref equality-visits))
FAIL	seon.render.root-pull-test/compiled-root-plan-rides-its-schema-generation-distance-and-caps	5453	outside-step-1 observed boundary; cause unproved	test/seon/render/root_pull_test.clj	root_pull_test.clj:208	(= 2 (clojure.core/deref compile-count))
ERROR	seon.render.root-pull-test/installed-identity-selects-a-stable-lookup-ref	5463	outside-step-1 observed boundary; cause unproved	test/seon/render/root_pull_test.clj	test_support.clj:331	clojure.lang.ExceptionInfo: Fixture write was refused at the write: Complete component validation refused: missing-component-schema; bound :seon.config.db/validation-node-limit=250000; #:seon.db{:attribute :seon.render.root-pull-test/component, :entity 38250}.
ERROR	seon.render.root-pull-test/root-membership-ignores-undeclared-refs-and-diffs-components	5507	outside-step-1 observed boundary; cause unproved	test/seon/render/root_pull_test.clj	test_support.clj:331	clojure.lang.ExceptionInfo: Fixture write was refused at the write: Complete component validation refused: missing-component-schema; bound :seon.config.db/validation-node-limit=250000; #:seon.db{:attribute :seon.render.root-pull-test/component, :entity 38250}.
ERROR	seon.render.root-pull-test/root-selector-is-concrete-and-declared-reverse-evidence-bearing	5547	outside-step-1 observed boundary; cause unproved	test/seon/render/root_pull_test.clj	test_support.clj:331	clojure.lang.ExceptionInfo: Fixture write was refused at the write: Complete component validation refused: missing-component-schema; bound :seon.config.db/validation-node-limit=250000; #:seon.db{:attribute :seon.render.root-pull-test/component, :entity 38250}.
FAIL	seon.render.root-pull-test/supplied-root-acquisition-is-the-only-membership-read	5586	outside-step-1 observed boundary; cause unproved	test/seon/render/root_pull_test.clj	root_pull_test.clj:381	(zero? (clojure.core/deref reads))
FAIL	seon.render.web-test/a-page-failing-every-pass-offers-one-fault-and-the-proc-survives	5609	outside-step-1 observed boundary; cause unproved	src/seon/render.clj	web_test.clj:2185	(empty? (:seon.render.web/fault-signatures recovered))
ERROR	seon.render.web-test/a-reconnect-refuses-a-pass-derived-before-it-connected	5617	outside-step-1 observed boundary; cause unproved	test/seon/render/web_test.clj	web_test.clj:359	clojure.lang.ExceptionInfo: SSE feed closed before its expected patches.
ERROR	seon.render.web-test/a-refusal-emits-no-morph-test	5633	outside-step-1 observed boundary; cause unproved	test/seon/render/web_test.clj	web_test.clj:359	clojure.lang.ExceptionInfo: SSE feed closed before its expected patches.
ERROR	seon.render.web-test/a-terminal-fact-supersedes-a-partial-after-the-lost-clear-ordering	5651	outside-step-1 observed boundary; cause unproved	test/seon/render/web_test.clj	web_test.clj:359	clojure.lang.ExceptionInfo: SSE feed closed before its expected patches.
ERROR	seon.render.web-test/a-terminal-fact-supersedes-a-partial-after-the-lost-clear-ordering	5665	outside-step-1 observed boundary; cause unproved	test/seon/render/web_test.clj	test_support.clj:813	clojure.lang.ExceptionInfo: The test future did not publish its required completion.
ERROR	seon.render.web-test/an-agent-page-is-the-same-mechanism-as-root	5709	outside-step-1 observed boundary; cause unproved	test/seon/render/web_test.clj	CompletableFuture.java:1981	java.util.concurrent.TimeoutException: 
ERROR	seon.render.web-test/coalesce-floor-one-derivation-test	5760	outside-step-1 observed boundary; cause unproved	test/seon/render/web_test.clj	web_test.clj:359	clojure.lang.ExceptionInfo: SSE feed closed before its expected patches.
FAIL	seon.render.web-test/declared-units-are-components-in-schema-order	5804	outside-step-1 observed boundary; cause unproved	test/seon/render/web_test.clj	web_test.clj:619	(= [:seon.agent/id :seon.agent/plan :seon.agent/namespace :seon.agent/settings :seon.agent/runtime :seon.message/inbound-content] (declared projection database entity))
ERROR	seon.render.web-test/each-agent-has-an-isolated-debug-route	5815	outside-step-1 observed boundary; cause unproved	test/seon/render/web_test.clj	CompletableFuture.java:1981	java.util.concurrent.TimeoutException: 
FAIL	seon.render.web-test/namespace-routes-admit-by-reader-and-existing-corpus-row	5914	outside-step-1 observed boundary; cause unproved	test/seon/render/web_test.clj	web_test.clj:471	(= 200 (.statusCode known))
FAIL	seon.render.web-test/namespace-routes-admit-by-reader-and-existing-corpus-row	5918	outside-step-1 observed boundary; cause unproved	test/seon/render/web_test.clj	web_test.clj:472	"(str/includes? (.body known) ""data-walk-path=\""[]\"""")"
FAIL	seon.render.web-test/next-turn-context-keeps-runtime-history-through-an-empty-turn-and-a-wake	6098	outside-step-1 observed boundary; cause unproved	test/seon/render/web_test.clj	web_test.clj:2309	"(= 204 (.statusCode (post-form server ""/agent/root/context"" ""action=system-turn"")))"
FAIL	seon.render.web-test/next-turn-context-keeps-runtime-history-through-an-empty-turn-and-a-wake	6102	outside-step-1 observed boundary; cause unproved	test/seon/render/web_test.clj	web_test.clj:2313	(seq opening)
FAIL	seon.render.web-test/next-turn-context-keeps-runtime-history-through-an-empty-turn-and-a-wake	6107	outside-step-1 observed boundary; cause unproved	test/seon/render/web_test.clj	web_test.clj:2314	"(= ""(help)"" (:seon.cluster.eval/source (first opening)))"
FAIL	seon.render.web-test/next-turn-context-keeps-runtime-history-through-an-empty-turn-and-a-wake	6111	outside-step-1 observed boundary; cause unproved	test/seon/render/web_test.clj	web_test.clj:2290	(seq inputs)
ERROR	seon.render.web-test/next-turn-context-keeps-runtime-history-through-an-empty-turn-and-a-wake	6115	outside-step-1 observed boundary; cause unproved	test/seon/render/web_test.clj	AFn.java:429	clojure.lang.ArityException: Wrong number of args (0) passed to: clojure.core/<=
FAIL	seon.render.web-test/next-turn-context-keeps-runtime-history-through-an-empty-turn-and-a-wake	6153	outside-step-1 observed boundary; cause unproved	test/seon/render/web_test.clj	web_test.clj:2305	(:db-after (db/transact! connection (mapv (fn [[turn agent]] [:db/retract turn :seon.turn/agent agent]) edges)))
FAIL	seon.render.web-test/next-turn-context-keeps-runtime-history-through-an-empty-turn-and-a-wake	6157	outside-step-1 observed boundary; cause unproved	test/seon/render/web_test.clj	web_test.clj:2290	(seq inputs)
ERROR	seon.render.web-test/next-turn-context-keeps-runtime-history-through-an-empty-turn-and-a-wake	6161	outside-step-1 observed boundary; cause unproved	test/seon/render/web_test.clj	AFn.java:429	clojure.lang.ArityException: Wrong number of args (0) passed to: clojure.core/<=
FAIL	seon.render.web-test/next-turn-context-keeps-runtime-history-through-an-empty-turn-and-a-wake	6370	outside-step-1 observed boundary; cause unproved	test/seon/render/web_test.clj	web_test.clj:2331	"(= 204 (.statusCode (post-form server ""/agent/root/context"" ""action=system-turn"")))"
FAIL	seon.render.web-test/next-turn-context-keeps-runtime-history-through-an-empty-turn-and-a-wake	6375	outside-step-1 observed boundary; cause unproved	test/seon/render/web_test.clj	web_test.clj:2305	(:db-after (db/transact! connection (mapv (fn [[turn agent]] [:db/retract turn :seon.turn/agent agent]) edges)))
FAIL	seon.render.web-test/next-turn-context-keeps-runtime-history-through-an-empty-turn-and-a-wake	6379	outside-step-1 observed boundary; cause unproved	test/seon/render/web_test.clj	web_test.clj:2335	(< (count opening) (count continued))
FAIL	seon.render.web-test/next-turn-context-keeps-runtime-history-through-an-empty-turn-and-a-wake	6383	outside-step-1 observed boundary; cause unproved	test/seon/render/web_test.clj	web_test.clj:2338	"(some (fn* [p1__143887#] (str/includes? (:seon.eval/shown p1__143887# """") ""Runtime history wake."")) (drop (count opening) continued))"
FAIL	seon.render.web-test/next-turn-context-keeps-runtime-history-through-an-empty-turn-and-a-wake	6387	outside-step-1 observed boundary; cause unproved	test/seon/render/web_test.clj	web_test.clj:2290	(seq inputs)
ERROR	seon.render.web-test/next-turn-context-keeps-runtime-history-through-an-empty-turn-and-a-wake	6391	outside-step-1 observed boundary; cause unproved	test/seon/render/web_test.clj	AFn.java:429	clojure.lang.ArityException: Wrong number of args (0) passed to: clojure.core/<=
ERROR	seon.render.web-test/reconnect-is-repaint	6430	outside-step-1 observed boundary; cause unproved	test/seon/render/web_test.clj	web_test.clj:359	clojure.lang.ExceptionInfo: SSE feed closed before its expected patches.
ERROR	seon.render.web-test/reconnect-is-repaint-wire-test	6446	outside-step-1 observed boundary; cause unproved	test/seon/render/web_test.clj	web_test.clj:359	clojure.lang.ExceptionInfo: SSE feed closed before its expected patches.
ERROR	seon.render.web-test/reconnect-mid-stream-is-a-fact-only-repaint	6462	outside-step-1 observed boundary; cause unproved	test/seon/render/web_test.clj	web_test.clj:359	clojure.lang.ExceptionInfo: SSE feed closed before its expected patches.
ERROR	seon.render.web-test/render-proc-publishes-the-same-package-to-every-tab	6478	outside-step-1 observed boundary; cause unproved	test/seon/render/web_test.clj	web_test.clj:359	clojure.lang.ExceptionInfo: SSE feed closed before its expected patches.
ERROR	seon.render.web-test/slow-tab-newest-complete-page-test	6696	outside-step-1 observed boundary; cause unproved	test/seon/render/web_test.clj	web_test.clj:359	clojure.lang.ExceptionInfo: SSE feed closed before its expected patches.
ERROR	seon.render.web-test/the-feed-opener-is-a-sibling-of-the-morph-targets	6716	outside-step-1 observed boundary; cause unproved	test/seon/render/web_test.clj	CompletableFuture.java:1981	java.util.concurrent.TimeoutException: 
ERROR	seon.render.web-test/the-pass-oracle-awaits-a-held-derivation	6759	outside-step-1 observed boundary; cause unproved	test/seon/render/web_test.clj	web_test.clj:359	clojure.lang.ExceptionInfo: SSE feed closed before its expected patches.
ERROR	seon.render.web-test/two-tabs-each-get-their-own-complete-paint	6777	outside-step-1 observed boundary; cause unproved	test/seon/render/web_test.clj	CompletableFuture.java:1981	java.util.concurrent.TimeoutException: 
ERROR	seon.render.web-test/two-tabs-each-get-their-own-complete-paint	6813	outside-step-1 observed boundary; cause unproved	test/seon/render/web_test.clj	web_test.clj:359	clojure.lang.ExceptionInfo: SSE feed closed before its expected patches.
FAIL	seon.schema.program-test/database-shape-render-declarations-resolve	6835	outside-step-1 observed boundary; cause unproved	test/seon/schema/program_test.clj	program_test.clj:101	(not (contains? row :seon.render/ai))
FAIL	seon.schema.program-test/database-shape-render-declarations-resolve	6840	outside-step-1 observed boundary; cause unproved	test/seon/schema/program_test.clj	program_test.clj:102	(not (contains? row :seon.render/html))
FAIL	seon.schema.program-test/evaluation-drive-values-have-declared-leaf-shapes	6847	outside-step-1 observed boundary; cause unproved	test/seon/schema/program_test.clj	program_test.clj:84	((schema/projection-validator (schema/handed-projection) :seon.eval.drive/evaluation) receipt)
FAIL	seon.schema.program-test/program-owned-values-validate-at-their-producer	6853	outside-step-1 observed boundary; cause unproved	test/seon/schema/program_test.clj	program_test.clj:61	((schema/projection-validator (schema/handed-projection) :seon.program/row) declaration)
FAIL	seon.schema.program-test/program-owned-values-validate-at-their-producer	6857	outside-step-1 observed boundary; cause unproved	test/seon/schema/program_test.clj	program_test.clj:68	((schema/projection-validator (schema/handed-projection) :seon.program/rows) [declaration deletion])
FAIL	seon.schema.program-test/program-owned-values-validate-at-their-producer	6861	outside-step-1 observed boundary; cause unproved	test/seon/schema/program_test.clj	program_test.clj:69	((schema/projection-validator (schema/handed-projection) :seon.fn.file/artifact) artifact)
FAIL	seon.schema.program-test/program-owned-values-validate-at-their-producer	6865	outside-step-1 observed boundary; cause unproved	test/seon/schema/program_test.clj	program_test.clj:70	((schema/projection-validator (schema/handed-projection) :seon.fn.manifest/manifest) manifest)
FAIL	seon.schema.program-test/rows-have-one-canonical-persisted-shape	6871	outside-step-1 observed boundary; cause unproved	test/seon/schema/program_test.clj	program_test.clj:16	"((schema/projection-validator (schema/handed-projection) :seon.fn/fn) {:seon.fn/arglists ""([x])"", :seon.fn/ns [:seon.ns/name (quote sample)], :seon.fn/private? false, :seon.fn/source ""(defn ^{:seon.workload :io} f [x] x)"", :seon.fn/sym ""sample/f"", :seon.fn/workload :io, :seon.schema.admission/source :core})"
FAIL	seon.sci.documentation-test/a-contract-mistake-carries-the-same-documentation-as-doc	6881	stale retired-field expectation	test/seon/sci/documentation_test.clj	documentation_test.clj:263	(= :seon.instrument/contract-violated (:seon.error/kind value))
FAIL	seon.sci.documentation-test/a-contract-mistake-carries-the-same-documentation-as-doc	6886	stale retired-field expectation	test/seon/sci/documentation_test.clj	documentation_test.clj:264	(= (quote my.message/send) (:seon.instrument/contract-violated value))
FAIL	seon.sci.documentation-test/a-contract-mistake-carries-the-same-documentation-as-doc	6890	outside-step-1 observed boundary; cause unproved	test/seon/sci/documentation_test.clj	documentation_test.clj:265	(= documentation (:seon.error/doc value))
FAIL	seon.sci.documentation-test/a-contract-mistake-carries-the-same-documentation-as-doc	6895	outside-step-1 observed boundary; cause unproved	test/seon/sci/documentation_test.clj	documentation_test.clj:270	"(str/includes? (:seon.eval/shown failed) ""Example:"")"
FAIL	seon.sci.documentation-test/a-contract-mistake-carries-the-same-documentation-as-doc	6899	outside-step-1 observed boundary; cause unproved	test/seon/sci/documentation_test.clj	documentation_test.clj:271	(str/includes? (:seon.eval/shown failed) (:example documentation))
ERROR	seon.sci.documentation-test/directory-observes-a-function-installed-after-context-acquisition	6911	outside-step-1 observed boundary; cause unproved	src/seon/config.clj	instrument.clj:768	clojure.lang.ExceptionInfo: seon.config/result-caps refused effective at [:seon.config.agent/turn-completion-backstop-ms]: expected the required key :seon.config.agent/turn-completion-backstop-ms with an integer, got a map missing :seon.config.agent/turn-completion-backstop-ms. Fix: Supply :seon.config.agent/turn-completion-backstop-ms with an integer. Called from seon.sci.eval (eval.clj:671).
ERROR	seon.sci.eval-test/a-configless-database-refuses-contract-installation	6966	outside-step-1 observed boundary; cause unproved	src/seon/config.clj	instrument.clj:768	clojure.lang.ExceptionInfo: seon.config/result-caps refused effective at [:seon.config.agent/turn-completion-backstop-ms]: expected the required key :seon.config.agent/turn-completion-backstop-ms with an integer, got a map missing :seon.config.agent/turn-completion-backstop-ms. Fix: Supply :seon.config.agent/turn-completion-backstop-ms with an integer. Called from seon.sci.eval (eval.clj:671).
ERROR	seon.sci.eval-test/a-foreign-armed-context-is-refused-as-a-value	7007	outside-step-1 observed boundary; cause unproved	test/seon/sci/eval_test.clj	kernel.clj:307	"clojure.lang.ExceptionInfo: A different SCI context is already armed on this thread. Existing arm 1479803822 for interpreter 1156673519 was armed at [""seon.sci.kernel$new_armed.invoke(kernel.clj:211)"" ""seon.sci.kernel$own_arm.invokeStatic(kernel.clj:238)"" ""seon.sci.kernel$own_arm.invoke(kernel.clj:235)"" ""seon.sci.kernel$acquire_arm.invokeStatic(kernel.clj:321)"" ""seon.sci.kernel$acquire_arm.invoke(kernel.clj:293)"" ""seon.sci.kernel$arm.invokeStatic(kernel.clj:348)"" ""seon.sci.kernel$arm.invoke(kernel.clj:323)"" ""clojure.lang.AFn.applyToHelper(AFn.java:156)"" ""clojure.lang.AFn.applyTo(AFn.java:144)"""
FAIL	seon.sci.eval-test/a-refusal-keeps-its-own-kind-at-both-entrances	7052	stale retired-field expectation	test/seon/sci/eval_test.clj	eval_test.clj:2329	(= :seon.sci.eval/reader-event-count (:seon.error/kind evaluated))
FAIL	seon.sci.eval-test/a-refusal-keeps-its-own-kind-at-both-entrances	7057	stale retired-field expectation	test/seon/sci/eval_test.clj	eval_test.clj:2331	(= :seon.sci.kernel/missing-function-installer (:seon.error/kind invoked))
ERROR	seon.sci.eval-test/a-selected-render-inherits-the-live-arm-or-owns-one-when-unarmed	7066	unresolved performance/render boundary; no baseline attribution	test/seon/sci/eval_test.clj	ArraysSupport.java:914	java.lang.OutOfMemoryError: Required array length 2147483638 + 10 is too large
FAIL	seon.sci.eval-test/a-storable-declarations-committed-row-is-recognised-by-its-value	7107	outside-step-1 observed boundary; cause unproved	test/seon/sci/eval_test.clj	eval_test.clj:2383	(not= (:seon.schema/form reader-row) (:seon.schema/form canonical))
FAIL	seon.sci.eval-test/base-context-injections-have-program-rows	7152	outside-step-1 observed boundary; cause unproved	test/seon/sci/eval_test.clj	eval_test.clj:763	(empty? (set/difference injected published))
ERROR	seon.sci.eval-test/non-evaluable-agent-source-reports-its-jvm-fallback	7200	outside-step-1 observed boundary; cause unproved	src/seon/error.clj	instrument.clj:768	clojure.lang.ExceptionInfo: seon.error/diagnostic refused observation at [:seon.error/at]: expected the required key :seon.error/at with a value satisfying should be an inst, got a map missing :seon.error/at. Fix: Supply :seon.error/at with a value satisfying should be an inst. Called from seon.sci.eval (eval.clj:1580).
ERROR	seon.sci.eval-test/one-unloadable-row-cannot-prevent-cold-acquisition	7241	outside-step-1 observed boundary; cause unproved	src/seon/error.clj	instrument.clj:768	clojure.lang.ExceptionInfo: seon.error/diagnostic refused observation at [:seon.error/at]: expected the required key :seon.error/at with a value satisfying should be an inst, got a map missing :seon.error/at. Fix: Supply :seon.error/at with a value satisfying should be an inst. Called from seon.sci.eval (eval.clj:1580).
ERROR	seon.sci.eval-test/overrides-follow-current-admission-and-survive-lost-file-coordinates	7281	foreign boundary: database/error conversion (1a)	src/seon/db.clj	test_support.clj:331	clojure.lang.ExceptionInfo: Fixture write was refused at the write: seon.db/transact! refused transaction data at [3280 :seon.schema.admission/source]: expected either :core or :agent, got a keyword :core. Fix: Supply either :core or :agent at [3280 :seon.schema.admission/source]. Entity: #:seon.fn{:sym seon.id/sha-256}.
FAIL	seon.sci.eval-test/public-walk-is-callable-through-an-agent-sci-eval	7322	unresolved performance/render boundary; no baseline attribution	test/seon/sci/eval_test.clj	eval_test.clj:1883	(every? (fn* [p1__146194#] (and (int? p1__146194#) (< p1__146194# (* 1024 1024 1024)))) allocations)
FAIL	seon.sci.eval-test/schema-and-contract-declarations-have-bounded-allocation	7333	step-1 measurement or construction; corrected	test/seon/sci/eval_test.clj	eval_test.clj:1006	(< (get-in schema-evaluation [:seon.sci.admit/record :seon.eval/allocated-bytes]) allocation-limit)
FAIL	seon.sci.eval-test/unloadable-host-namespace-carries-the-cause-message-and-location	7360	stale retired-field expectation	test/seon/sci/eval_test.clj	eval_test.clj:903	(= :seon.sci.eval/namespace-unloadable (:seon.error/kind data))
FAIL	seon.sci.eval-test/unloadable-host-namespace-carries-the-cause-message-and-location	7364	outside-step-1 observed boundary; cause unproved	test/seon/sci/eval_test.clj	eval_test.clj:904	"(str/includes? cause-message ""absent.namespace"")"
ERROR	seon.sci.eval-test/unloadable-host-namespace-carries-the-cause-message-and-location	7368	outside-step-1 observed boundary; cause unproved	test/seon/sci/eval_test.clj	string.clj:371	"java.lang.NullPointerException: Cannot invoke ""Object.toString()"" because ""s"" is null"
FAIL	seon.sci.eval-test/unloadable-host-namespace-carries-the-cause-message-and-location	7404	outside-step-1 observed boundary; cause unproved	test/seon/sci/eval_test.clj	eval_test.clj:907	(pos-int? (:clojure.error/line location))
ERROR	seon.sci.eval-test/unloadable-host-namespace-carries-the-cause-message-and-location	7408	outside-step-1 observed boundary; cause unproved	test/seon/sci/eval_test.clj	string.clj:377	java.lang.ClassCastException: class clojure.lang.Keyword cannot be cast to class java.lang.CharSequence (clojure.lang.Keyword is in unnamed module of loader 'app'; java.lang.CharSequence is in module java.base of loader 'bootstrap')
FAIL	seon.sci.eval-test/unloadable-host-namespace-carries-the-cause-message-and-location	7444	outside-step-1 observed boundary; cause unproved	test/seon/sci/eval_test.clj	eval_test.clj:909	"(str/includes? (:seon.error/message data) (str ""unresolved_var_probe.clj:"" (:clojure.error/line location)))"
ERROR	seon.cluster.armed-test/a-message-committed-during-boot-arming-is-conserved	7461	outside-step-1 observed boundary; cause unproved	test/seon/cluster/armed_test.clj	test_support.clj:827	clojure.lang.ExceptionInfo: The test channel did not publish its required event.
FAIL	seon.cluster.armed-test/an-escaped-throwable-becomes-a-fact-and-a-message	7503	stale retired-field expectation	test/seon/cluster/armed_test.clj	armed_test.clj:359	(= :seon.cluster.armed-test/injected (:seon.error/kind fact))
FAIL	seon.cluster.armed-test/an-escaped-throwable-becomes-a-fact-and-a-message	7508	outside-step-1 observed boundary; cause unproved	test/seon/cluster/armed_test.clj	armed_test.clj:360	"(= ""clojure.lang.ExceptionInfo"" (:seon.error/throwable-class fact))"
FAIL	seon.cluster.armed-test/an-escaped-throwable-becomes-a-fact-and-a-message	7513	outside-step-1 observed boundary; cause unproved	test/seon/cluster/armed_test.clj	armed_test.clj:362	(= :seon.agent/turn (:seon.error/proc fact))
FAIL	seon.cluster.armed-test/an-escaped-throwable-becomes-a-fact-and-a-message	7518	outside-step-1 observed boundary; cause unproved	test/seon/cluster/armed_test.clj	armed_test.clj:363	"(= ""root"" (db/q (quote [:find ?agent-id . :in $ ?error-id :where [?error :seon.error/id ?error-id] [?error :seon.error/agent ?agent] [?agent :seon.agent/id ?agent-id]]) (clojure.core/deref connection) (:seon.error/id fact)))"
FAIL	seon.cluster.armed-test/an-escaped-throwable-becomes-a-fact-and-a-message	7526	outside-step-1 observed boundary; cause unproved	test/seon/cluster/armed_test.clj	armed_test.clj:374	(= (:seon.db.process/id handle) (:seon.error/process fact))
FAIL	seon.cluster.armed-test/an-escaped-throwable-becomes-a-fact-and-a-message	7531	outside-step-1 observed boundary; cause unproved	test/seon/cluster/armed_test.clj	armed_test.clj:379	(some? (:seon.error/data-edn fact))
FAIL	seon.cluster.armed-test/an-escaped-throwable-becomes-a-fact-and-a-message	7537	outside-step-1 observed boundary; cause unproved	test/seon/cluster/armed_test.clj	armed_test.clj:380	(map? (edn/read-string (:seon.error/data-edn fact)))
ERROR	seon.cluster.armed-test/boot-seeds-the-root-agent-and-arms-the-loop	7547	outside-step-1 observed boundary; cause unproved	src/seon/problems.clj	instrument.clj:768	clojure.lang.ExceptionInfo: seon.problems/problems refused return value at [:seon.problems/errored-receipts 0 :seon.cluster.eval/id]: expected a string, got a keyword :seon.db/invalid-read. Fix: Supply a string at [:seon.problems/errored-receipts 0 :seon.cluster.eval/id]. Called from seon.cluster (cluster.clj:3874).
FAIL	seon.cluster.armed-test/boot-seeds-the-root-agent-and-arms-the-loop	7584	outside-step-1 observed boundary; cause unproved	test/seon/cluster/armed_test.clj	armed_test.clj:152	(= :running (:clojure.core.async.flow/status (flow/ping-proc (:seon.flow/graph entry) :seon.agent/turn)))
ERROR	seon.cluster.armed-test/the-first-cluster-proc-fault-at-resume-becomes-a-fact	7601	outside-step-1 observed boundary; cause unproved	test/seon/cluster/armed_test.clj	test_support.clj:827	clojure.lang.ExceptionInfo: The test channel did not publish its required event.
FAIL	seon.cluster.armed-test/two-clusters-in-one-jvm-own-distinct-live-program-contexts	7644	stale retired-field expectation	test/seon/cluster/armed_test.clj	armed_test.clj:236	(= :seon.sci.eval/evaluation-failed (:seon.error/kind (:seon.sci.admit/value isolated-call)))
ERROR	seon.cluster.boot-test/a-generated-prefix-resumes-on-the-same-run-after-jvm-kill	8150	outside-step-1 observed boundary; cause unproved	test/seon/cluster/boot_test.clj	boot_test.clj:1740	clojure.lang.ExceptionInfo: The child JVM exited before entering derivation.
FAIL	seon.cluster.boot-test/boot-order-completes-in-one-start	8330	outside-step-1 observed boundary; cause unproved	test/seon/cluster/boot_test.clj	boot_test.clj:1470	(< -1 help-index message-index plan-index assignment-index)
ERROR	seon.cluster.boot-test/bootstrap-refuses-what-it-must	8340	outside-step-1 observed boundary; cause unproved	test/seon/cluster/boot_test.clj	cluster.clj:657	clojure.lang.ExceptionInfo: The operator root is undeclared and the cluster root resolves to the working directory.
ERROR	seon.cluster.boot-test/bootstrap-refuses-what-it-must	8377	outside-step-1 observed boundary; cause unproved	test/seon/cluster/boot_test.clj	cluster.clj:657	clojure.lang.ExceptionInfo: The operator root is undeclared and the cluster root resolves to the working directory.
FAIL	seon.cluster.boot-test/bootstrap-resolution-is-total-over-overrides	8416	outside-step-1 observed boundary; cause unproved	test/seon/cluster/boot_test.clj	boot_test.clj:365	(true? (:result check))
ERROR	seon.cluster.boot-test/cloned-publication-analyzes-only-changed-files	9108	outside-step-1 observed boundary; cause unproved	test/seon/cluster/boot_test.clj	issue.clj:123	clojure.lang.ExceptionInfo: Issue directory is absent.
ERROR	seon.cluster.boot-test/development-adoption-targets-one-of-two-cohosted-clusters	9289	outside-step-1 observed boundary; cause unproved	test/seon/cluster/boot_test.clj	string.clj:377	"java.lang.NullPointerException: Cannot invoke ""Object.toString()"" because ""s"" is null"
ERROR	seon.cluster.boot-test/development-adoption-targets-one-of-two-cohosted-clusters	9327	outside-step-1 observed boundary; cause unproved	test/seon/cluster/boot_test.clj	string.clj:377	"java.lang.NullPointerException: Cannot invoke ""Object.toString()"" because ""s"" is null"
ERROR	seon.cluster.boot-test/development-adoption-targets-one-of-two-cohosted-clusters	9363	outside-step-1 observed boundary; cause unproved	test/seon/cluster/boot_test.clj	string.clj:377	"java.lang.NullPointerException: Cannot invoke ""Object.toString()"" because ""s"" is null"
ERROR	seon.cluster.boot-test/incompatible-sovereign-schema-refusal-steers-the-operator	9545	foreign boundary: database/error conversion (1a)	src/seon/db.clj	test_support.clj:331	"clojure.lang.ExceptionInfo: Fixture write was refused at the write: seon.db/transact! refused transaction data at [0 :seon.source/activation-closure :seon.activation/executable-symbols]: expected a collection member satisfying a namespaced symbol, got a collection member that is a string. Fix: Supply a namespaced symbol at [0 :seon.source/activation-closure :seon.activation/executable-symbols]. Offending row 0: #:seon.source{:digest ""aaaaaaaaaaaaaaaaaaaaaaaaaaaaaaaaaaaaaaaaaaaaaaaaaaaaaaaaaaaaaaaa"", :activation-closure #:seon.activation{:source-digest ""aaaaaaaaaaaaaaaaaaaaaaaaaaaaaaaaaaaaaaaaa"
FAIL	seon.cluster.boot-test/incremental-source-refresh-preserves-agreement-across-real-edits	9585	outside-step-1 observed boundary; cause unproved	test/seon/cluster/boot_test.clj	boot_test.clj:1361	"(str/includes? (db/q (quote [:find ?source . :where [?function :seon.fn/sym ""sample.a/value""] [?function :seon.fn/source ?source]]) db) ""[] 4"")"
FAIL	seon.cluster.boot-test/incremental-source-refresh-preserves-agreement-across-real-edits	9590	outside-step-1 observed boundary; cause unproved	test/seon/cluster/boot_test.clj	boot_test.clj:1368	"(str/includes? (db/q (quote [:find ?source . :where [?function :seon.fn/sym ""sample.b/value""] [?function :seon.fn/source ?source]]) db) ""[] 20"")"
ERROR	seon.cluster.boot-test/partial-clusters-refuse-and-fresh-clusters-are-current	10023	outside-step-1 observed boundary; cause unproved	test/seon/cluster/boot_test.clj	test_support.clj:331	clojure.lang.ExceptionInfo: Fixture write was refused at the write: Program deletion leaves surviving referrers. Repair or retract every named referrer in the same transaction.
ERROR	seon.cluster.message-test/a-two-agent-ping-pong-cannot-run-forever	10433	outside-step-1 observed boundary; cause unproved	src/seon/cluster/message.clj	instrument.clj:768	clojure.lang.ExceptionInfo: seon.cluster.message/delivery refused return value at [:seon.error/values 0 :seon.error/at]: expected the required key :seon.error/at with a value satisfying should be an inst, got a map missing :seon.error/at. Fix: Supply :seon.error/at with a value satisfying should be an inst. Contract: :seon.message/delivery. Called from seon.cluster.message-test (message_test.clj:283).
ERROR	seon.cluster.message-test/blank-and-unknown-are-values-not-throws-test	10472	outside-step-1 observed boundary; cause unproved	src/seon/cluster/message.clj	instrument.clj:768	clojure.lang.ExceptionInfo: seon.cluster.message/inbound-tx refused return value at []: expected a collection member satisfying a map, got a collection member that is a vector. Fix: Supply a map at []. Contract: :seon.message/inbound. Called from seon.cluster.message-test (message_test.clj:833).
FAIL	seon.cluster.message-test/generated-message-histories-preserve-identity-fanout-and-depth	10511	outside-step-1 observed boundary; cause unproved	test/seon/cluster/message_test.clj	test_support.clj:935	passed?
ERROR	seon.cluster.message-test/message-terminal-formatter-preserves-database-errors	10691	outside-step-1 observed boundary; cause unproved	src/seon/cluster/message.clj	instrument.clj:768	clojure.lang.ExceptionInfo: seon.cluster.message/format-ai refused return value at []: expected nil, got a map. Fix: Supply nil at []. Called from seon.cluster.message-test (message_test.clj:190).
ERROR	seon.cluster.problem-routing-test/an-author-owned-red-form-remains-unsettled-without-self-assignment	10737	stale fixture declaration	src/seon/db.clj	test_support.clj:331	"clojure.lang.ExceptionInfo: Fixture write was refused at the write: seon.db/transact! refused transaction data at [0 :seon.error/kind]: expected an installed attribute, got an undeclared attribute :seon.error/kind. Fix: Use a declared attribute from the entity's schema. Offending row 0: {:seon.cluster.eval/error ""self-owned red"", :seon.cluster.eval/source ""(form-0)"", :seon.problems/id ""problem-0"", :seon.cluster.eval/id ""form-0"", :seon.cluster.eval/run [:seon.turn/id ""settlement-run""], :seon.cluster.eval/ordinal 0, :seon.eval/shown ""#:seon.error{:kind :probe/self-owned-red}"", :seon.cluster.eval"
ERROR	seon.cluster.problem-routing-test/parse-time-owner-wins-and-absence-falls-back-to-the-author	10778	outside-step-1 observed boundary; cause unproved	src/seon/problems.clj	instrument.clj:768	clojure.lang.ExceptionInfo: seon.problems/form-problem refused return value at [:seon.error/at]: expected the required key :seon.error/at with a value satisfying should be an inst, got a map missing :seon.error/at. Fix: Supply :seon.error/at with a value satisfying should be an inst. Called from seon.cluster.problem-routing-test (problem_routing_test.clj:112).
ERROR	seon.cluster.problem-routing-test/stored-evaluations-derive-routing-and-settlement	10817	stale fixture declaration	src/seon/db.clj	test_support.clj:331	"clojure.lang.ExceptionInfo: Fixture write was refused at the write: seon.db/transact! refused transaction data at [2 :seon.error/kind]: expected an installed attribute, got an undeclared attribute :seon.error/kind. Fix: Use a declared attribute from the entity's schema. Offending row 2: {:seon.cluster.eval/error ""red 3"", :seon.cluster.eval/source ""(form-3)"", :seon.problems/id ""problem-3"", :seon.cluster.eval/id ""form-3"", :seon.cluster.eval/ns [:seon.ns/name my.gen.alpha], :seon.cluster.eval/run [:seon.turn/id ""settlement-run""], :seon.cluster.eval/ordinal 3, :seon.eval/shown ""#:seon.error{:kind "
ERROR	seon.cluster.store-test/branch-connections-inherit-the-root-history-representation	10871	foreign boundary: database/error conversion (1a)	src/seon/db.clj	instrument.clj:768	clojure.lang.ExceptionInfo: seon.db/history refused return value at []: expected must be an immutable Datahike database value, got a map. Fix: must be an immutable Datahike database value Called from seon.cluster.store-test (store_test.clj:285).
ERROR	seon.cluster.store-test/history-policy-is-creation-fixed-and-reopens-from-the-branch-record	10926	foreign boundary: database/error conversion (1a)	src/seon/db.clj	instrument.clj:768	clojure.lang.ExceptionInfo: seon.db/history refused return value at []: expected must be an immutable Datahike database value, got a map. Fix: must be an immutable Datahike database value Called from seon.cluster.store-test (store_test.clj:223).
ERROR	seon.cluster.store-test/transact-normalizes-only-jdk-integers	10987	foreign boundary: database/error conversion (1a)	src/seon/db.clj	instrument.clj:768	clojure.lang.ExceptionInfo: seon.db/transact-call refused return value at [:db-before]: expected the required key :db-before with must be an immutable Datahike database value, got a map missing :db-before. Fix: Supply :db-before with must be an immutable Datahike database value. Called from seon.db (db.clj:4457).
FAIL	seon.turn-test/a-refused-generated-form-records-its-refusal	11034	outside-step-1 observed boundary; cause unproved	test/seon/turn_test.clj	turn_test.clj:236	"(str/includes? (str (:seon.eval/shown settled)) ""generated-read-depends-on-turns"")"
ERROR	seon.turn-test/a-refused-turn-write-is-bounded-and-commits-exactly-one-fault	11043	foreign boundary: database/error conversion (1a)	src/seon/db.clj	instrument.clj:768	clojure.lang.ExceptionInfo: seon.db/transact-call refused return value at [:db-before]: expected the required key :db-before with must be an immutable Datahike database value, got a map missing :db-before. Fix: Supply :db-before with must be an immutable Datahike database value. Called from seon.db (db.clj:4457).
ERROR	seon.turn-test/a-terminal-refusal-settles-when-its-run-has-vanished	11082	outside-step-1 observed boundary; cause unproved	src/seon/turn.clj	instrument.clj:768	clojure.lang.ExceptionInfo: seon.turn/settle! refused argument 0 (0-based) at [:seon.sci.eval/evaluation]: expected the required key :seon.sci.eval/evaluation with a map, got a map missing :seon.sci.eval/evaluation. Fix: Supply :seon.sci.eval/evaluation with a map. Contract: :seon.turn.loop/settle-request. Called from seon.turn-test (turn_test.clj:331).
ERROR	seon.turn-test/a-wake-meeting-an-open-turn-releases-without-a-fault	11121	outside-step-1 observed boundary; cause unproved	src/seon/turn.clj	instrument.clj:768	clojure.lang.ExceptionInfo: seon.turn/system-turn refused return value at [:seon.render.walk/units]: expected a vector, got nil. Fix: Supply a vector at [:seon.render.walk/units]. Called from seon.turn (turn.clj:4105).
FAIL	seon.turn-test/compaction-refuses-an-open-turn-at-the-writer	11247	stale retired-field expectation	test/seon/turn_test.clj	turn_test.clj:258	(some? (:seon.error/kind result))
FAIL	seon.turn-test/fault-unit-lists-agent-faults-newest-first-with-run-links	11256	outside-step-1 observed boundary; cause unproved	test/seon/turn_test.clj	turn_test.clj:2125	"(= [:h2 ""Faults (2)""] (nth rendered 2))"
FAIL	seon.turn-test/fault-unit-lists-agent-faults-newest-first-with-run-links	11260	outside-step-1 observed boundary; cause unproved	test/seon/turn_test.clj	turn_test.clj:2126	"(= [""newer fault"" ""older fault""] (mapv (fn* [p1__150656#] (some #{""newer fault"" ""older fault""} (tree-seq coll? seq p1__150656#))) (subvec rendered 3)))"
ERROR	seon.turn-test/fault-unit-lists-agent-faults-newest-first-with-run-links	11264	outside-step-1 observed boundary; cause unproved	test/seon/turn_test.clj	PersistentVector.java:162	java.lang.IndexOutOfBoundsException: 
FAIL	seon.turn-test/generated-read-evidence-rejects-turn-activity	11302	stale retired-field expectation	test/seon/turn_test.clj	turn_test.clj:162	(= :seon.turn/generated-read-depends-on-turns (:seon.error/kind fault))
FAIL	seon.turn-test/generated-read-evidence-rejects-turn-activity	11307	outside-step-1 observed boundary; cause unproved	test/seon/turn_test.clj	turn_test.clj:164	(= source (get-in fault [:seon.error/data :seon.error/diagnostic-offending]))
FAIL	seon.turn-test/generated-read-evidence-rejects-turn-activity	11311	outside-step-1 observed boundary; cause unproved	test/seon/turn_test.clj	turn_test.clj:165	(= #{:seon.turn/id} (get-in fault [:seon.error/data :seon.error/diagnostic-evidence :datahike.read/attributes]))
FAIL	seon.turn-test/generated-system-runs-grow-only-after-their-settled-prefix	11318	outside-step-1 observed boundary; cause unproved	test/seon/turn_test.clj	turn_test.clj:1176	"(= :seon.turn/generated-prefix-unsettled (:seon.turn/rule (transact-or-refusal connection (turn/append-generated-tx {:seon.cluster.eval/at t0, :seon.cluster.eval/ordinal 1, :seon.cluster.eval/source ""(dir 'my.turn)"", :seon.db.process/id ""generated-process"", :seon.ns/name (quote my.agents.generated), :seon.turn/id ""generated-run""}))))"
FAIL	seon.turn-test/receipt-transitions-preserve-one-terminal-outcome	11340	outside-step-1 observed boundary; cause unproved	test/seon/turn_test.clj	turn_test.clj:1529	(= :seon.turn/run-closed (:seon.turn/rule (transact-or-refusal connection (start-tx start))))
ERROR	seon.turn-test/run-derives-its-opening-database-and-starting-namespace	11400	outside-step-1 observed boundary; cause unproved	src/seon/turn.clj	instrument.clj:768	clojure.lang.ExceptionInfo: seon.turn/opening-db refused return value at []: expected must be an immutable Datahike database value, got a map. Fix: must be an immutable Datahike database value Called from seon.turn-test (turn_test.clj:1253).
FAIL	seon.turn-test/settlement-refuses-a-divergent-program-change-since-opening	11445	outside-step-1 observed boundary; cause unproved	test/seon/turn_test.clj	turn_test.clj:1600	(= :seon.turn/program-row-changed-after-open (:seon.turn/rule (settle! run-b 1 #:seon.program{:row (function-row 2)})))
ERROR	seon.turn-test/system-run-refuses-a-concurrent-namespace-reassignment	11455	foreign boundary: database/error conversion (1a)	src/seon/db.clj	instrument.clj:768	clojure.lang.ExceptionInfo: seon.db/transact-call refused return value at [:db-before]: expected the required key :db-before with must be an immutable Datahike database value, got a map missing :db-before. Fix: Supply :db-before with must be an immutable Datahike database value. Called from seon.db (db.clj:4457).
ERROR	seon.turn-test/virtual-turns-use-the-proc-and-compaction-is-agent-scoped	11790	outside-step-1 observed boundary; cause unproved	src/seon/error.clj	instrument.clj:768	clojure.lang.ExceptionInfo: seon.error/diagnostic refused observation at [:seon.error/at]: expected the required key :seon.error/at with a value satisfying should be an inst, got a map missing :seon.error/at. Fix: Supply :seon.error/at with a value satisfying should be an inst. Called from seon.eval (eval.clj:35).
ERROR	seon.turn-test/virtual-turns-use-the-proc-and-compaction-is-agent-scoped	11827	outside-step-1 observed boundary; cause unproved	src/seon/turn.clj	instrument.clj:768	clojure.lang.ExceptionInfo: seon.turn/system-turn refused return value at [:seon.render.walk/units]: expected a vector, got nil. Fix: Supply a vector at [:seon.render.walk/units]. Called from seon.turn-test (turn_test.clj:621).
ERROR	seon.turn-work-test/only-a-turn-whose-reply-came-from-a-model-attempt-answers	11882	stale fixture declaration	src/seon/db.clj	test_support.clj:331	"clojure.lang.ExceptionInfo: Fixture write was refused at the write: seon.db/transact! refused transaction data at [0 :seon.error/kind]: expected an installed attribute, got an undeclared attribute :seon.error/kind. Fix: Use a declared attribute from the entity's schema. Offending row 0: #:seon.error{:id ""provider-failure"", :kind :seon.ai/no-credential, :message ""no credential""}."
ERROR	seon.test.accretion-test/a-gate-test-runs-with-its-authors-cluster-custody	12005	outside-step-1 observed boundary; cause unproved	test/seon/test/accretion_test.clj	accretion_test.clj:18	clojure.lang.ExceptionInfo: Auto-check fixture admission failed.
ERROR	seon.test.accretion-test/auto-check-is-seeded-shrunk-and-derived-pure	12044	outside-step-1 observed boundary; cause unproved	test/seon/test/accretion_test.clj	accretion_test.clj:18	clojure.lang.ExceptionInfo: Auto-check fixture admission failed.
ERROR	seon.test.accretion-test/candidate-tests-run-on-a-copy-on-write-turn-fork	12083	outside-step-1 observed boundary; cause unproved	test/seon/test/accretion_test.clj	accretion_test.clj:18	clojure.lang.ExceptionInfo: Auto-check fixture admission failed.
ERROR	seon.test.accretion-test/one-gate-set-query-includes-edges-subjects-and-pending-tests	12124	outside-step-1 observed boundary; cause unproved	test/seon/test/accretion_test.clj	accretion_test.clj:18	clojure.lang.ExceptionInfo: Auto-check fixture admission failed.
ERROR	seon.test.accretion-test/refused-install-feedback-is-complete-grouped-and-renderable	12165	stale fixture declaration	src/seon/test/accretion.clj	instrument.clj:768	clojure.lang.ExceptionInfo: seon.test.accretion/gate-report refused argument 0 (0-based) at [:seon.fn/sym]: expected a namespaced symbol, got a string. Fix: Supply a namespaced symbol at [:seon.fn/sym]. Contract: :seon.test.accretion/gate-report-request. Called from seon.test.accretion-test (accretion_test.clj:31).
ERROR	seon.turn-loop-test/a-boot-built-database-takes-every-row-the-turn-writes	12217	foreign boundary: database/error conversion (1a)	src/seon/db.clj	instrument.clj:768	clojure.lang.ExceptionInfo: seon.db/transact-call refused return value at [:db-before]: expected the required key :db-before with must be an immutable Datahike database value, got a map missing :db-before. Fix: Supply :db-before with must be an immutable Datahike database value. Called from seon.db (db.clj:4457).
ERROR	seon.turn-loop-test/a-clean-last-form-without-a-disposition-is-loud-terminal-evidence	12257	outside-step-1 observed boundary; cause unproved	src/seon/eval/drive.clj	instrument.clj:768	clojure.lang.ExceptionInfo: seon.eval.drive/run-receipts refused return value at [0 :seon.error/at]: expected the required key :seon.error/at with a value satisfying should be an inst, got a map missing :seon.error/at. Fix: Supply :seon.error/at with a value satisfying should be an inst. Called from seon.eval.drive (drive.clj:245).
FAIL	seon.turn-loop-test/a-refused-phase-escalates-once-per-signature-and-never-to-itself	12302	outside-step-1 observed boundary; cause unproved	test/seon/turn_loop_test.clj	turn_loop_test.clj:989	"(= [[] [] [""supervisor""] [] [] []] (mapv (fn [_] (refuse-phase! connection ""supervisor"" ""worker"")) (range 6)))"
ERROR	seon.turn-loop-test/a-refused-terminal-commit-still-closes-the-run	12311	outside-step-1 observed boundary; cause unproved	src/seon/turn.clj	instrument.clj:768	clojure.lang.ExceptionInfo: seon.turn/settle! refused return value at [:seon.turn.loop/settled]: expected the required key :seon.turn.loop/settled with nil or a map or a map, got a map missing :seon.turn.loop/settled. Fix: Supply :seon.turn.loop/settled with nil or a map or a map. Contract: :seon.turn.loop/settlement. Called from seon.turn-loop-test (turn_loop_test.clj:1511).
ERROR	seon.turn-loop-test/install-gate-failure-settles-the-started-receipt-as-a-failure	12368	outside-step-1 observed boundary; cause unproved	src/seon/turn.clj	instrument.clj:768	clojure.lang.ExceptionInfo: seon.turn/settle! refused argument 0 (0-based) at [:seon.sci.eval/evaluation]: expected the required key :seon.sci.eval/evaluation with a map, got a map missing :seon.sci.eval/evaluation. Fix: Supply :seon.sci.eval/evaluation with a map. Contract: :seon.turn.loop/settle-request. Called from seon.turn-loop-test (turn_loop_test.clj:1388).
ERROR	seon.turn-loop-test/prompt-and-call-resolve-once-record-settings-and-see-next-turn-config	12411	outside-step-1 observed boundary; cause unproved	src/seon/turn.clj	instrument.clj:768	clojure.lang.ExceptionInfo: seon.turn/system-turn refused return value at [:seon.render.walk/units]: expected a vector, got nil. Fix: Supply a vector at [:seon.render.walk/units]. Called from seon.turn-loop-test (turn_loop_test.clj:834).
ERROR	seon.turn-loop-test/refused-generated-opening-captures-evidence-before-close	12454	outside-step-1 observed boundary; cause unproved	src/seon/context.clj	instrument.clj:768	clojure.lang.ExceptionInfo: seon.context/capture-tx refused request at [:seon.cluster.prompt/rendered-context]: expected the required key :seon.cluster.prompt/rendered-context with a map, got a map missing :seon.cluster.prompt/rendered-context. Fix: Supply :seon.cluster.prompt/rendered-context with a map. Contract: :seon.context/capture-request. Called from seon.turn (turn.clj:4330).
FAIL	seon.schedule-test/firing-requires-the-callers-cluster-execution-context	12509	stale retired-field expectation	test/seon/schedule_test.clj	schedule_test.clj:26	(= :seon.instrument/contract-violated (:seon.error/kind refusal))
FAIL	seon.schedule-test/firing-requires-the-callers-cluster-execution-context	12513	stale retired-field expectation	test/seon/schedule_test.clj	schedule_test.clj:27	(= (quote seon.schedule/fire-due!) (:seon.instrument/contract-violated refusal))
FAIL	seon.schedule-test/returned-and-thrown-handler-errors-use-the-existing-root-wake	12525	stale retired-field expectation	test/seon/schedule_test.clj	schedule_test.clj:383	(= expected-kind (db/q (quote [:find ?kind . :where [_ :seon.error/kind ?kind]]) (clojure.core/deref connection)))
FAIL	seon.schedule-test/returned-and-thrown-handler-errors-use-the-existing-root-wake	12530	stale retired-field expectation	test/seon/schedule_test.clj	schedule_test.clj:383	(= expected-kind (db/q (quote [:find ?kind . :where [_ :seon.error/kind ?kind]]) (clojure.core/deref connection)))
ERROR	seon.cluster.prompt-test/a-budget-larger-than-the-history-composes-the-same-bytes	12547	step-1 caller custody; corrected	src/seon/turn.clj	instrument.clj:768	clojure.lang.ExceptionInfo: seon.turn/disposition refused projection at []: expected a value satisfying should be a map, got nil. Fix: Supply a value satisfying should be a map at []. Called from seon.turn (turn.clj:4488).
ERROR	seon.cluster.prompt-test/a-held-turn-can-render-without-a-message-trigger	12588	step-1 caller custody; corrected	src/seon/turn.clj	instrument.clj:768	clojure.lang.ExceptionInfo: seon.turn/disposition refused projection at []: expected a value satisfying should be a map, got nil. Fix: Supply a value satisfying should be a map at []. Called from seon.turn (turn.clj:4488).
ERROR	seon.cluster.prompt-test/a-replay-under-a-selecting-budget-reconstructs-its-own-capture	12627	step-1 caller custody; corrected	src/seon/turn.clj	instrument.clj:768	clojure.lang.ExceptionInfo: seon.turn/disposition refused projection at []: expected a value satisfying should be a map, got nil. Fix: Supply a value satisfying should be a map at []. Called from seon.turn (turn.clj:4488).
ERROR	seon.cluster.prompt-test/basis-only-transactions-do-not-append-history	12666	step-1 caller custody; corrected	src/seon/turn.clj	instrument.clj:768	clojure.lang.ExceptionInfo: seon.turn/disposition refused projection at []: expected a value satisfying should be a map, got nil. Fix: Supply a value satisfying should be a map at []. Called from seon.turn (turn.clj:4488).
ERROR	seon.cluster.prompt-test/calibration-uses-the-agents-recent-attempts-and-config-prior	12705	step-1 caller custody; corrected	src/seon/turn.clj	instrument.clj:768	clojure.lang.ExceptionInfo: seon.turn/disposition refused projection at []: expected a value satisfying should be a map, got nil. Fix: Supply a value satisfying should be a map at []. Called from seon.turn (turn.clj:4488).
ERROR	seon.cluster.prompt-test/identical-context-does-not-depend-on-a-retained-prompt-cache	12746	step-1 caller custody; corrected	src/seon/turn.clj	instrument.clj:768	clojure.lang.ExceptionInfo: seon.turn/disposition refused projection at []: expected a value satisfying should be a map, got nil. Fix: Supply a value satisfying should be a map at []. Called from seon.turn (turn.clj:4488).
ERROR	seon.cluster.prompt-test/later-evaluations-preserve-the-opening-history	12785	step-1 caller custody; corrected	src/seon/turn.clj	instrument.clj:768	clojure.lang.ExceptionInfo: seon.turn/disposition refused projection at []: expected a value satisfying should be a map, got nil. Fix: Supply a value satisfying should be a map at []. Called from seon.turn (turn.clj:4488).
ERROR	seon.cluster.prompt-test/prompt-prices-the-exact-retained-history	12824	step-1 caller custody; corrected	src/seon/turn.clj	instrument.clj:768	clojure.lang.ExceptionInfo: seon.turn/disposition refused projection at []: expected a value satisfying should be a map, got nil. Fix: Supply a value satisfying should be a map at []. Called from seon.turn (turn.clj:4488).
ERROR	seon.cluster.prompt-test/provider-calibration-reports-over-budget-without-refusing	12863	step-1 caller custody; corrected	src/seon/turn.clj	instrument.clj:768	clojure.lang.ExceptionInfo: seon.turn/disposition refused projection at []: expected a value satisfying should be a map, got nil. Fix: Supply a value satisfying should be a map at []. Called from seon.turn (turn.clj:4488).
ERROR	seon.cluster.prompt-test/the-prompt-budget-selects-and-still-reports-its-verdict	12904	step-1 caller custody; corrected	src/seon/turn.clj	instrument.clj:768	clojure.lang.ExceptionInfo: seon.turn/disposition refused projection at []: expected a value satisfying should be a map, got nil. Fix: Supply a value satisfying should be a map at []. Called from seon.turn (turn.clj:4488).
ERROR	seon.cluster.prompt-test/unobserved-messages-do-not-rewrite-stored-history	12943	step-1 caller custody; corrected	src/seon/turn.clj	instrument.clj:768	clojure.lang.ExceptionInfo: seon.turn/disposition refused projection at []: expected a value satisfying should be a map, got nil. Fix: Supply a value satisfying should be a map at []. Called from seon.turn (turn.clj:4488).
